# Blender 5.2.2 LTS
# www.blender.org
mtllib tower_walls.mtl
o Cylinder_wall
v 0.004905 0.327882 0.004525
v 0.004613 0.325343 0.798243
v 0.238250 0.233360 0.005002
v 0.236292 0.231743 0.795695
v 0.333345 -0.000313 0.004741
v 0.331912 -0.003357 0.797840
v 0.237459 -0.232531 0.004874
v 0.238250 -0.238331 0.800002
v 0.005238 -0.328442 0.004746
v 0.002878 -0.332953 0.796525
v -0.228440 -0.233331 0.005002
v -0.226409 -0.230804 0.796196
v -0.322963 0.000014 0.004525
v -0.320195 0.000148 0.799019
v -0.228440 0.233360 0.005002
v -0.225927 0.230586 0.796687
v 0.004905 0.325597 0.111945
v 0.004905 0.325597 0.226231
v 0.004905 0.325597 0.340517
v 0.004687 0.325027 0.457416
v 0.004687 0.325027 0.571702
v 0.004687 0.325027 0.685987
v 0.234496 0.230260 0.684579
v 0.234496 0.230260 0.570294
v 0.234496 0.230260 0.456008
v 0.238250 0.233360 0.337859
v 0.238250 0.233360 0.223574
v 0.238250 0.233360 0.109288
v 0.330761 0.002637 0.684741
v 0.330761 0.002637 0.570455
v 0.330761 0.002637 0.456170
v 0.331907 0.003013 0.340209
v 0.331907 0.003013 0.225924
v 0.331907 0.003013 0.111638
v 0.002155 -0.325865 0.685041
v 0.002155 -0.325865 0.570756
v 0.002155 -0.325865 0.456470
v 0.001907 -0.326987 0.340209
v 0.001907 -0.326988 0.225924
v 0.001907 -0.326987 0.111638
v -0.225339 -0.229472 0.686416
v -0.225339 -0.229472 0.572130
v -0.225339 -0.229472 0.457844
v -0.228440 -0.233331 0.337859
v -0.228440 -0.233331 0.223574
v -0.228440 -0.233331 0.109288
v -0.320174 0.000108 0.686595
v -0.320174 0.000108 0.572309
v -0.320174 0.000108 0.458023
v -0.320678 0.000014 0.340517
v -0.320678 0.000014 0.226231
v -0.320678 0.000014 0.111945
v -0.225372 0.229973 0.687744
v -0.225372 0.229973 0.573458
v -0.225372 0.229973 0.459173
v -0.228440 0.233360 0.337859
v -0.228440 0.233360 0.223574
v -0.228440 0.233360 0.109288
v 0.285660 -0.135508 0.531002
v 0.203419 -0.290856 0.584977
v 0.009575 -0.328198 0.464931
v 0.235042 -0.231052 0.461847
v 0.333065 -0.004635 0.464931
v 0.004905 0.325014 0.723812
v 0.004905 0.325014 0.761907
v 0.010139 -0.333202 0.464893
v 0.201752 -0.293056 0.588409
v 0.331369 0.003550 0.761907
v 0.331369 0.003550 0.723812
v 0.001369 -0.326450 0.761907
v 0.001369 -0.326450 0.723812
v -0.002602 0.331642 0.304764
v -0.002602 0.331642 0.228574
v -0.320095 0.000014 0.761907
v -0.320095 0.000014 0.723812
v 0.012780 0.332010 0.304764
v 0.012780 0.332010 0.228574
v 0.004905 0.325014 0.609526
v 0.004905 0.325014 0.647621
v 0.236245 -0.240353 0.464416
v 0.237398 -0.239456 0.002873
v 0.331369 0.003550 0.647621
v 0.331369 0.003550 0.609526
v 0.001369 -0.326450 0.647621
v 0.001369 -0.326450 0.609526
v -0.002602 0.331642 0.190478
v -0.002407 0.332626 0.003007
v -0.320095 0.000014 0.647621
v -0.320095 0.000014 0.609526
v 0.012780 0.332010 0.190478
v 0.012780 0.332010 0.114288
v 0.004905 0.325014 0.495240
v 0.004905 0.325014 0.533336
v 0.009533 -0.333919 0.002858
v 0.123194 -0.286142 0.003618
v 0.331369 0.003550 0.533336
v 0.331369 0.003550 0.495240
v 0.001369 -0.326450 0.533336
v 0.001369 -0.326450 0.495240
v -0.231437 0.236356 0.038098
v -0.327707 0.007326 0.796998
v -0.320095 0.000014 0.533336
v -0.320095 0.000014 0.495240
v 0.012780 0.332010 0.076193
v 0.336900 0.007889 0.038098
v 0.004905 0.325014 0.380955
v 0.004905 0.325014 0.419050
v 0.294820 -0.073811 0.801348
v 0.336666 -0.003777 0.796002
v 0.331369 0.003550 0.419050
v 0.331369 0.003550 0.380955
v 0.001369 -0.326450 0.419050
v 0.001369 -0.326450 0.380955
v -0.232227 0.237146 0.796851
v -0.232227 0.237146 0.003154
v -0.320095 0.000014 0.419050
v -0.320095 0.000014 0.380955
v 0.337884 0.007693 0.796998
v 0.337884 0.007693 0.003007
v 0.004905 0.325014 0.266669
v 0.004905 0.325014 0.304764
v 0.284956 -0.139910 0.529747
v 0.335903 -0.004319 0.464916
v 0.331369 0.003550 0.304764
v 0.331369 0.003550 0.266669
v 0.001369 -0.326450 0.304764
v 0.001369 -0.326450 0.266669
v -0.327707 0.007326 0.003007
v -0.326723 0.007522 0.038098
v -0.320095 0.000014 0.304764
v -0.320095 0.000014 0.266669
v 0.241614 0.236723 0.038098
v 0.012780 0.332010 0.761907
v 0.004905 0.325014 0.152383
v 0.004905 0.325014 0.190478
v 0.336680 -0.003824 0.002869
v 0.242241 -0.231117 0.463080
v 0.331369 0.003550 0.190478
v 0.331369 0.003550 0.152383
v 0.001369 -0.326450 0.190478
v 0.001369 -0.326450 0.152383
v -0.002602 0.331642 0.114288
v -0.002602 0.331642 0.076193
v -0.320095 0.000014 0.190478
v -0.320095 0.000014 0.152383
v 0.012584 0.332994 0.796998
v 0.242404 0.237514 0.796851
v 0.242237 -0.231725 0.002877
v 0.288893 -0.117515 0.003599
v 0.331369 0.003550 0.076193
v 0.331369 0.003550 0.038098
v 0.004905 0.325014 0.038098
v 0.004905 0.325014 0.076193
v 0.001369 -0.326450 0.076193
v 0.001369 -0.326450 0.038097
v -0.002407 0.332626 0.796998
v -0.002602 0.331642 0.761907
v -0.320095 0.000014 0.076193
v -0.320095 0.000014 0.038098
v 0.242404 0.237514 0.003154
v 0.012584 0.332994 0.003007
v 0.121580 -0.281664 0.005002
v 0.286583 -0.116660 0.005002
v 0.291379 -0.071952 0.802260
v 0.077013 -0.283173 0.787840
v 0.008173 -0.328725 0.795336
v 0.333604 -0.003251 0.795349
v -0.168296 0.253158 0.687351
v -0.109959 0.277321 0.687351
v -0.051623 0.301485 0.687351
v -0.296787 0.056634 0.687925
v -0.272623 0.114970 0.687925
v -0.248460 0.173307 0.687925
v -0.248244 -0.173189 0.687370
v -0.272408 -0.114852 0.687370
v -0.296572 -0.056516 0.687370
v -0.051518 -0.301203 0.685733
v -0.109854 -0.277039 0.685733
v -0.168191 -0.252875 0.685733
v 0.258054 0.173218 0.684063
v 0.282218 0.114881 0.684063
v 0.306382 0.056545 0.684063
v 0.061328 0.301231 0.685700
v 0.119664 0.277068 0.685700
v 0.178000 0.252904 0.685700
v 0.084185 -0.244266 0.683651
v 0.249185 -0.079266 0.683651
v -0.168296 0.253158 0.573065
v -0.109959 0.277321 0.573065
v -0.051623 0.301485 0.573065
v -0.296787 0.056634 0.573639
v -0.272623 0.114970 0.573639
v -0.248460 0.173307 0.573639
v -0.248244 -0.173189 0.573084
v -0.272408 -0.114852 0.573084
v -0.296572 -0.056516 0.573084
v -0.051518 -0.301203 0.571447
v -0.109854 -0.277039 0.571447
v -0.168191 -0.252875 0.571447
v 0.258054 0.173218 0.569778
v 0.282218 0.114881 0.569778
v 0.306382 0.056545 0.569778
v 0.061328 0.301231 0.571415
v 0.119664 0.277068 0.571415
v 0.178000 0.252904 0.571415
v 0.084185 -0.244266 0.569366
v 0.249185 -0.079266 0.569366
v -0.179963 0.248325 0.458779
v -0.133294 0.267656 0.458779
v -0.086625 0.286987 0.458779
v -0.039956 0.306318 0.458779
v -0.301620 0.044967 0.459353
v -0.282289 0.091636 0.459353
v -0.262958 0.138305 0.459353
v -0.243627 0.184974 0.459353
v -0.243412 -0.184856 0.458798
v -0.262743 -0.138187 0.458798
v -0.282074 -0.091518 0.458798
v -0.301405 -0.044849 0.458798
v -0.039851 -0.306035 0.457161
v -0.086520 -0.286704 0.457161
v -0.133189 -0.267373 0.457161
v -0.179858 -0.248042 0.457161
v 0.253222 0.184885 0.455492
v 0.272553 0.138216 0.455492
v 0.291883 0.091547 0.455492
v 0.311214 0.044878 0.455492
v 0.049661 0.306064 0.457129
v 0.096330 0.286733 0.457129
v 0.142999 0.267402 0.457129
v 0.189668 0.248071 0.457129
v 0.067685 -0.260766 0.455080
v 0.170210 -0.196869 0.434956
v 0.235877 -0.131295 0.434883
v 0.265341 -0.063208 0.455005
v -0.002248 -0.331259 0.038097
v -0.002052 -0.332243 0.003007
v -0.231872 -0.236763 0.003153
v -0.231872 -0.236763 0.796851
v -0.002052 -0.332243 0.796998
v -0.231082 -0.235972 0.038097
v -0.327352 -0.006942 0.003007
v -0.327352 -0.006942 0.796998
v -0.326368 -0.007138 0.038098
v -0.002248 -0.331259 0.723812
v -0.002248 -0.331259 0.685717
v -0.002248 -0.331259 0.609526
v -0.002248 -0.331259 0.571431
v -0.002248 -0.331259 0.495240
v -0.002248 -0.331259 0.457145
v -0.002248 -0.331259 0.380955
v -0.002248 -0.331259 0.342859
v -0.002248 -0.331259 0.266669
v -0.002248 -0.331259 0.228574
v -0.002248 -0.331259 0.152383
v -0.002248 -0.331259 0.114288
v -0.231082 -0.235972 0.723812
v -0.231082 -0.235972 0.685717
v -0.231082 -0.235972 0.609526
v -0.231082 -0.235972 0.571431
v -0.231082 -0.235972 0.495240
v -0.231082 -0.235972 0.457145
v -0.231082 -0.235972 0.380955
v -0.231082 -0.235972 0.342859
v -0.231082 -0.235972 0.266669
v -0.231082 -0.235972 0.228574
v -0.231082 -0.235972 0.152383
v -0.231082 -0.235972 0.114288
v -0.326368 -0.007138 0.723812
v -0.326368 -0.007138 0.685717
v -0.326368 -0.007138 0.609526
v -0.326368 -0.007138 0.571431
v -0.326368 -0.007138 0.495240
v -0.326368 -0.007138 0.457145
v -0.326368 -0.007138 0.380955
v -0.326368 -0.007138 0.342859
v -0.326368 -0.007138 0.266669
v -0.326368 -0.007138 0.228574
v -0.326368 -0.007138 0.152383
v -0.326368 -0.007138 0.114288
v -0.307322 -0.050918 0.457145
v -0.302489 -0.062586 0.571431
v -0.302489 -0.062586 0.685717
v -0.186035 -0.254219 0.457145
v -0.174368 -0.259052 0.571431
v -0.174368 -0.259052 0.685717
v -0.002248 -0.331259 0.761907
v -0.231082 -0.235972 0.761907
v -0.326368 -0.007138 0.761907
v -0.002248 -0.331259 0.647621
v -0.231082 -0.235972 0.647621
v -0.326368 -0.007138 0.647621
v -0.002248 -0.331259 0.533336
v -0.231082 -0.235972 0.533336
v -0.326368 -0.007138 0.533336
v -0.002248 -0.331259 0.419050
v -0.231082 -0.235972 0.419050
v -0.326368 -0.007138 0.419050
v -0.002248 -0.331259 0.304764
v -0.231082 -0.235972 0.304764
v -0.326368 -0.007138 0.304764
v -0.002248 -0.331259 0.190478
v -0.231082 -0.235972 0.190478
v -0.326368 -0.007138 0.190478
v -0.002248 -0.331259 0.076193
v -0.231082 -0.235972 0.076193
v -0.326368 -0.007138 0.076193
v -0.254162 -0.179258 0.685717
v -0.278325 -0.120922 0.685717
v -0.057695 -0.307380 0.685717
v -0.116031 -0.283216 0.685717
v -0.254162 -0.179258 0.571431
v -0.278325 -0.120922 0.571431
v -0.057695 -0.307380 0.571431
v -0.116031 -0.283216 0.571431
v -0.249329 -0.190925 0.457145
v -0.268660 -0.144256 0.457145
v -0.287991 -0.097587 0.457145
v -0.046028 -0.312212 0.457145
v -0.092697 -0.292881 0.457145
v -0.139366 -0.273550 0.457145
v -0.002602 0.331642 0.342859
v -0.002602 0.331642 0.419050
v -0.002602 0.331642 0.457145
v -0.002602 0.331642 0.533336
v -0.002602 0.331642 0.571431
v -0.002602 0.331642 0.647621
v -0.002602 0.331642 0.685717
v -0.328708 0.010561 0.723211
v -0.328863 0.010713 0.685717
v -0.326723 0.007522 0.609526
v -0.326723 0.007522 0.571431
v -0.326723 0.007522 0.495240
v -0.326723 0.007522 0.457145
v -0.326723 0.007522 0.380955
v -0.326723 0.007522 0.342859
v -0.326723 0.007522 0.266669
v -0.326723 0.007522 0.228574
v -0.326723 0.007522 0.152383
v -0.326723 0.007522 0.114288
v -0.234661 0.234941 0.723183
v -0.234956 0.234891 0.685717
v -0.231437 0.236356 0.609526
v -0.231437 0.236356 0.571431
v -0.231437 0.236356 0.495240
v -0.231437 0.236356 0.457145
v -0.231437 0.236356 0.380955
v -0.231437 0.236356 0.342859
v -0.231437 0.236356 0.266669
v -0.231437 0.236356 0.228574
v -0.231437 0.236356 0.152383
v -0.231437 0.236356 0.114288
v -0.046382 0.312596 0.457145
v -0.058050 0.307763 0.571431
v -0.058050 0.307763 0.685717
v -0.249684 0.191309 0.457145
v -0.254516 0.179642 0.571431
v -0.002602 0.331642 0.723812
v -0.326723 0.007522 0.761907
v -0.231437 0.236356 0.761907
v -0.002602 0.331642 0.609526
v -0.326867 0.007936 0.648264
v -0.231764 0.236102 0.648209
v -0.002602 0.331642 0.495240
v -0.326723 0.007522 0.533336
v -0.231437 0.236356 0.533336
v -0.002602 0.331642 0.380955
v -0.326723 0.007522 0.419050
v -0.231437 0.236356 0.419050
v -0.002602 0.331642 0.266669
v -0.326723 0.007522 0.304764
v -0.231437 0.236356 0.304764
v -0.002602 0.331642 0.152383
v -0.326723 0.007522 0.190478
v -0.231437 0.236356 0.190478
v -0.002602 0.331642 0.038098
v -0.326723 0.007522 0.076193
v -0.231437 0.236356 0.076193
v -0.174722 0.259436 0.685717
v -0.116386 0.283599 0.685717
v -0.174722 0.259436 0.571431
v -0.116386 0.283599 0.571431
v -0.302844 0.062969 0.571431
v -0.278680 0.121305 0.571431
v -0.186390 0.254603 0.457145
v -0.139721 0.273934 0.457145
v -0.093052 0.293265 0.457145
v -0.307677 0.051302 0.457145
v -0.288346 0.097971 0.457145
v -0.269015 0.144640 0.457145
v 0.012780 0.332010 0.342859
v 0.012780 0.332010 0.419050
v 0.012780 0.332010 0.457145
v 0.012780 0.332010 0.533336
v 0.012780 0.332010 0.571431
v 0.012780 0.332010 0.647621
v 0.012780 0.332010 0.685717
v 0.241614 0.236723 0.723812
v 0.241614 0.236723 0.685717
v 0.241614 0.236723 0.609526
v 0.241614 0.236723 0.571431
v 0.241614 0.236723 0.495240
v 0.241614 0.236723 0.457145
v 0.241614 0.236723 0.380955
v 0.241614 0.236723 0.342859
v 0.241614 0.236723 0.266669
v 0.241614 0.236723 0.228574
v 0.241614 0.236723 0.152383
v 0.241614 0.236723 0.114288
v 0.336900 0.007889 0.723812
v 0.336900 0.007889 0.685717
v 0.336900 0.007889 0.609526
v 0.336900 0.007889 0.571431
v 0.336900 0.007889 0.495240
v 0.336900 0.007889 0.457145
v 0.336900 0.007889 0.380955
v 0.336900 0.007889 0.342859
v 0.336900 0.007889 0.266669
v 0.336900 0.007889 0.228574
v 0.336900 0.007889 0.152383
v 0.336900 0.007889 0.114288
v 0.317854 0.051669 0.457145
v 0.313021 0.063336 0.571431
v 0.313021 0.063336 0.685717
v 0.196567 0.254970 0.457145
v 0.184900 0.259803 0.571431
v 0.184900 0.259803 0.685717
v 0.012780 0.332010 0.723812
v 0.241614 0.236723 0.761907
v 0.336900 0.007889 0.761907
v 0.012780 0.332010 0.609526
v 0.241614 0.236723 0.647621
v 0.336900 0.007889 0.647621
v 0.012780 0.332010 0.495240
v 0.241614 0.236723 0.533336
v 0.336900 0.007889 0.533336
v 0.012780 0.332010 0.380955
v 0.241614 0.236723 0.419050
v 0.336900 0.007889 0.419050
v 0.012780 0.332010 0.266669
v 0.241614 0.236723 0.304764
v 0.336900 0.007889 0.304764
v 0.012780 0.332010 0.152383
v 0.241614 0.236723 0.190478
v 0.336900 0.007889 0.190478
v 0.241614 0.236723 0.076193
v 0.336900 0.007889 0.076193
v 0.012780 0.332010 0.038098
v 0.264694 0.180009 0.685717
v 0.288857 0.121673 0.685717
v 0.068227 0.308131 0.685717
v 0.126563 0.283967 0.685717
v 0.264694 0.180009 0.571431
v 0.288857 0.121673 0.571431
v 0.068227 0.308131 0.571431
v 0.126563 0.283967 0.571431
v 0.259861 0.191676 0.457145
v 0.279192 0.145007 0.457145
v 0.298523 0.098338 0.457145
v 0.056560 0.312963 0.457145
v 0.103229 0.293632 0.457145
v 0.149898 0.274301 0.457145
v 0.079605 -0.288676 0.788756
v 0.009476 -0.333904 0.795995
v 0.232061 0.230501 0.809672
v 0.000550 0.326907 0.810560
v 0.329185 -0.002973 0.809601
v 0.233675 -0.236471 0.810035
v 0.001197 -0.333050 0.810043
v -0.229025 -0.234230 0.811244
v -0.326798 -0.001996 0.811364
v -0.231328 0.230634 0.811096
v -0.044531 0.308178 0.468812
v 0.000796 0.327022 0.468291
v -0.056198 0.303345 0.583098
v 0.000796 0.327022 0.582576
v -0.056198 0.303345 0.697384
v 0.000796 0.327022 0.696862
v -0.248202 0.186834 0.469386
v -0.229688 0.232128 0.469269
v -0.253035 0.175167 0.583672
v -0.229688 0.232128 0.583554
v -0.253035 0.175167 0.697958
v -0.229688 0.232128 0.697840
v -0.305980 -0.042989 0.468831
v -0.325135 0.001714 0.469276
v -0.301147 -0.054656 0.583117
v -0.325135 0.001714 0.583562
v -0.301147 -0.054656 0.697403
v -0.325135 0.001714 0.697848
v -0.184433 -0.246182 0.467194
v -0.229261 -0.228371 0.468315
v -0.172766 -0.251015 0.581480
v -0.229261 -0.228371 0.582601
v -0.172766 -0.251015 0.695766
v -0.229261 -0.228371 0.696887
v 0.306639 0.046738 0.465525
v 0.325878 0.002585 0.465016
v 0.301806 0.058405 0.579811
v 0.325878 0.002585 0.579302
v 0.301806 0.058405 0.694096
v 0.325878 0.002585 0.693588
v 0.185092 0.249931 0.467162
v 0.230573 0.231361 0.466479
v 0.173425 0.254764 0.581448
v 0.230573 0.231361 0.580765
v 0.173425 0.254764 0.695734
v 0.230573 0.231361 0.695051
v 0.260777 -0.061332 0.465040
v 0.244610 -0.077406 0.579399
v 0.244610 -0.077406 0.693684
v -0.172871 0.255018 0.697384
v -0.114535 0.279181 0.697384
v -0.301362 0.058494 0.697958
v -0.277198 0.116831 0.697958
v -0.252820 -0.171329 0.697403
v -0.276983 -0.112992 0.697403
v 0.000111 -0.323233 0.694743
v -0.056093 -0.299342 0.695766
v -0.114430 -0.275179 0.695766
v 0.253479 0.175078 0.694096
v 0.277643 0.116741 0.694096
v 0.056753 0.303092 0.695734
v 0.115089 0.278928 0.695734
v 0.079610 -0.242406 0.693684
v -0.172871 0.255018 0.583098
v -0.114535 0.279181 0.583098
v -0.301362 0.058494 0.583672
v -0.277198 0.116831 0.583672
v -0.252820 -0.171329 0.583117
v -0.276983 -0.112992 0.583117
v 0.000111 -0.323233 0.580457
v -0.056093 -0.299342 0.581480
v -0.114430 -0.275179 0.581480
v 0.253479 0.175078 0.579811
v 0.277643 0.116741 0.579811
v 0.056753 0.303092 0.581448
v 0.115089 0.278928 0.581448
v 0.079610 -0.242406 0.579399
v -0.184538 0.250185 0.468812
v -0.137869 0.269516 0.468812
v -0.091200 0.288847 0.468812
v -0.306195 0.046827 0.469386
v -0.286864 0.093496 0.469386
v -0.267533 0.140165 0.469386
v -0.247987 -0.182996 0.468831
v -0.267318 -0.136327 0.468831
v -0.286649 -0.089658 0.468831
v 0.000111 -0.323233 0.466171
v -0.044426 -0.304175 0.467194
v -0.091095 -0.284844 0.467194
v -0.137764 -0.265513 0.467194
v 0.248646 0.186745 0.465525
v 0.267977 0.140076 0.465525
v 0.287308 0.093407 0.465525
v 0.045085 0.307924 0.467162
v 0.091754 0.288593 0.467162
v 0.138423 0.269262 0.467162
v 0.063110 -0.258906 0.465113
v 0.165635 -0.195008 0.444989
v 0.231290 -0.129451 0.444914
v -0.334287 0.010541 0.729749
v -0.331589 0.010335 0.695750
v -0.239698 0.238893 0.729745
v -0.237619 0.237139 0.695750
v -0.259092 0.181502 0.695750
v -0.331564 0.010067 0.658508
v -0.237412 0.237311 0.658505
v -0.307419 0.064829 0.695750
v -0.283255 0.123166 0.695750
v 0.233675 0.230220 0.810035
v 0.000330 0.326875 0.810035
v 0.330330 -0.003125 0.810035
v 0.233675 -0.236471 0.810035
v 0.000330 -0.333125 0.810035
v -0.233016 -0.236471 0.810035
v -0.329670 -0.003125 0.810035
v -0.233016 0.230220 0.810035
v 0.233675 0.230220 0.810035
v 0.000330 0.326875 0.810035
v 0.330330 -0.003125 0.810035
v 0.233675 -0.236471 0.810035
v 0.000330 -0.333125 0.810035
v -0.233016 -0.236471 0.810035
v -0.329670 -0.003125 0.810035
v -0.233016 0.230220 0.810035
v 0.238250 -0.238331 0.800002
v 0.334905 -0.004986 0.800002
v 0.004905 -0.334986 0.800002
v 0.233675 -0.236471 0.810035
v 0.330330 -0.003125 0.810035
v 0.000330 -0.333125 0.810035
v 0.239473 -0.237723 0.802054
v 0.335724 -0.004673 0.801537
v 0.005503 -0.334937 0.799649
v 0.231270 -0.233180 0.805999
v 0.329040 -0.002582 0.808172
v -0.000276 -0.332923 0.808763
v 0.247743 -0.231722 0.795344
v 0.343237 -0.002969 0.795011
v 0.017047 -0.328644 0.796227
v 0.242625 -0.229801 0.799046
v 0.338813 -0.002298 0.799751
v 0.011092 -0.324815 0.800067
v 0.004905 0.140014 0.816379
v 0.074905 0.121258 0.816379
v 0.126148 0.070014 0.816379
v 0.144905 0.000014 0.816379
v 0.126148 -0.069986 0.816379
v 0.074905 -0.121229 0.816379
v 0.004905 -0.139986 0.816379
v -0.065095 -0.121229 0.816379
v -0.116339 -0.069986 0.816379
v -0.135095 0.000014 0.816379
v -0.116339 0.070014 0.816379
v -0.065095 0.121258 0.816379
v 0.004905 0.150014 0.813171
v 0.079905 0.129918 0.813171
v 0.134809 0.075014 0.813171
v 0.154905 0.000014 0.813171
v 0.134809 -0.077558 0.812458
v 0.134809 -0.079986 0.838171
v 0.079905 -0.129889 0.813171
v 0.004905 -0.149986 0.813171
v -0.070095 -0.129889 0.813171
v -0.124999 -0.074986 0.813171
v -0.145095 0.000014 0.813171
v -0.124999 0.075014 0.813171
v -0.070095 0.129918 0.813171
v 0.257581 0.186691 0.005002
v 0.276912 0.140022 0.005002
v 0.296243 0.093353 0.005002
v 0.315574 0.046683 0.005002
v 0.261214 0.192237 0.003538
v 0.280545 0.145568 0.003538
v 0.299876 0.098899 0.003538
v 0.319207 0.052230 0.003538
v 0.259861 0.191676 0.114288
v 0.279192 0.145007 0.114288
v 0.298523 0.098338 0.114288
v 0.317854 0.051669 0.114288
v 0.259861 0.191676 0.228574
v 0.279192 0.145007 0.228574
v 0.298523 0.098338 0.228574
v 0.317854 0.051669 0.228574
v 0.259861 0.191676 0.342859
v 0.279192 0.145007 0.342859
v 0.298523 0.098338 0.342859
v 0.317854 0.051669 0.342859
v 0.261135 0.189270 0.385246
v 0.279680 0.145209 0.383010
v 0.299876 0.098899 0.381711
v 0.317229 0.054424 0.383739
v 0.261367 0.189287 0.416266
v 0.280545 0.145568 0.418294
v 0.299876 0.098899 0.418294
v 0.317229 0.054424 0.416266
v 0.260764 0.190743 0.267877
v 0.280545 0.145568 0.265849
v 0.299876 0.098899 0.265849
v 0.317832 0.052968 0.267877
v 0.260764 0.190743 0.303556
v 0.280545 0.145568 0.305584
v 0.299876 0.098899 0.305584
v 0.317832 0.052968 0.303556
v 0.261242 0.189589 0.154840
v 0.280545 0.145568 0.152812
v 0.299876 0.098899 0.152812
v 0.317355 0.054122 0.154840
v 0.261242 0.189589 0.188022
v 0.280545 0.145568 0.190050
v 0.299876 0.098899 0.190050
v 0.317355 0.054122 0.188022
v 0.259861 0.191676 0.038098
v 0.279192 0.145007 0.038098
v 0.298523 0.098338 0.038098
v 0.317854 0.051669 0.038098
v 0.259861 0.191676 0.076193
v 0.279192 0.145007 0.076193
v 0.298523 0.098338 0.076193
v 0.317854 0.051669 0.076193
v 0.051574 0.310683 0.005002
v 0.098243 0.291353 0.005002
v 0.144912 0.272022 0.005002
v 0.191581 0.252691 0.005002
v 0.057120 0.314316 0.003538
v 0.103789 0.294985 0.003538
v 0.150458 0.275654 0.003538
v 0.197127 0.256323 0.003538
v 0.056560 0.312963 0.114288
v 0.103229 0.293632 0.114288
v 0.149898 0.274301 0.114288
v 0.196567 0.254970 0.114288
v 0.056560 0.312963 0.228574
v 0.103229 0.293632 0.228574
v 0.149898 0.274301 0.228574
v 0.196567 0.254970 0.228574
v 0.056560 0.312963 0.342859
v 0.103229 0.293632 0.342859
v 0.149898 0.274301 0.342859
v 0.196567 0.254970 0.342859
v 0.058568 0.312648 0.382931
v 0.103789 0.294985 0.380903
v 0.150458 0.275654 0.380903
v 0.194924 0.256168 0.382931
v 0.058568 0.312648 0.417074
v 0.103789 0.294985 0.419102
v 0.150458 0.275654 0.419102
v 0.194924 0.256168 0.417074
v 0.058390 0.312722 0.268453
v 0.103789 0.294985 0.266425
v 0.150458 0.275654 0.266425
v 0.195102 0.256094 0.268453
v 0.058390 0.312722 0.302981
v 0.103789 0.294985 0.305008
v 0.150458 0.275654 0.305008
v 0.195102 0.256094 0.302981
v 0.058227 0.312789 0.153990
v 0.101370 0.296689 0.152611
v -0.141754 0.271299 0.378068
v 0.197710 0.256498 0.156983
v 0.058227 0.312789 0.188871
v 0.103789 0.294985 0.190899
v 0.150458 0.275654 0.190899
v 0.195265 0.256026 0.188871
v 0.056560 0.312963 0.038098
v 0.103229 0.293632 0.038098
v 0.149898 0.274301 0.038098
v 0.196567 0.254970 0.038098
v 0.056560 0.312963 0.076193
v 0.103229 0.293632 0.076193
v 0.149898 0.274301 0.076193
v 0.196567 0.254970 0.076193
v -0.181771 0.252691 0.005002
v -0.135102 0.272022 0.005002
v -0.088433 0.291353 0.005002
v -0.041764 0.310683 0.005002
v -0.186950 0.255956 0.003538
v -0.140281 0.275287 0.003538
v -0.093612 0.294618 0.003538
v -0.046943 0.313949 0.003538
v -0.186390 0.254603 0.114288
v -0.139721 0.273934 0.114288
v -0.093052 0.293265 0.114288
v -0.046382 0.312596 0.114288
v -0.186390 0.254603 0.228574
v -0.139721 0.273934 0.228574
v -0.093052 0.293265 0.228574
v -0.046382 0.312596 0.228574
v -0.186390 0.254603 0.342859
v -0.139721 0.273934 0.342859
v -0.093052 0.293265 0.342859
v -0.046382 0.312596 0.342859
v -0.184172 0.256038 0.383552
v -0.143196 0.274782 0.382173
v -0.091193 0.296322 0.382173
v -0.048965 0.312043 0.383552
v -0.184172 0.256038 0.416452
v -0.140281 0.275287 0.418480
v -0.093612 0.294618 0.418480
v -0.048965 0.312043 0.416452
v -0.184201 0.256026 0.269235
v -0.139923 0.274422 0.268507
v -0.093254 0.293753 0.268507
v -0.048936 0.312055 0.269235
v -0.184201 0.256026 0.302198
v -0.140281 0.275287 0.304226
v -0.093612 0.294618 0.304226
v -0.048936 0.312055 0.302198
v -0.186390 0.254603 0.152383
v -0.139721 0.273934 0.152383
v -0.093052 0.293265 0.152383
v -0.046382 0.312596 0.152383
v -0.186390 0.254603 0.190478
v -0.139721 0.273934 0.190478
v -0.093052 0.293265 0.190478
v -0.046382 0.312596 0.190478
v -0.186390 0.254603 0.038098
v -0.139721 0.273934 0.038098
v -0.093052 0.293265 0.038098
v -0.046382 0.312596 0.038098
v -0.186390 0.254603 0.076193
v -0.139721 0.273934 0.076193
v -0.093052 0.293265 0.076193
v -0.046382 0.312596 0.076193
v -0.305764 0.046683 0.005002
v -0.286433 0.093353 0.005002
v -0.267102 0.140022 0.005002
v -0.247771 0.186691 0.005002
v -0.309030 0.051862 0.003538
v -0.289699 0.098531 0.003538
v -0.270368 0.145200 0.003538
v -0.251037 0.191869 0.003538
v -0.307677 0.051302 0.114288
v -0.288346 0.097971 0.114288
v -0.269015 0.144640 0.114288
v -0.249684 0.191309 0.114288
v -0.307677 0.051302 0.228574
v -0.288346 0.097971 0.228574
v -0.269015 0.144640 0.228574
v -0.249684 0.191309 0.228574
v -0.307677 0.051302 0.342859
v -0.288346 0.097971 0.342859
v -0.269015 0.144640 0.342859
v -0.249684 0.191309 0.342859
v -0.306584 0.055186 0.384962
v -0.289699 0.098531 0.382934
v -0.270368 0.145200 0.382934
v -0.251658 0.187790 0.384962
v -0.306584 0.055186 0.415043
v -0.289699 0.098531 0.417071
v -0.270368 0.145200 0.417071
v -0.251658 0.187790 0.415043
v -0.307243 0.053596 0.268955
v -0.289699 0.098531 0.266927
v -0.270368 0.145200 0.266927
v -0.250999 0.189380 0.268955
v -0.307243 0.053596 0.302478
v -0.289699 0.098531 0.304506
v -0.270368 0.145200 0.304506
v -0.250999 0.189380 0.302478
v -0.307218 0.053656 0.154734
v -0.289699 0.098531 0.152706
v -0.270368 0.145200 0.152706
v -0.251024 0.189320 0.154734
v -0.307218 0.053656 0.188128
v -0.289699 0.098531 0.190156
v -0.270368 0.145200 0.190156
v -0.251024 0.189320 0.188128
v -0.307677 0.051302 0.038098
v -0.288346 0.097971 0.038098
v -0.269015 0.144640 0.038098
v -0.249684 0.191309 0.038098
v -0.307677 0.051302 0.076193
v -0.288346 0.097971 0.076193
v -0.269015 0.144640 0.076193
v -0.249684 0.191309 0.076193
v -0.247771 -0.186662 0.005002
v -0.267102 -0.139993 0.005002
v -0.286433 -0.093324 0.005002
v -0.305764 -0.046655 0.005002
v -0.250682 -0.191486 0.003538
v -0.270013 -0.144817 0.003538
v -0.289344 -0.098148 0.003538
v -0.308675 -0.051479 0.003538
v -0.249329 -0.190925 0.114288
v -0.268660 -0.144256 0.114288
v -0.287991 -0.097587 0.114288
v -0.307322 -0.050918 0.114288
v -0.249329 -0.190925 0.228574
v -0.268660 -0.144256 0.228574
v -0.287991 -0.097587 0.228574
v -0.307322 -0.050918 0.228574
v -0.249329 -0.190925 0.342859
v -0.268660 -0.144256 0.342859
v -0.287991 -0.097587 0.342859
v -0.307322 -0.050918 0.342859
v -0.250088 -0.190341 0.381785
v -0.270013 -0.144817 0.379758
v -0.289344 -0.098148 0.379757
v -0.307445 -0.051868 0.381785
v -0.250088 -0.190341 0.418219
v -0.270013 -0.144817 0.420247
v -0.289344 -0.098148 0.420247
v -0.307445 -0.051868 0.418219
v -0.249193 -0.192501 0.265161
v -0.270013 -0.144817 0.263133
v -0.289344 -0.098148 0.263133
v -0.308340 -0.049708 0.265161
v -0.249193 -0.192501 0.306272
v -0.270013 -0.144817 0.308300
v -0.289344 -0.098148 0.308300
v -0.308340 -0.049708 0.306272
v -0.250559 -0.189204 0.154445
v -0.270013 -0.144817 0.152417
v -0.289344 -0.098148 0.152417
v -0.306974 -0.053005 0.154445
v -0.250559 -0.189204 0.188417
v -0.270013 -0.144817 0.190445
v -0.289344 -0.098148 0.190445
v -0.306974 -0.053005 0.188417
v -0.249329 -0.190925 0.038097
v -0.268660 -0.144256 0.038097
v -0.287991 -0.097587 0.038097
v -0.307322 -0.050918 0.038098
v -0.249329 -0.190925 0.076193
v -0.268660 -0.144256 0.076193
v -0.287991 -0.097587 0.076193
v -0.307322 -0.050918 0.076193
v -0.041764 -0.310655 0.005002
v -0.088433 -0.291324 0.005002
v -0.135102 -0.271993 0.005002
v -0.181771 -0.252662 0.005002
v -0.046588 -0.313565 0.003538
v -0.093257 -0.294234 0.003538
v -0.139926 -0.274903 0.003538
v -0.186595 -0.255572 0.003538
v -0.046028 -0.312212 0.114288
v -0.092697 -0.292881 0.114288
v -0.139366 -0.273550 0.114288
v -0.186035 -0.254219 0.114288
v -0.046028 -0.312212 0.228574
v -0.092697 -0.292881 0.228574
v -0.139366 -0.273550 0.228574
v -0.186035 -0.254219 0.228574
v -0.046028 -0.312212 0.342859
v -0.092697 -0.292881 0.342859
v -0.139366 -0.273550 0.342859
v -0.186035 -0.254219 0.342859
v -0.048098 -0.311871 0.382998
v -0.093257 -0.294234 0.380970
v -0.137508 -0.276607 0.381619
v -0.186775 -0.255914 0.385991
v -0.048098 -0.311871 0.417007
v -0.093257 -0.294234 0.419035
v -0.139926 -0.274903 0.419035
v -0.184330 -0.255442 0.417007
v -0.050308 -0.310956 0.271104
v -0.093257 -0.294234 0.269076
v -0.137508 -0.276608 0.269725
v -0.184566 -0.256829 0.274097
v -0.050308 -0.310956 0.300329
v -0.090838 -0.295938 0.301708
v -0.142842 -0.274398 0.301708
v -0.182120 -0.256358 0.300329
v -0.048302 -0.311787 0.154647
v -0.093257 -0.294234 0.152620
v -0.139926 -0.274903 0.152620
v -0.184126 -0.255527 0.154647
v -0.048302 -0.311787 0.188214
v -0.093257 -0.294234 0.190242
v -0.139926 -0.274903 0.190242
v -0.184126 -0.255527 0.188214
v -0.046028 -0.312212 0.038097
v -0.092697 -0.292881 0.038097
v -0.139366 -0.273550 0.038097
v -0.186035 -0.254219 0.038097
v -0.046028 -0.312212 0.076193
v -0.092697 -0.292881 0.076193
v -0.139366 -0.273550 0.076193
v -0.186035 -0.254219 0.076193
v 0.058387 0.312723 0.611306
v 0.103789 0.294985 0.609278
v 0.150458 0.275654 0.609278
v 0.195105 0.256093 0.611306
v 0.058387 0.312723 0.645841
v 0.103789 0.294985 0.647869
v 0.150458 0.275654 0.647869
v 0.195105 0.256093 0.645841
v 0.261763 0.188331 0.613345
v 0.280545 0.145568 0.611317
v 0.299876 0.098899 0.611317
v 0.316833 0.055380 0.613345
v 0.261763 0.188331 0.643803
v 0.280545 0.145568 0.645831
v 0.299876 0.098899 0.645831
v 0.316833 0.055380 0.643803
v -0.174722 0.259436 0.609526
v -0.116386 0.283599 0.609526
v -0.058050 0.307763 0.609526
v -0.174722 0.259436 0.647621
v -0.116386 0.283599 0.647621
v -0.058050 0.307763 0.647621
v -0.050213 -0.310995 0.613859
v -0.093257 -0.294234 0.611831
v -0.139926 -0.274903 0.611831
v -0.182215 -0.256319 0.613859
v -0.050213 -0.310995 0.643288
v -0.093257 -0.294234 0.645316
v -0.139926 -0.274903 0.645316
v -0.182215 -0.256319 0.643288
v -0.254162 -0.179258 0.609526
v -0.278325 -0.120922 0.609526
v -0.302489 -0.062586 0.609526
v -0.254162 -0.179258 0.647621
v -0.278325 -0.120922 0.647621
v -0.302489 -0.062586 0.647621
v -0.302844 0.062969 0.609526
v -0.278680 0.121305 0.609526
v -0.254516 0.179642 0.609526
v -0.302964 0.063019 0.648755
v -0.278800 0.121355 0.648755
v -0.254637 0.179692 0.648755
v -0.307539 0.064879 0.658788
v -0.283376 0.123215 0.658788
v -0.259212 0.181552 0.658788
v -0.271174 0.152334 0.695750
v -0.251452 -0.187048 0.499635
v -0.270013 -0.144817 0.497607
v -0.289344 -0.098148 0.497607
v -0.306081 -0.055161 0.499635
v -0.251452 -0.187048 0.528941
v -0.270013 -0.144817 0.530969
v -0.289344 -0.098148 0.530969
v -0.306081 -0.055161 0.528941
v -0.044818 -0.313230 0.493733
v -0.093257 -0.294234 0.491705
v -0.139926 -0.274903 0.491705
v -0.187610 -0.254083 0.493733
v -0.044818 -0.313230 0.534843
v -0.093257 -0.294234 0.536871
v -0.139926 -0.274903 0.536871
v -0.187610 -0.254084 0.534843
v -0.306945 0.054315 0.498304
v -0.289699 0.098531 0.496276
v -0.270368 0.145200 0.496276
v -0.251297 0.188661 0.498304
v -0.306945 0.054315 0.530272
v -0.289699 0.098531 0.532300
v -0.270368 0.145200 0.532300
v -0.251297 0.188661 0.530272
v -0.183079 0.256491 0.499021
v -0.140281 0.275287 0.496993
v -0.093612 0.294618 0.496993
v -0.050058 0.311590 0.499021
v -0.183079 0.256491 0.529555
v -0.140281 0.275287 0.531583
v -0.093612 0.294618 0.531583
v -0.050058 0.311590 0.529555
v 0.057618 0.313041 0.496189
v 0.103789 0.294985 0.494161
v 0.150458 0.275654 0.494161
v 0.195874 0.255774 0.496189
v 0.057618 0.313041 0.532387
v 0.103789 0.294985 0.534415
v 0.150458 0.275654 0.534415
v 0.195874 0.255774 0.532387
v 0.261129 0.189861 0.497403
v 0.280545 0.145568 0.495375
v 0.299876 0.098899 0.495375
v 0.317467 0.053850 0.497403
v 0.261129 0.189861 0.531173
v 0.280545 0.145568 0.533201
v 0.299876 0.098899 0.533201
v 0.317467 0.053850 0.531173
v 0.190230 0.249429 0.796461
v 0.143561 0.268760 0.796461
v 0.096892 0.288091 0.796461
v 0.050223 0.307422 0.796461
v 0.197127 0.256323 0.796467
v 0.150458 0.275654 0.796467
v 0.103789 0.294985 0.796467
v 0.057120 0.314316 0.796467
v 0.059127 0.312417 0.726393
v 0.103789 0.294985 0.724365
v 0.150458 0.275654 0.724365
v 0.194365 0.256399 0.726393
v 0.059127 0.312417 0.759326
v 0.103789 0.294985 0.761354
v 0.150458 0.275654 0.761354
v 0.194365 0.256399 0.759326
v 0.186030 0.249647 0.810027
v 0.139361 0.268978 0.810027
v 0.092692 0.288309 0.810027
v 0.046023 0.307640 0.810027
v 0.187006 0.249551 0.810035
v 0.140337 0.268882 0.810035
v 0.093668 0.288213 0.810035
v 0.046999 0.307544 0.810035
v 0.187006 0.249551 0.810035
v 0.140337 0.268882 0.810035
v 0.093668 0.288213 0.810035
v 0.046999 0.307544 0.810035
v 0.312902 0.045577 0.795924
v 0.293571 0.092246 0.795924
v 0.274240 0.138915 0.795924
v 0.254909 0.185584 0.795924
v 0.319207 0.052230 0.796467
v 0.299876 0.098899 0.796467
v 0.280545 0.145568 0.796467
v 0.261214 0.192237 0.796467
v 0.261499 0.188969 0.726940
v 0.280545 0.145568 0.724912
v 0.299876 0.098899 0.724912
v 0.317098 0.054742 0.726940
v 0.261499 0.188969 0.758779
v 0.280545 0.145568 0.760807
v 0.299876 0.098899 0.760807
v 0.317098 0.054742 0.758779
v 0.308356 0.044419 0.809033
v 0.289026 0.091088 0.809033
v 0.269695 0.137757 0.809033
v 0.250364 0.184426 0.809033
v 0.310999 0.043544 0.810035
v 0.291668 0.090213 0.810035
v 0.272337 0.136882 0.810035
v 0.253006 0.183551 0.810035
v 0.310999 0.043544 0.810035
v 0.291668 0.090213 0.810035
v 0.272337 0.136882 0.810035
v 0.253006 0.183551 0.810035
v -0.040206 0.306921 0.797101
v -0.086875 0.287590 0.797101
v -0.133544 0.268259 0.797101
v -0.180213 0.248928 0.797101
v -0.046943 0.313949 0.796467
v -0.093612 0.294618 0.796467
v -0.140281 0.275287 0.796467
v -0.186950 0.255956 0.796467
v -0.186622 0.255023 0.723758
v -0.140281 0.275287 0.721730
v -0.093612 0.294618 0.721730
v -0.046515 0.313058 0.723758
v -0.186622 0.255023 0.761961
v -0.140281 0.275287 0.763989
v -0.093612 0.294618 0.763989
v -0.046515 0.313058 0.761961
v -0.045405 0.307705 0.810880
v -0.092074 0.288374 0.810880
v -0.138743 0.269043 0.810880
v -0.185412 0.249712 0.810880
v -0.046339 0.307544 0.810035
v -0.093008 0.288213 0.810035
v -0.139677 0.268882 0.810035
v -0.186347 0.249551 0.810035
v -0.046339 0.307544 0.810035
v -0.093008 0.288213 0.810035
v -0.139677 0.268882 0.810035
v -0.186347 0.249551 0.810035
v -0.243849 0.185066 0.797360
v -0.263180 0.138397 0.797360
v -0.282511 0.091728 0.797360
v -0.301842 0.045059 0.797360
v -0.251037 0.191869 0.796467
v -0.270368 0.145200 0.796467
v -0.289699 0.098531 0.796467
v -0.309030 0.051862 0.796467
v -0.311249 0.052781 0.718942
v -0.291918 0.099450 0.718942
v -0.272587 0.146120 0.718942
v -0.253256 0.192789 0.718942
v -0.307677 0.051302 0.761907
v -0.288346 0.097971 0.761907
v -0.269015 0.144640 0.761907
v -0.249684 0.191309 0.761907
v -0.249818 0.184453 0.811383
v -0.269149 0.137784 0.811383
v -0.288480 0.091115 0.811383
v -0.307811 0.044446 0.811383
v -0.315824 0.054642 0.728975
v -0.296493 0.101311 0.728975
v -0.277162 0.147980 0.728975
v -0.257831 0.194649 0.728975
v -0.252347 0.183551 0.810035
v -0.271677 0.136882 0.810035
v -0.291008 0.090213 0.810035
v -0.310339 0.043544 0.810035
v -0.252347 0.183551 0.810035
v -0.271677 0.136882 0.810035
v -0.291008 0.090213 0.810035
v -0.310339 0.043544 0.810035
v -0.301996 -0.045094 0.797110
v -0.282665 -0.091763 0.797110
v -0.263334 -0.138432 0.797110
v -0.244003 -0.185101 0.797110
v -0.308675 -0.051479 0.796467
v -0.289344 -0.098148 0.796467
v -0.270013 -0.144817 0.796467
v -0.250682 -0.191486 0.796467
v -0.250529 -0.189276 0.725795
v -0.270013 -0.144817 0.723767
v -0.289344 -0.098148 0.723767
v -0.307004 -0.052933 0.725795
v -0.250529 -0.189276 0.759924
v -0.270013 -0.144817 0.761952
v -0.289344 -0.098148 0.761952
v -0.307004 -0.052933 0.759924
v -0.306483 -0.047620 0.811498
v -0.287152 -0.094289 0.811498
v -0.267821 -0.140958 0.811498
v -0.248490 -0.187627 0.811498
v -0.310339 -0.049794 0.810035
v -0.291008 -0.096464 0.810035
v -0.271677 -0.143133 0.810035
v -0.252347 -0.189802 0.810035
v -0.310339 -0.049794 0.810035
v -0.291008 -0.096464 0.810035
v -0.271677 -0.143133 0.810035
v -0.252347 -0.189802 0.810035
v -0.180416 -0.249390 0.796472
v -0.133747 -0.268721 0.796472
v -0.087078 -0.288052 0.796472
v -0.040409 -0.307383 0.796472
v -0.186595 -0.255572 0.796467
v -0.139926 -0.274903 0.796467
v -0.093257 -0.294234 0.796467
v -0.046588 -0.313565 0.796467
v -0.049141 -0.311439 0.726984
v -0.093257 -0.294234 0.724956
v -0.139926 -0.274903 0.724956
v -0.183287 -0.255875 0.726984
v -0.049141 -0.311439 0.758735
v -0.093257 -0.294234 0.760762
v -0.139926 -0.274903 0.760762
v -0.183287 -0.255875 0.758735
v -0.181443 -0.251777 0.810077
v -0.134774 -0.271108 0.810077
v -0.088105 -0.290439 0.810077
v -0.041436 -0.309770 0.810077
v -0.186347 -0.255802 0.810035
v -0.139677 -0.275133 0.810035
v -0.093008 -0.294463 0.810035
v -0.046339 -0.313794 0.810035
v -0.186347 -0.255802 0.810035
v -0.139677 -0.275133 0.810035
v -0.093008 -0.294463 0.810035
v -0.046339 -0.313794 0.810035
v 0.259861 0.191676 0.723812
v 0.279192 0.145007 0.723812
v 0.298523 0.098338 0.723812
v 0.317854 0.051669 0.723812
v 0.259861 0.191676 0.761907
v 0.279192 0.145007 0.761907
v 0.298523 0.098338 0.761907
v 0.317854 0.051669 0.761907
v 0.259861 0.191676 0.609526
v 0.279192 0.145007 0.609526
v 0.298523 0.098338 0.609526
v 0.317854 0.051669 0.609526
v 0.259861 0.191676 0.647621
v 0.279192 0.145007 0.647621
v 0.298523 0.098338 0.647621
v 0.317854 0.051669 0.647621
v 0.259861 0.191676 0.495240
v 0.279192 0.145007 0.495240
v 0.298523 0.098338 0.495240
v 0.317854 0.051669 0.495240
v 0.259861 0.191676 0.533336
v 0.279192 0.145007 0.533336
v 0.298523 0.098338 0.533336
v 0.317854 0.051669 0.533336
v 0.259861 0.191676 0.380955
v 0.279192 0.145007 0.380955
v 0.298523 0.098338 0.380955
v 0.317854 0.051669 0.380955
v 0.259861 0.191676 0.419050
v 0.279192 0.145007 0.419050
v 0.298523 0.098338 0.419050
v 0.317854 0.051669 0.419050
v 0.259861 0.191676 0.266669
v 0.279192 0.145007 0.266669
v 0.298523 0.098338 0.266669
v 0.317854 0.051669 0.266669
v 0.259861 0.191676 0.304764
v 0.279192 0.145007 0.304764
v 0.298523 0.098338 0.304764
v 0.317854 0.051669 0.304764
v 0.259861 0.191676 0.152383
v 0.279192 0.145007 0.152383
v 0.298523 0.098338 0.152383
v 0.317854 0.051669 0.152383
v 0.259861 0.191676 0.190478
v 0.279192 0.145007 0.190478
v 0.298523 0.098338 0.190478
v 0.317854 0.051669 0.190478
v 0.056560 0.312963 0.723812
v 0.103229 0.293632 0.723812
v 0.149898 0.274301 0.723812
v 0.196567 0.254970 0.723812
v 0.056560 0.312963 0.761907
v 0.103229 0.293632 0.761907
v 0.149898 0.274301 0.761907
v 0.196567 0.254970 0.761907
v 0.056560 0.312963 0.609526
v 0.103229 0.293632 0.609526
v 0.149898 0.274301 0.609526
v 0.196567 0.254970 0.609526
v 0.056560 0.312963 0.647621
v 0.103229 0.293632 0.647621
v 0.149898 0.274301 0.647621
v 0.196567 0.254970 0.647621
v 0.056560 0.312963 0.495240
v 0.103229 0.293632 0.495240
v 0.149898 0.274301 0.495240
v 0.196567 0.254970 0.495240
v 0.056560 0.312963 0.533336
v 0.103229 0.293632 0.533336
v 0.149898 0.274301 0.533336
v 0.196567 0.254970 0.533336
v 0.056560 0.312963 0.380955
v 0.103229 0.293632 0.380955
v 0.149898 0.274301 0.380955
v 0.196567 0.254970 0.380955
v 0.056560 0.312963 0.419050
v 0.103229 0.293632 0.419050
v 0.149898 0.274301 0.419050
v 0.196567 0.254970 0.419050
v 0.056560 0.312963 0.266669
v 0.103229 0.293632 0.266669
v 0.149898 0.274301 0.266669
v 0.196567 0.254970 0.266669
v 0.056560 0.312963 0.304764
v 0.103229 0.293632 0.304764
v 0.149898 0.274301 0.304764
v 0.196567 0.254970 0.304764
v 0.056560 0.312963 0.152383
v 0.102019 0.294650 0.150876
v 0.150458 0.275654 0.148848
v 0.197523 0.254699 0.151974
v 0.056560 0.312963 0.190478
v 0.103229 0.293632 0.190478
v 0.149898 0.274301 0.190478
v 0.196567 0.254970 0.190478
v -0.186390 0.254603 0.723812
v -0.139721 0.273934 0.723812
v -0.093052 0.293265 0.723812
v -0.046382 0.312596 0.723812
v -0.186390 0.254603 0.761907
v -0.139721 0.273934 0.761907
v -0.093052 0.293265 0.761907
v -0.046382 0.312596 0.761907
v -0.186390 0.254603 0.495240
v -0.139721 0.273934 0.495240
v -0.093052 0.293265 0.495240
v -0.046382 0.312596 0.495240
v -0.186390 0.254603 0.533336
v -0.139721 0.273934 0.533336
v -0.093052 0.293265 0.533336
v -0.046382 0.312596 0.533336
v -0.186390 0.254603 0.380955
v -0.141296 0.273798 0.379447
v -0.091841 0.294283 0.379447
v -0.046382 0.312596 0.380955
v -0.186390 0.254603 0.419050
v -0.139721 0.273934 0.419050
v -0.093052 0.293265 0.419050
v -0.046382 0.312596 0.419050
v -0.186390 0.254603 0.266669
v -0.139721 0.273934 0.266669
v -0.093052 0.293265 0.266669
v -0.046382 0.312596 0.266669
v -0.186390 0.254603 0.304764
v -0.139721 0.273934 0.304764
v -0.093052 0.293265 0.304764
v -0.046382 0.312596 0.304764
v -0.307677 0.051302 0.495240
v -0.288346 0.097971 0.495240
v -0.269015 0.144640 0.495240
v -0.249684 0.191309 0.495240
v -0.307677 0.051302 0.533336
v -0.288346 0.097971 0.533336
v -0.269015 0.144640 0.533336
v -0.249684 0.191309 0.533336
v -0.307677 0.051302 0.380955
v -0.288346 0.097971 0.380955
v -0.269015 0.144640 0.380955
v -0.249684 0.191309 0.380955
v -0.307677 0.051302 0.419050
v -0.288346 0.097971 0.419050
v -0.269015 0.144640 0.419050
v -0.249684 0.191309 0.419050
v -0.307677 0.051302 0.266669
v -0.288346 0.097971 0.266669
v -0.269015 0.144640 0.266669
v -0.249684 0.191309 0.266669
v -0.307677 0.051302 0.304764
v -0.288346 0.097971 0.304764
v -0.269015 0.144640 0.304764
v -0.249684 0.191309 0.304764
v -0.307677 0.051302 0.152383
v -0.288346 0.097971 0.152383
v -0.269015 0.144640 0.152383
v -0.249684 0.191309 0.152383
v -0.307677 0.051302 0.190478
v -0.288346 0.097971 0.190478
v -0.269015 0.144640 0.190478
v -0.249684 0.191309 0.190478
v -0.249329 -0.190925 0.723812
v -0.268660 -0.144256 0.723812
v -0.287991 -0.097587 0.723812
v -0.307322 -0.050918 0.723812
v -0.249329 -0.190925 0.761907
v -0.268660 -0.144256 0.761907
v -0.287991 -0.097587 0.761907
v -0.307322 -0.050918 0.761907
v -0.249329 -0.190925 0.495240
v -0.268660 -0.144256 0.495240
v -0.287991 -0.097587 0.495240
v -0.307322 -0.050918 0.495240
v -0.249329 -0.190925 0.533336
v -0.268660 -0.144256 0.533336
v -0.287991 -0.097587 0.533336
v -0.307322 -0.050918 0.533336
v -0.249329 -0.190925 0.380955
v -0.268660 -0.144256 0.380955
v -0.287991 -0.097587 0.380955
v -0.307322 -0.050918 0.380955
v -0.249329 -0.190925 0.419050
v -0.268660 -0.144256 0.419050
v -0.287991 -0.097587 0.419050
v -0.307322 -0.050918 0.419050
v -0.249329 -0.190925 0.152383
v -0.268660 -0.144256 0.152383
v -0.287991 -0.097587 0.152383
v -0.307322 -0.050918 0.152383
v -0.249329 -0.190925 0.190478
v -0.268660 -0.144256 0.190478
v -0.287991 -0.097587 0.190478
v -0.307322 -0.050918 0.190478
v -0.046028 -0.312212 0.609526
v -0.092697 -0.292881 0.609526
v -0.139366 -0.273550 0.609526
v -0.186035 -0.254219 0.609526
v -0.046028 -0.312212 0.647621
v -0.092697 -0.292881 0.647621
v -0.139366 -0.273550 0.647621
v -0.186035 -0.254219 0.647621
v -0.046028 -0.312212 0.723812
v -0.092697 -0.292881 0.723812
v -0.139366 -0.273550 0.723812
v -0.186035 -0.254219 0.723812
v -0.046028 -0.312212 0.761907
v -0.092697 -0.292881 0.761907
v -0.139366 -0.273550 0.761907
v -0.186035 -0.254219 0.761907
v -0.046028 -0.312212 0.380955
v -0.092697 -0.292881 0.380955
v -0.138156 -0.274568 0.379447
v -0.186991 -0.253948 0.380546
v -0.046028 -0.312212 0.419050
v -0.092697 -0.292881 0.419050
v -0.139366 -0.273550 0.419050
v -0.186035 -0.254219 0.419050
v -0.046028 -0.312212 0.266669
v -0.092697 -0.292881 0.266669
v -0.138156 -0.274568 0.265161
v -0.186991 -0.253948 0.266260
v -0.046028 -0.312212 0.304764
v -0.091487 -0.293899 0.306272
v -0.140941 -0.273414 0.306272
v -0.186035 -0.254219 0.304764
v -0.046028 -0.312212 0.152383
v -0.092697 -0.292881 0.152383
v -0.139366 -0.273550 0.152383
v -0.186035 -0.254219 0.152383
v -0.046028 -0.312212 0.190478
v -0.092697 -0.292881 0.190478
v -0.139366 -0.273550 0.190478
v -0.186035 -0.254219 0.190478
v 0.280379 0.145499 0.762271
v 0.280379 0.145499 0.723448
v 0.299709 0.098830 0.762271
v 0.299709 0.098830 0.723448
v 0.261469 0.191151 0.724912
v 0.318619 0.053177 0.724912
v 0.261469 0.191151 0.760807
v 0.318619 0.053177 0.760807
v 0.281896 0.146127 0.647295
v 0.281896 0.146127 0.609852
v 0.301227 0.099458 0.647295
v 0.301227 0.099458 0.609852
v 0.263250 0.191142 0.611317
v 0.319873 0.054444 0.611317
v 0.263250 0.191142 0.645831
v 0.319873 0.054444 0.645831
v 0.282698 0.146460 0.534665
v 0.282698 0.146460 0.493911
v 0.302029 0.099791 0.534665
v 0.302029 0.099791 0.493911
v 0.263419 0.193004 0.495375
v 0.321309 0.053246 0.495375
v 0.263419 0.193004 0.533201
v 0.321309 0.053246 0.533201
v 0.280783 0.145666 0.647295
v 0.280783 0.145666 0.609852
v 0.300114 0.098997 0.647295
v 0.300114 0.098997 0.609852
v 0.262137 0.190681 0.611317
v 0.318760 0.053982 0.611317
v 0.262137 0.190681 0.645831
v 0.318760 0.053982 0.645831
v 0.279201 0.145011 0.419758
v 0.279201 0.145011 0.380246
v 0.298532 0.098342 0.419758
v 0.298532 0.098342 0.380246
v 0.259599 0.192335 0.385246
v 0.317574 0.052372 0.381711
v 0.260160 0.190982 0.418294
v 0.317574 0.052372 0.418294
v 0.280084 0.145377 0.307049
v 0.280084 0.145377 0.264385
v 0.299415 0.098708 0.307049
v 0.299415 0.098708 0.264385
v 0.260439 0.192803 0.265849
v 0.319059 0.051281 0.265849
v 0.260439 0.192803 0.305584
v 0.319059 0.051281 0.305584
v 0.281259 0.145864 0.191514
v 0.281259 0.145864 0.151348
v 0.300590 0.099195 0.191514
v 0.300590 0.099195 0.151348
v 0.262092 0.192136 0.152812
v 0.319757 0.052922 0.152812
v 0.262092 0.192136 0.190050
v 0.319757 0.052922 0.190050
v 0.099314 0.291726 0.149496
v 0.148402 0.270691 0.148848
v 0.198951 0.250620 0.150781
v 0.103086 0.293288 0.192364
v 0.099314 0.291726 0.152611
v 0.149755 0.273957 0.192364
v 0.147842 0.269338 0.155498
v 0.103086 0.293288 0.306473
v 0.103086 0.293288 0.264960
v 0.149755 0.273957 0.306473
v 0.149755 0.273957 0.264960
v 0.103086 0.293288 0.420566
v 0.103086 0.293288 0.379438
v 0.149755 0.273957 0.420566
v 0.149755 0.273957 0.379438
v 0.103086 0.293288 0.649334
v 0.103086 0.293288 0.607814
v 0.149755 0.273957 0.649334
v 0.149755 0.273957 0.607814
v 0.103086 0.293288 0.535880
v 0.103086 0.293288 0.492696
v 0.149755 0.273957 0.535880
v 0.149755 0.273957 0.492696
v 0.103086 0.293288 0.762818
v 0.103086 0.293288 0.722900
v 0.149755 0.273957 0.762818
v 0.149755 0.273957 0.722900
v 0.056928 0.312407 0.724365
v 0.195913 0.254838 0.724365
v 0.056928 0.312407 0.761354
v 0.195913 0.254838 0.761354
v 0.056188 0.312714 0.609278
v 0.196653 0.254531 0.609278
v 0.056188 0.312714 0.647869
v 0.196653 0.254531 0.647869
v 0.055420 0.313032 0.494161
v 0.197422 0.254213 0.494161
v 0.055420 0.313032 0.534415
v 0.197422 0.254213 0.534415
v 0.056369 0.312639 0.380903
v 0.196472 0.254606 0.380903
v 0.056369 0.312639 0.419102
v 0.196472 0.254606 0.419102
v 0.056191 0.312712 0.266425
v 0.196650 0.254533 0.266425
v 0.056191 0.312712 0.305008
v 0.196650 0.254533 0.305008
v 0.056028 0.312780 0.151962
v 0.195654 0.251534 0.156983
v 0.056028 0.312780 0.190899
v 0.196813 0.254465 0.190899
v -0.089751 0.292839 0.378068
v -0.140191 0.275071 0.305690
v -0.140191 0.275071 0.265743
v -0.093522 0.294402 0.305690
v -0.093522 0.294402 0.265743
v -0.140191 0.275071 0.419945
v -0.141754 0.271299 0.382173
v -0.093522 0.294402 0.419945
v -0.089751 0.292839 0.382173
v -0.140191 0.275071 0.533047
v -0.140191 0.275071 0.495529
v -0.093522 0.294402 0.533047
v -0.093522 0.294402 0.495529
v -0.140191 0.275071 0.765454
v -0.140191 0.275071 0.720265
v -0.093522 0.294402 0.765454
v -0.093522 0.294402 0.720265
v -0.188784 0.254943 0.721730
v -0.044930 0.314529 0.721730
v -0.188784 0.254943 0.763989
v -0.044930 0.314529 0.763989
v -0.185241 0.256411 0.496993
v -0.048473 0.313062 0.496993
v -0.185241 0.256411 0.531583
v -0.048473 0.313062 0.531583
v -0.186334 0.255958 0.381524
v -0.047380 0.313515 0.381524
v -0.186334 0.255958 0.418480
v -0.047380 0.313515 0.418480
v -0.186363 0.255946 0.267207
v -0.047351 0.313527 0.267207
v -0.186363 0.255946 0.304226
v -0.047351 0.313527 0.304226
v -0.288096 0.097867 0.191620
v -0.288096 0.097867 0.151241
v -0.268765 0.144537 0.191620
v -0.268765 0.144537 0.151241
v -0.288096 0.097867 0.305971
v -0.288096 0.097867 0.265462
v -0.268765 0.144537 0.305971
v -0.268765 0.144537 0.265462
v -0.288096 0.097867 0.418535
v -0.288096 0.097867 0.381469
v -0.268765 0.144537 0.418535
v -0.268765 0.144537 0.381469
v -0.288096 0.097867 0.533764
v -0.288096 0.097867 0.494812
v -0.268765 0.144537 0.533764
v -0.268765 0.144537 0.494812
v -0.307031 0.052155 0.496276
v -0.249830 0.190249 0.496276
v -0.307031 0.052155 0.532300
v -0.249830 0.190249 0.532300
v -0.306670 0.053027 0.382934
v -0.250191 0.189377 0.382934
v -0.306670 0.053027 0.417071
v -0.250191 0.189377 0.417071
v -0.307328 0.051437 0.266927
v -0.249533 0.190967 0.266927
v -0.307328 0.051437 0.304506
v -0.249533 0.190967 0.304506
v -0.307303 0.051496 0.152706
v -0.249557 0.190908 0.152706
v -0.307303 0.051496 0.190156
v -0.249557 0.190908 0.190156
v -0.246937 -0.193059 0.263782
v -0.266774 -0.143475 0.263133
v -0.286105 -0.096806 0.263133
v -0.307140 -0.047718 0.263782
v -0.246937 -0.193059 0.307651
v -0.266774 -0.143475 0.308300
v -0.286105 -0.096806 0.308300
v -0.307140 -0.047718 0.307651
v -0.270040 -0.144828 0.191910
v -0.270040 -0.144828 0.150952
v -0.289371 -0.098159 0.191910
v -0.289371 -0.098159 0.150952
v -0.270040 -0.144828 0.421712
v -0.270040 -0.144828 0.378293
v -0.289371 -0.098159 0.421712
v -0.289371 -0.098159 0.378293
v -0.270040 -0.144828 0.532434
v -0.270040 -0.144828 0.496142
v -0.289371 -0.098159 0.532434
v -0.289371 -0.098159 0.496142
v -0.270040 -0.144828 0.763416
v -0.270040 -0.144828 0.722303
v -0.289371 -0.098159 0.763416
v -0.289371 -0.098159 0.722303
v -0.250692 -0.191538 0.723767
v -0.308719 -0.051449 0.723767
v -0.250692 -0.191538 0.761952
v -0.308719 -0.051449 0.761952
v -0.251615 -0.189311 0.497607
v -0.307796 -0.053676 0.497607
v -0.251615 -0.189311 0.530969
v -0.307796 -0.053676 0.530969
v -0.250251 -0.192603 0.379757
v -0.309160 -0.050384 0.379757
v -0.250251 -0.192603 0.420247
v -0.309160 -0.050384 0.420247
v -0.250722 -0.191466 0.152417
v -0.308689 -0.051521 0.152417
v -0.250722 -0.191466 0.190445
v -0.308689 -0.051521 0.190445
v -0.135072 -0.270727 0.378068
v -0.188039 -0.248951 0.379353
v -0.135072 -0.270727 0.263782
v -0.188039 -0.248951 0.265067
v -0.088402 -0.290058 0.307651
v -0.140406 -0.268517 0.307651
v -0.092174 -0.291620 0.191707
v -0.092174 -0.291620 0.151155
v -0.138843 -0.272289 0.191707
v -0.138843 -0.272289 0.151155
v -0.088402 -0.290058 0.301708
v -0.092174 -0.291620 0.267612
v -0.140406 -0.268517 0.301708
v -0.135072 -0.270727 0.269725
v -0.092174 -0.291620 0.420499
v -0.092174 -0.291620 0.379505
v -0.138843 -0.272289 0.420499
v -0.135072 -0.270727 0.381619
v -0.092174 -0.291620 0.646781
v -0.092174 -0.291620 0.610367
v -0.138843 -0.272289 0.646781
v -0.138843 -0.272289 0.610367
v -0.042239 -0.312304 0.491705
v -0.092174 -0.291620 0.490240
v -0.138843 -0.272289 0.490240
v -0.188779 -0.251605 0.491705
v -0.042239 -0.312304 0.536871
v -0.092174 -0.291620 0.538336
v -0.138843 -0.272289 0.538336
v -0.188779 -0.251605 0.536871
v -0.092174 -0.291620 0.762227
v -0.092174 -0.291620 0.723492
v -0.138843 -0.272289 0.762227
v -0.138843 -0.272289 0.723492
v -0.047635 -0.310069 0.611831
v -0.183383 -0.253840 0.611831
v -0.047635 -0.310069 0.645316
v -0.183383 -0.253840 0.645316
v -0.046563 -0.310513 0.724956
v -0.184455 -0.253396 0.724956
v -0.046563 -0.310513 0.760762
v -0.184455 -0.253396 0.760762
v -0.045519 -0.310945 0.380970
v -0.184339 -0.250033 0.385991
v -0.045519 -0.310945 0.419035
v -0.185498 -0.252964 0.419035
v -0.047729 -0.310030 0.269076
v -0.182130 -0.250948 0.274097
v -0.047729 -0.310030 0.302357
v -0.183288 -0.253879 0.302357
v -0.045724 -0.310860 0.152620
v -0.185294 -0.253048 0.152620
v -0.045724 -0.310860 0.190242
v -0.185294 -0.253048 0.190242
v 0.005587 0.325094 0.801686
v 0.005123 0.325986 0.829305
v 0.334147 -0.004370 0.827376
v 0.236567 0.231677 0.827861
v 0.329967 0.000653 0.801799
v 0.330990 0.000014 0.829148
v 0.238258 -0.232403 0.807172
v 0.236567 -0.231648 0.827861
v 0.003366 -0.325464 0.803737
v 0.005006 -0.326037 0.829193
v -0.000935 0.331073 0.802275
v -0.226576 -0.231467 0.828010
v -0.320260 -0.000478 0.803432
v -0.321172 0.000053 0.829158
v -0.230205 0.229469 0.804856
v -0.226558 0.231377 0.828072
v 0.008354 0.329491 0.798207
v 0.239538 0.233874 0.799946
v 0.239460 0.234569 0.826617
v 0.009834 0.329802 0.826959
v 0.334882 0.004190 0.796502
v 0.334692 0.004943 0.826959
v 0.239831 -0.226916 0.795319
v 0.007908 -0.320826 0.798903
v -0.223276 -0.229138 0.803865
v -0.318255 0.006905 0.802438
v -0.222980 0.234351 0.795397
v 0.335678 -0.004998 0.803144
v 0.239791 -0.234872 0.803201
v 0.238915 -0.233996 0.827034
v 0.009917 -0.330759 0.803144
v 0.009289 -0.329228 0.827376
v 0.011441 0.328712 0.800389
v 0.242580 0.231619 0.798322
v 0.338235 0.001179 0.797247
v 0.242928 -0.229324 0.797044
v 0.012425 -0.324631 0.797247
v -0.218015 -0.228976 0.798322
v -0.315195 0.002243 0.800395
v -0.221498 0.235165 0.800716
v -0.000551 -0.330251 0.826132
v -0.000556 -0.330305 0.799959
v -0.230182 -0.235072 0.800300
v -0.230143 -0.235033 0.825773
v -0.325414 -0.005446 0.799959
v -0.325361 -0.005441 0.826132
v 0.001870 -0.328888 0.798669
v -0.228637 -0.233527 0.799636
v -0.323998 -0.003020 0.798669
v -0.000107 0.329242 0.826555
v -0.226046 0.237456 0.795820
v -0.229402 0.234023 0.799364
v -0.325151 0.004692 0.826499
v -0.325907 0.005692 0.801002
v -0.229882 0.234075 0.826162
v -0.322195 0.008746 0.798817
v 0.004766 0.333253 0.795264
v -0.319952 0.007132 0.795985
v -0.224647 0.237474 0.797082
v 0.006031 0.332949 0.796240
v 0.335861 -0.004228 0.154992
v 0.335885 -0.004281 0.309951
v 0.241937 -0.230856 0.154994
v 0.242006 -0.230829 0.309940
v 0.234734 -0.229776 0.154979
v 0.234734 -0.229776 0.309955
v 0.333065 -0.004635 0.154979
v 0.333065 -0.004635 0.309955
v 0.009575 -0.328198 0.309955
v 0.009575 -0.328198 0.154979
v 0.293195 -0.132183 0.340389
v 0.293779 -0.128535 0.169194
v 0.236523 -0.239166 0.155007
v 0.236453 -0.239357 0.310023
v 0.127158 -0.296236 0.166036
v 0.127949 -0.303682 0.333126
v 0.010129 -0.333197 0.309957
v 0.009966 -0.333117 0.155010
v 0.310747 -0.058324 0.005002
v 0.310264 -0.058858 0.793957
v 0.312754 -0.073812 0.500902
v 0.312990 -0.059274 0.003574
v 0.312857 -0.058681 0.795703
v 0.313273 -0.067994 0.165244
v 0.312916 -0.071159 0.323426
v 0.063244 -0.305828 0.005002
v 0.062572 -0.306159 0.793961
v 0.064978 -0.310210 0.003574
v 0.074212 -0.315937 0.504737
v 0.064078 -0.310464 0.795487
v 0.070336 -0.313365 0.163457
v 0.071087 -0.317336 0.320170
v 0.262419 -0.174997 0.005002
v 0.264756 -0.175732 0.003577
v 0.260782 -0.183436 0.494857
v 0.262979 -0.187205 0.493699
v 0.267944 -0.177529 0.165298
v 0.268603 -0.178331 0.323665
v 0.218605 -0.262926 0.524160
v 0.179916 -0.257500 0.005002
v 0.220973 -0.267610 0.525765
v 0.181382 -0.262002 0.003581
v 0.179522 -0.268025 0.163765
v 0.179737 -0.272113 0.319780
v 0.004905 0.090014 0.911191
v 0.068545 0.063654 0.911191
v 0.094905 0.000014 0.911191
v 0.068545 -0.063625 0.911191
v 0.004905 -0.089986 0.911191
v -0.058735 -0.063625 0.911191
v -0.085095 0.000014 0.911191
v -0.058735 0.063654 0.911191
v 0.134809 -0.079986 0.808171
v 0.134809 -0.079986 0.838171
v 0.335880 -0.004269 0.206628
v 0.335882 -0.004274 0.258287
v 0.241991 -0.230835 0.206631
v 0.242001 -0.230831 0.258290
v 0.234734 -0.229776 0.206637
v 0.234734 -0.229776 0.258296
v 0.333065 -0.004635 0.206637
v 0.333065 -0.004635 0.258296
v 0.009575 -0.328198 0.258296
v 0.009575 -0.328198 0.206637
v 0.292189 -0.130528 0.285540
v 0.292303 -0.129241 0.226691
v 0.236491 -0.239249 0.206655
v 0.236476 -0.239292 0.258313
v 0.126897 -0.297473 0.221670
v 0.127178 -0.300054 0.278747
v 0.010092 -0.333179 0.258316
v 0.010049 -0.333157 0.206658
v 0.313517 -0.068181 0.214039
v 0.312446 -0.071311 0.278723
v 0.070110 -0.314716 0.211568
v 0.071643 -0.315809 0.273506
v 0.267825 -0.178548 0.214103
v 0.268785 -0.176915 0.278992
v 0.179981 -0.269031 0.211232
v 0.179002 -0.271222 0.273772
v 0.314014 -0.064343 0.161462
v 0.292415 -0.127961 0.167916
v 0.265888 -0.180536 0.161469
v 0.313926 -0.065074 0.216659
v 0.265881 -0.181076 0.216666
v 0.293453 -0.129705 0.224960
v 0.182639 -0.265766 0.159817
v 0.126621 -0.294890 0.164621
v 0.066586 -0.313837 0.159811
v 0.066906 -0.315071 0.214165
v 0.182611 -0.267143 0.214161
v 0.127398 -0.298600 0.219881
v 0.313807 -0.066375 0.327165
v 0.292081 -0.131799 0.344356
v 0.313866 -0.065727 0.271917
v 0.265782 -0.182334 0.327153
v 0.265831 -0.181707 0.271925
v 0.293573 -0.131171 0.288859
v 0.182704 -0.269837 0.323053
v 0.127536 -0.302608 0.335915
v 0.067375 -0.317602 0.322881
v 0.067125 -0.316340 0.268541
v 0.182680 -0.268473 0.268537
v 0.127692 -0.301415 0.280916
v 0.335890 -0.004293 0.361617
v 0.335898 -0.004309 0.413276
v 0.241999 -0.230832 0.361585
v 0.241980 -0.230839 0.413243
v 0.234734 -0.229776 0.361614
v 0.234734 -0.229776 0.413273
v 0.333065 -0.004635 0.361614
v 0.333065 -0.004635 0.413273
v 0.236411 -0.239493 0.361757
v 0.236343 -0.239734 0.413439
v 0.155026 -0.300377 0.422822
v 0.180949 -0.297201 0.498651
v 0.009575 -0.328198 0.413273
v 0.009575 -0.328198 0.361614
v 0.287025 -0.139781 0.464877
v 0.290542 -0.136322 0.406301
v 0.010145 -0.333205 0.413252
v 0.010144 -0.333205 0.361593
v 0.313042 -0.070852 0.387493
v 0.314087 -0.071144 0.437449
v 0.073828 -0.316644 0.388241
v 0.072708 -0.317576 0.436630
v 0.265910 -0.181596 0.388281
v 0.264401 -0.184778 0.438751
v 0.193666 -0.271470 0.398602
v 0.206906 -0.269239 0.458159
v 0.313941 -0.067711 0.383066
v 0.314087 -0.069010 0.438975
v 0.264253 -0.184286 0.383537
v 0.262712 -0.186262 0.439945
v 0.289054 -0.135639 0.405468
v 0.286040 -0.139449 0.466650
v 0.068342 -0.317367 0.380597
v 0.069323 -0.317130 0.438327
v 0.195965 -0.268244 0.391098
v 0.208946 -0.266896 0.459051
v 0.154383 -0.299162 0.420055
v 0.181246 -0.295717 0.504265
v 0.293469 -0.129700 0.226707
v 0.293525 -0.128391 0.167764
v 0.292028 -0.133023 0.342054
v 0.291406 -0.131956 0.287954
v 0.315026 -0.066051 0.163222
v 0.267788 -0.180010 0.163200
v 0.315122 -0.066257 0.215609
v 0.267540 -0.181003 0.215650
v 0.315580 -0.070259 0.325112
v 0.314397 -0.070385 0.275924
v 0.268264 -0.180756 0.324993
v 0.268672 -0.179451 0.276671
v 0.287254 -0.140122 0.467047
v 0.290032 -0.136059 0.405129
v 0.314780 -0.069129 0.385012
v 0.315449 -0.069406 0.438831
v 0.265856 -0.184067 0.385729
v 0.264029 -0.187089 0.439908
v 0.126205 -0.299348 0.279658
v 0.126489 -0.302352 0.335155
v 0.125647 -0.294254 0.164709
v 0.125942 -0.297096 0.221740
v 0.180493 -0.265803 0.161702
v 0.066854 -0.313787 0.161939
v 0.066821 -0.315160 0.212952
v 0.180953 -0.266937 0.213271
v 0.180848 -0.269923 0.321609
v 0.067684 -0.317803 0.321309
v 0.067924 -0.316375 0.271909
v 0.180162 -0.268975 0.271638
v 0.153569 -0.298086 0.421762
v 0.180291 -0.296209 0.501757
v 0.069596 -0.317458 0.386319
v 0.069437 -0.317889 0.437434
v 0.194765 -0.269409 0.395654
v 0.208335 -0.266602 0.458282
v 0.289165 -0.128018 0.342311
v 0.287098 -0.127535 0.289352
v 0.314056 -0.065611 0.324135
v 0.313762 -0.065077 0.277965
v 0.290886 -0.083398 0.750328
v 0.289850 -0.096448 0.695750
v 0.288771 -0.109533 0.641182
v 0.287640 -0.122640 0.586621
v 0.333065 -0.004635 0.531726
v 0.333065 -0.004635 0.598521
v 0.333065 -0.004635 0.665316
v 0.333065 -0.004635 0.732110
v 0.293133 -0.085905 0.748636
v 0.290236 -0.099788 0.688790
v 0.288895 -0.112431 0.640526
v 0.286280 -0.127467 0.577695
v 0.335896 -0.004304 0.531680
v 0.335876 -0.004262 0.598473
v 0.335856 -0.004217 0.665266
v 0.335834 -0.004168 0.732059
v 0.313354 -0.070959 0.553528
v 0.311453 -0.068546 0.622373
v 0.312111 -0.065903 0.674832
v 0.312428 -0.060369 0.737874
v 0.009575 -0.328198 0.732110
v 0.009575 -0.328198 0.665315
v 0.009575 -0.328198 0.598521
v 0.009575 -0.328198 0.531726
v 0.178077 -0.289370 0.625561
v 0.152566 -0.287883 0.666445
v 0.127055 -0.286395 0.707328
v 0.101545 -0.284908 0.748212
v 0.009886 -0.333081 0.732037
v 0.009960 -0.333114 0.665243
v 0.010032 -0.333149 0.598450
v 0.010102 -0.333184 0.531656
v 0.181324 -0.291703 0.620780
v 0.151815 -0.290744 0.671062
v 0.131109 -0.289216 0.704372
v 0.104159 -0.289176 0.749370
v 0.072331 -0.315499 0.553030
v 0.073053 -0.311818 0.626328
v 0.071064 -0.311699 0.674817
v 0.065069 -0.310622 0.738069
v 0.092412 -0.293746 0.005002
v 0.070708 -0.294474 0.790358
v 0.094156 -0.298164 0.003610
v 0.133554 -0.309768 0.544172
v 0.071790 -0.299352 0.792036
v 0.096738 -0.304314 0.162264
v 0.097791 -0.309999 0.329369
v 0.097161 -0.306182 0.217953
v 0.097407 -0.308109 0.273686
v 0.099908 -0.304848 0.163895
v 0.099565 -0.307029 0.216737
v 0.100189 -0.310994 0.327709
v 0.101076 -0.308591 0.276460
v 0.111819 -0.308117 0.400270
v 0.126026 -0.306206 0.471030
v 0.116521 -0.308285 0.405128
v 0.126852 -0.308238 0.468974
v 0.098175 -0.302902 0.162549
v 0.097596 -0.305500 0.218275
v 0.097998 -0.309620 0.329183
v 0.099328 -0.306560 0.275109
v 0.114930 -0.305893 0.403885
v 0.124229 -0.307438 0.470224
v 0.125697 -0.308054 0.586481
v 0.112164 -0.302832 0.645635
v 0.101172 -0.301111 0.691408
v 0.085247 -0.298709 0.744208
v 0.139989 -0.304342 0.542003
v 0.070233 -0.316911 0.496053
v 0.206320 -0.294215 0.586557
v 0.181096 -0.292816 0.626756
v 0.069142 -0.315264 0.556493
v 0.126651 -0.302792 0.592469
v 0.155531 -0.291415 0.667640
v 0.129878 -0.290191 0.708505
v 0.067952 -0.313642 0.617039
v 0.066588 -0.312083 0.677552
v 0.113266 -0.301242 0.643149
v 0.099337 -0.299869 0.693702
v 0.138053 -0.314392 0.546321
v 0.130203 -0.312597 0.588600
v 0.076056 -0.325554 0.505272
v 0.203556 -0.302539 0.589691
v 0.183265 -0.301108 0.622131
v 0.075272 -0.324449 0.553893
v 0.140025 -0.312855 0.543302
v 0.128368 -0.311196 0.591547
v 0.075120 -0.325102 0.503419
v 0.206527 -0.301498 0.588984
v 0.184036 -0.300054 0.625104
v 0.072635 -0.323415 0.555415
v 0.112360 -0.299915 0.644133
v 0.100250 -0.298130 0.692605
v 0.154328 -0.288289 0.670563
v 0.131701 -0.286887 0.706937
v 0.071517 -0.310658 0.622892
v 0.068857 -0.309644 0.675954
v 0.139487 -0.302858 0.541596
v 0.126263 -0.301445 0.592300
v 0.072496 -0.315062 0.500351
v 0.207049 -0.290322 0.588029
v 0.182883 -0.289172 0.626467
v 0.069606 -0.313815 0.555682
v 0.314225 -0.070338 0.494837
v 0.284522 -0.141981 0.525833
v 0.288202 -0.126926 0.582278
v 0.291424 -0.099599 0.693163
v 0.289749 -0.113280 0.637707
v 0.313729 -0.067930 0.555563
v 0.313244 -0.065501 0.616351
v 0.312824 -0.062940 0.677130
v 0.309408 -0.069841 0.497883
v 0.279301 -0.139590 0.528172
v 0.281123 -0.126164 0.580259
v 0.284828 -0.099179 0.691150
v 0.283174 -0.112484 0.639184
v 0.309504 -0.066604 0.554435
v 0.307791 -0.065062 0.619237
v 0.307955 -0.061891 0.676077
v 0.004905 0.332146 -0.004520
v 0.005196 0.334686 0.801762
v 0.238250 0.233360 -0.004998
v 0.240208 0.234977 0.804309
v 0.336465 0.000342 -0.004737
v 0.337898 0.003386 0.802164
v 0.239041 -0.234131 -0.004870
v 0.238250 -0.228331 0.800002
v 0.004572 -0.331529 -0.004742
v 0.006932 -0.327019 0.803479
v -0.228440 -0.233331 -0.004998
v -0.230472 -0.235858 0.803809
v -0.327227 0.000014 -0.004520
v -0.329996 -0.000119 0.800986
v -0.228440 0.233360 -0.004998
v -0.230953 0.236133 0.803318
v 0.004905 0.334432 0.116631
v 0.004905 0.334432 0.230916
v 0.004905 0.334432 0.345202
v 0.005123 0.335002 0.456874
v 0.005123 0.335002 0.571160
v 0.005123 0.335002 0.685446
v 0.242005 0.236460 0.686854
v 0.242005 0.236460 0.572568
v 0.242005 0.236460 0.458282
v 0.238250 0.233360 0.347859
v 0.238250 0.233360 0.233574
v 0.238250 0.233360 0.119288
v 0.339049 -0.002608 0.686692
v 0.339049 -0.002608 0.572406
v 0.339049 -0.002608 0.458121
v 0.337903 -0.002984 0.345509
v 0.337903 -0.002984 0.231224
v 0.337903 -0.002984 0.116938
v 0.007655 -0.334106 0.686392
v 0.007655 -0.334106 0.572106
v 0.007655 -0.334106 0.457820
v 0.007903 -0.332984 0.345509
v 0.007903 -0.332984 0.231224
v 0.007903 -0.332984 0.116938
v -0.231542 -0.237190 0.685018
v -0.231542 -0.237190 0.570732
v -0.231542 -0.237190 0.456446
v -0.228440 -0.233331 0.347859
v -0.228440 -0.233331 0.233574
v -0.228440 -0.233331 0.119288
v -0.330016 -0.000079 0.684839
v -0.330016 -0.000079 0.570553
v -0.330016 -0.000079 0.456267
v -0.329512 0.000014 0.345202
v -0.329512 0.000014 0.230916
v -0.329512 0.000014 0.116631
v -0.231509 0.236747 0.683689
v -0.231509 0.236747 0.569403
v -0.231509 0.236747 0.455118
v -0.228440 0.233360 0.347859
v -0.228440 0.233360 0.233574
v -0.228440 0.233360 0.119288
v 0.280304 -0.142947 0.534999
v 0.211753 -0.287335 0.589238
v 0.000235 -0.331773 0.464931
v 0.241458 -0.235610 0.468016
v 0.336744 0.004664 0.464931
v 0.004905 0.335014 0.723812
v 0.004905 0.335014 0.761907
v 0.005531 -0.342078 0.464928
v 0.205360 -0.302023 0.590974
v 0.338440 -0.003521 0.761907
v 0.338440 -0.003521 0.723812
v 0.008440 -0.333521 0.761907
v 0.008440 -0.333521 0.723812
v -0.000651 0.341450 0.304764
v -0.000651 0.341450 0.228574
v -0.330095 0.000014 0.761907
v -0.330095 0.000014 0.723812
v 0.010829 0.341817 0.304764
v 0.010829 0.341817 0.228574
v 0.004905 0.335014 0.609526
v 0.004905 0.335014 0.647621
v 0.246115 -0.241618 0.465406
v 0.244962 -0.242515 -0.002910
v 0.338440 -0.003521 0.647621
v 0.338440 -0.003521 0.609526
v 0.008440 -0.333521 0.647621
v 0.008440 -0.333521 0.609526
v -0.000651 0.341450 0.190478
v -0.000847 0.340466 -0.003002
v -0.330095 0.000014 0.647621
v -0.330095 0.000014 0.609526
v 0.010829 0.341817 0.190478
v 0.010829 0.341817 0.114288
v 0.004905 0.335014 0.495240
v 0.004905 0.335014 0.533336
v 0.006136 -0.341361 -0.002894
v 0.125821 -0.292483 -0.003655
v 0.338440 -0.003521 0.533336
v 0.338440 -0.003521 0.495240
v 0.008440 -0.333521 0.533336
v 0.008440 -0.333521 0.495240
v -0.238508 0.243427 0.038098
v -0.335547 0.005766 0.803007
v -0.330095 0.000014 0.533336
v -0.330095 0.000014 0.495240
v 0.010829 0.341817 0.076193
v 0.346708 0.005938 0.038098
v 0.004905 0.335014 0.380955
v 0.004905 0.335014 0.419050
v 0.297257 -0.080152 0.808687
v 0.344165 -0.000554 0.801780
v 0.338440 -0.003521 0.419050
v 0.338440 -0.003521 0.380955
v 0.008440 -0.333521 0.419050
v 0.008440 -0.333521 0.380955
v -0.237717 0.242636 0.803154
v -0.237717 0.242636 -0.003149
v -0.330095 0.000014 0.419050
v -0.330095 0.000014 0.380955
v 0.345724 0.006134 0.803007
v 0.345724 0.006134 -0.003002
v 0.004905 0.335014 0.266669
v 0.004905 0.335014 0.304764
v 0.294640 -0.139600 0.532221
v 0.344928 -0.000012 0.464919
v 0.338440 -0.003521 0.304764
v 0.338440 -0.003521 0.266669
v 0.008440 -0.333521 0.304764
v 0.008440 -0.333521 0.266669
v -0.335547 0.005767 -0.003002
v -0.336531 0.005571 0.038098
v -0.330095 0.000014 0.304764
v -0.330095 0.000014 0.266669
v 0.248685 0.243794 0.038098
v 0.010829 0.341817 0.761907
v 0.004905 0.335014 0.152383
v 0.004905 0.335014 0.190478
v 0.344151 -0.000508 -0.002892
v 0.245281 -0.239906 0.466755
v 0.338440 -0.003521 0.190478
v 0.338440 -0.003521 0.152383
v 0.008440 -0.333521 0.190478
v 0.008440 -0.333521 0.152383
v -0.000651 0.341450 0.114288
v -0.000651 0.341450 0.076193
v -0.330095 0.000014 0.190478
v -0.330095 0.000014 0.152383
v 0.011024 0.340833 0.803007
v 0.247894 0.243004 0.803154
v 0.245284 -0.239297 -0.002901
v 0.295284 -0.120162 -0.003622
v 0.338440 -0.003521 0.076193
v 0.338440 -0.003521 0.038098
v 0.004905 0.335014 0.038098
v 0.004905 0.335014 0.076193
v 0.008440 -0.333521 0.076193
v 0.008440 -0.333521 0.038097
v -0.000847 0.340466 0.803007
v -0.000651 0.341450 0.761907
v -0.330095 0.000014 0.076193
v -0.330095 0.000014 0.038098
v 0.247894 0.243004 -0.003149
v 0.011024 0.340834 -0.003002
v 0.121575 -0.281652 -0.004998
v 0.286572 -0.116656 -0.004998
v 0.289688 -0.078173 0.809905
v 0.083052 -0.280144 0.795213
v 0.001637 -0.331246 0.802473
v 0.336206 0.003280 0.802461
v -0.171912 0.261889 0.684083
v -0.113576 0.286053 0.684083
v -0.055240 0.310216 0.684083
v -0.305076 0.060067 0.683508
v -0.280912 0.118404 0.683508
v -0.256748 0.176740 0.683508
v -0.256964 -0.176800 0.684063
v -0.281127 -0.118464 0.684063
v -0.305291 -0.060128 0.684063
v -0.055345 -0.310441 0.685700
v -0.113681 -0.286278 0.685700
v -0.172017 -0.262114 0.685700
v 0.266773 0.176829 0.687370
v 0.290937 0.118493 0.687370
v 0.315101 0.060157 0.687370
v 0.065155 0.310470 0.685733
v 0.123491 0.286306 0.685733
v 0.181827 0.262143 0.685733
v 0.090625 -0.250705 0.687782
v 0.255625 -0.085705 0.687782
v -0.171912 0.261889 0.569797
v -0.113576 0.286053 0.569797
v -0.055240 0.310216 0.569797
v -0.305076 0.060067 0.569223
v -0.280912 0.118404 0.569223
v -0.256748 0.176740 0.569223
v -0.256964 -0.176800 0.569778
v -0.281127 -0.118464 0.569778
v -0.305291 -0.060128 0.569778
v -0.055345 -0.310441 0.571415
v -0.113681 -0.286278 0.571415
v -0.172017 -0.262114 0.571415
v 0.266773 0.176829 0.573084
v 0.290937 0.118493 0.573084
v 0.315101 0.060157 0.573084
v 0.065155 0.310470 0.571447
v 0.123491 0.286306 0.571447
v 0.181827 0.262143 0.571447
v 0.090625 -0.250705 0.573496
v 0.255625 -0.085705 0.573496
v -0.183580 0.257056 0.455511
v -0.136911 0.276387 0.455511
v -0.090241 0.295718 0.455511
v -0.043572 0.315049 0.455511
v -0.309909 0.048400 0.454937
v -0.290578 0.095069 0.454937
v -0.271247 0.141738 0.454937
v -0.251916 0.188407 0.454937
v -0.252131 -0.188468 0.455492
v -0.271462 -0.141799 0.455492
v -0.290793 -0.095129 0.455492
v -0.310124 -0.048460 0.455492
v -0.043678 -0.315274 0.457129
v -0.090347 -0.295943 0.457129
v -0.137016 -0.276612 0.457129
v -0.183685 -0.257281 0.457129
v 0.261941 0.188496 0.458798
v 0.281272 0.141827 0.458798
v 0.300603 0.095158 0.458798
v 0.319934 0.048489 0.458798
v 0.053487 0.315303 0.457161
v 0.100156 0.295972 0.457161
v 0.146825 0.276641 0.457161
v 0.193495 0.257310 0.457161
v 0.074125 -0.267205 0.459210
v 0.176649 -0.203308 0.439086
v 0.242983 -0.136882 0.439159
v 0.272469 -0.068763 0.459285
v -0.000297 -0.341067 0.038097
v -0.000492 -0.340083 -0.003002
v -0.237362 -0.242253 -0.003149
v -0.237362 -0.242253 0.803154
v -0.000492 -0.340083 0.803007
v -0.238153 -0.243043 0.038097
v -0.335192 -0.005383 -0.003002
v -0.335192 -0.005383 0.803007
v -0.336176 -0.005187 0.038098
v -0.000297 -0.341067 0.723812
v -0.000297 -0.341067 0.685717
v -0.000297 -0.341067 0.609526
v -0.000297 -0.341067 0.571431
v -0.000297 -0.341067 0.495240
v -0.000297 -0.341067 0.457145
v -0.000297 -0.341067 0.380955
v -0.000297 -0.341067 0.342859
v -0.000297 -0.341067 0.266669
v -0.000297 -0.341067 0.228574
v -0.000297 -0.341067 0.152383
v -0.000297 -0.341067 0.114288
v -0.238153 -0.243043 0.723812
v -0.238153 -0.243043 0.685717
v -0.238153 -0.243043 0.609526
v -0.238153 -0.243043 0.571431
v -0.238153 -0.243043 0.495240
v -0.238153 -0.243043 0.457145
v -0.238153 -0.243043 0.380955
v -0.238153 -0.243043 0.342859
v -0.238153 -0.243043 0.266669
v -0.238153 -0.243043 0.228574
v -0.238153 -0.243043 0.152383
v -0.238153 -0.243043 0.114288
v -0.336176 -0.005187 0.723812
v -0.336176 -0.005187 0.685717
v -0.336176 -0.005187 0.609526
v -0.336176 -0.005187 0.571431
v -0.336176 -0.005187 0.495240
v -0.336176 -0.005187 0.457145
v -0.336176 -0.005187 0.380955
v -0.336176 -0.005187 0.342859
v -0.336176 -0.005187 0.266669
v -0.336176 -0.005187 0.228574
v -0.336176 -0.005187 0.152383
v -0.336176 -0.005187 0.114288
v -0.316561 -0.054745 0.457145
v -0.311728 -0.066412 0.571431
v -0.311728 -0.066412 0.685717
v -0.189862 -0.263458 0.457145
v -0.178194 -0.268291 0.571431
v -0.178194 -0.268291 0.685717
v -0.000297 -0.341067 0.761907
v -0.238153 -0.243043 0.761907
v -0.336176 -0.005187 0.761907
v -0.000297 -0.341067 0.647621
v -0.238153 -0.243043 0.647621
v -0.336176 -0.005187 0.647621
v -0.000297 -0.341067 0.533336
v -0.238153 -0.243043 0.533336
v -0.336176 -0.005187 0.533336
v -0.000297 -0.341067 0.419050
v -0.238153 -0.243043 0.419050
v -0.336176 -0.005187 0.419050
v -0.000297 -0.341067 0.304764
v -0.238153 -0.243043 0.304764
v -0.336176 -0.005187 0.304764
v -0.000297 -0.341067 0.190478
v -0.238153 -0.243043 0.190478
v -0.336176 -0.005187 0.190478
v -0.000297 -0.341067 0.076193
v -0.238153 -0.243043 0.076193
v -0.336176 -0.005187 0.076193
v -0.263400 -0.183085 0.685717
v -0.287564 -0.124749 0.685717
v -0.061522 -0.316618 0.685717
v -0.119858 -0.292455 0.685717
v -0.263400 -0.183085 0.571431
v -0.287564 -0.124749 0.571431
v -0.061522 -0.316618 0.571431
v -0.119858 -0.292455 0.571431
v -0.258568 -0.194752 0.457145
v -0.277899 -0.148083 0.457145
v -0.297230 -0.101414 0.457145
v -0.049855 -0.321451 0.457145
v -0.096524 -0.302120 0.457145
v -0.143193 -0.282789 0.457145
v -0.000651 0.341450 0.342859
v -0.000651 0.341450 0.419050
v -0.000651 0.341450 0.457145
v -0.000651 0.341450 0.533336
v -0.000651 0.341450 0.571431
v -0.000651 0.341450 0.647621
v -0.000651 0.341450 0.685717
v -0.334546 0.002532 0.724412
v -0.334391 0.002380 0.685717
v -0.336531 0.005571 0.609526
v -0.336531 0.005571 0.571431
v -0.336531 0.005571 0.495240
v -0.336531 0.005571 0.457145
v -0.336531 0.005571 0.380955
v -0.336531 0.005571 0.342859
v -0.336531 0.005571 0.266669
v -0.336531 0.005571 0.228574
v -0.336531 0.005571 0.152383
v -0.336531 0.005571 0.114288
v -0.235283 0.244842 0.724441
v -0.234988 0.244891 0.685717
v -0.238508 0.243427 0.609526
v -0.238508 0.243427 0.571431
v -0.238508 0.243427 0.495240
v -0.238508 0.243427 0.457145
v -0.238508 0.243427 0.380955
v -0.238508 0.243427 0.342859
v -0.238508 0.243427 0.266669
v -0.238508 0.243427 0.228574
v -0.238508 0.243427 0.152383
v -0.238508 0.243427 0.114288
v -0.050209 0.321835 0.457145
v -0.061877 0.317002 0.571431
v -0.061877 0.317002 0.685717
v -0.258922 0.195136 0.457145
v -0.263755 0.183469 0.571431
v -0.000651 0.341450 0.723812
v -0.336531 0.005571 0.761907
v -0.238508 0.243427 0.761907
v -0.000651 0.341450 0.609526
v -0.336387 0.005156 0.646979
v -0.238181 0.243681 0.647034
v -0.000651 0.341450 0.495240
v -0.336531 0.005571 0.533336
v -0.238508 0.243427 0.533336
v -0.000651 0.341450 0.380955
v -0.336531 0.005571 0.419050
v -0.238508 0.243427 0.419050
v -0.000651 0.341450 0.266669
v -0.336531 0.005571 0.304764
v -0.238508 0.243427 0.304764
v -0.000651 0.341450 0.152383
v -0.336531 0.005571 0.190478
v -0.238508 0.243427 0.190478
v -0.000651 0.341450 0.038098
v -0.336531 0.005571 0.076193
v -0.238508 0.243427 0.076193
v -0.178549 0.268675 0.685717
v -0.120213 0.292838 0.685717
v -0.178549 0.268675 0.571431
v -0.120213 0.292838 0.571431
v -0.312083 0.066796 0.571431
v -0.287919 0.125132 0.571431
v -0.190216 0.263842 0.457145
v -0.143547 0.283173 0.457145
v -0.096878 0.302504 0.457145
v -0.316915 0.055129 0.457145
v -0.297584 0.101798 0.457145
v -0.278253 0.148467 0.457145
v 0.010829 0.341817 0.342859
v 0.010829 0.341817 0.419050
v 0.010829 0.341817 0.457145
v 0.010829 0.341817 0.533336
v 0.010829 0.341817 0.571431
v 0.010829 0.341817 0.647621
v 0.010829 0.341817 0.685717
v 0.248685 0.243794 0.723812
v 0.248685 0.243794 0.685717
v 0.248685 0.243794 0.609526
v 0.248685 0.243794 0.571431
v 0.248685 0.243794 0.495240
v 0.248685 0.243794 0.457145
v 0.248685 0.243794 0.380955
v 0.248685 0.243794 0.342859
v 0.248685 0.243794 0.266669
v 0.248685 0.243794 0.228574
v 0.248685 0.243794 0.152383
v 0.248685 0.243794 0.114288
v 0.346708 0.005938 0.723812
v 0.346708 0.005938 0.685717
v 0.346708 0.005938 0.609526
v 0.346708 0.005938 0.571431
v 0.346708 0.005938 0.495240
v 0.346708 0.005938 0.457145
v 0.346708 0.005938 0.380955
v 0.346708 0.005938 0.342859
v 0.346708 0.005938 0.266669
v 0.346708 0.005938 0.228574
v 0.346708 0.005938 0.152383
v 0.346708 0.005938 0.114288
v 0.327093 0.055496 0.457145
v 0.322260 0.067163 0.571431
v 0.322260 0.067163 0.685717
v 0.200394 0.264209 0.457145
v 0.188726 0.269042 0.571431
v 0.188726 0.269042 0.685717
v 0.010829 0.341817 0.723812
v 0.248685 0.243794 0.761907
v 0.346708 0.005938 0.761907
v 0.010829 0.341817 0.609526
v 0.248685 0.243794 0.647621
v 0.346708 0.005938 0.647621
v 0.010829 0.341817 0.495240
v 0.248685 0.243794 0.533336
v 0.346708 0.005938 0.533336
v 0.010829 0.341817 0.380955
v 0.248685 0.243794 0.419050
v 0.346708 0.005938 0.419050
v 0.010829 0.341817 0.266669
v 0.248685 0.243794 0.304764
v 0.346708 0.005938 0.304764
v 0.010829 0.341817 0.152383
v 0.248685 0.243794 0.190478
v 0.346708 0.005938 0.190478
v 0.248685 0.243794 0.076193
v 0.346708 0.005938 0.076193
v 0.010829 0.341817 0.038098
v 0.273932 0.183836 0.685717
v 0.298096 0.125500 0.685717
v 0.072054 0.317369 0.685717
v 0.130390 0.293206 0.685717
v 0.273932 0.183836 0.571431
v 0.298096 0.125500 0.571431
v 0.072054 0.317369 0.571431
v 0.130390 0.293206 0.571431
v 0.269100 0.195503 0.457145
v 0.288431 0.148834 0.457145
v 0.307762 0.102165 0.457145
v 0.060387 0.322202 0.457145
v 0.107056 0.302871 0.457145
v 0.153725 0.283540 0.457145
v 0.085931 -0.289949 0.796395
v 0.006194 -0.341376 0.801774
v 0.235289 0.239938 0.810399
v 0.000110 0.336842 0.809511
v 0.331475 0.006722 0.810470
v 0.233675 -0.226471 0.810035
v -0.000537 -0.323201 0.810028
v -0.237006 -0.228711 0.808827
v -0.332543 0.005746 0.808707
v -0.234703 0.239805 0.808975
v -0.048148 0.316909 0.465544
v -0.000137 0.336727 0.466066
v -0.059815 0.312077 0.579830
v -0.000137 0.336727 0.580351
v -0.059815 0.312077 0.694116
v -0.000137 0.336727 0.694637
v -0.256491 0.190267 0.464970
v -0.236343 0.238312 0.465088
v -0.261324 0.178600 0.579256
v -0.236343 0.238312 0.579373
v -0.261324 0.178600 0.693541
v -0.236343 0.238312 0.693659
v -0.314699 -0.046600 0.465525
v -0.334206 0.002036 0.465080
v -0.309866 -0.058267 0.579811
v -0.334206 0.002036 0.579366
v -0.309866 -0.058268 0.694096
v -0.334206 0.002036 0.693651
v -0.188260 -0.255421 0.467162
v -0.236770 -0.234571 0.466041
v -0.176593 -0.260254 0.581448
v -0.236770 -0.234571 0.580327
v -0.176593 -0.260254 0.695734
v -0.236770 -0.234571 0.694612
v 0.315358 0.050349 0.468831
v 0.334782 0.001164 0.469340
v 0.310526 0.062017 0.583117
v 0.334782 0.001165 0.583626
v 0.310526 0.062017 0.697403
v 0.334782 0.001164 0.697912
v 0.188919 0.259170 0.467194
v 0.236777 0.239079 0.467877
v 0.177252 0.264003 0.581480
v 0.236777 0.239079 0.582163
v 0.177252 0.264003 0.695766
v 0.236777 0.239079 0.696449
v 0.267883 -0.066919 0.469316
v 0.251050 -0.083845 0.583529
v 0.251050 -0.083845 0.697815
v -0.176488 0.263749 0.694116
v -0.118151 0.287913 0.694116
v -0.309651 0.061928 0.693541
v -0.285487 0.120264 0.693541
v -0.261539 -0.174940 0.694096
v -0.285703 -0.116604 0.694096
v 0.000549 -0.333018 0.696757
v -0.059920 -0.308581 0.695734
v -0.118256 -0.284417 0.695734
v 0.262198 0.178689 0.697403
v 0.286362 0.120353 0.697403
v 0.060579 0.312330 0.695766
v 0.118916 0.288167 0.695766
v 0.086050 -0.248845 0.697815
v -0.176488 0.263749 0.579830
v -0.118151 0.287913 0.579830
v -0.309651 0.061928 0.579256
v -0.285487 0.120264 0.579256
v -0.261539 -0.174940 0.579811
v -0.285703 -0.116604 0.579811
v 0.000549 -0.333018 0.582471
v -0.059920 -0.308581 0.581448
v -0.118256 -0.284417 0.581448
v 0.262198 0.178689 0.583117
v 0.286362 0.120353 0.583117
v 0.060579 0.312330 0.581480
v 0.118916 0.288167 0.581480
v 0.086050 -0.248845 0.583529
v -0.188155 0.258917 0.465544
v -0.141486 0.278248 0.465544
v -0.094817 0.297578 0.465544
v -0.314484 0.050260 0.464970
v -0.295153 0.096929 0.464970
v -0.275822 0.143598 0.464970
v -0.256706 -0.186607 0.465525
v -0.276037 -0.139938 0.465525
v -0.295368 -0.093269 0.465525
v 0.000549 -0.333018 0.468185
v -0.048253 -0.313414 0.467162
v -0.094922 -0.294083 0.467162
v -0.141591 -0.274752 0.467162
v 0.257365 0.190357 0.468831
v 0.276696 0.143688 0.468831
v 0.296027 0.097019 0.468831
v 0.048912 0.317163 0.467194
v 0.095581 0.297832 0.467194
v 0.142250 0.278501 0.467194
v 0.069550 -0.265345 0.469243
v 0.172074 -0.201448 0.449119
v 0.238419 -0.135006 0.449194
v -0.338118 0.006272 0.737940
v -0.340815 0.006478 0.695750
v -0.239397 0.244610 0.737945
v -0.241476 0.246365 0.695750
v -0.268330 0.185329 0.695750
v -0.340840 0.006746 0.656801
v -0.241683 0.246192 0.656804
v -0.316658 0.068656 0.695750
v -0.292494 0.126992 0.695750
v 0.233675 0.240220 0.810035
v 0.000330 0.336875 0.810035
v 0.330330 0.006875 0.810035
v 0.233675 -0.226471 0.810035
v 0.000330 -0.323125 0.810035
v -0.233016 -0.226471 0.810035
v -0.329670 0.006875 0.810035
v -0.233016 0.240220 0.810035
v 0.233675 0.240220 0.810035
v 0.000330 0.336875 0.810035
v 0.330330 0.006875 0.810035
v 0.233675 -0.226471 0.810035
v 0.000330 -0.323125 0.810035
v -0.233016 -0.226471 0.810035
v -0.329670 0.006875 0.810035
v -0.233016 0.240220 0.810035
v 0.238250 -0.228331 0.800002
v 0.334905 0.005014 0.800002
v 0.004905 -0.324986 0.800002
v 0.233675 -0.226471 0.810035
v 0.330330 0.006875 0.810035
v 0.000330 -0.323125 0.810035
v 0.237027 -0.228938 0.797950
v 0.334086 0.004702 0.798467
v 0.004307 -0.325034 0.800355
v 0.236080 -0.229761 0.814072
v 0.331619 0.006332 0.811899
v 0.000935 -0.323328 0.811308
v 0.252428 -0.237322 0.788510
v 0.350244 0.000615 0.788843
v 0.016433 -0.333709 0.787627
v 0.248396 -0.235523 0.804874
v 0.345517 0.003664 0.804169
v 0.013238 -0.333818 0.803853
v 0.004905 0.140014 0.806379
v 0.074905 0.121258 0.806379
v 0.126148 0.070014 0.806379
v 0.144905 0.000014 0.806379
v 0.126148 -0.069986 0.806379
v 0.074905 -0.121229 0.806379
v 0.004905 -0.139986 0.806379
v -0.065095 -0.121229 0.806379
v -0.116339 -0.069986 0.806379
v -0.135095 0.000014 0.806379
v -0.116339 0.070014 0.806379
v -0.065095 0.121258 0.806379
v 0.004905 0.150014 0.803171
v 0.079905 0.129918 0.803171
v 0.134809 0.075014 0.803171
v 0.154905 0.000014 0.803171
v 0.134809 -0.072413 0.803883
v 0.134809 -0.069986 0.838171
v 0.079905 -0.129889 0.803171
v 0.004905 -0.149986 0.803171
v -0.070095 -0.129889 0.803171
v -0.124999 -0.074986 0.803171
v -0.145095 0.000014 0.803171
v -0.124999 0.075014 0.803171
v -0.070095 0.129918 0.803171
v 0.257581 0.186691 -0.004998
v 0.276912 0.140022 -0.004998
v 0.296243 0.093353 -0.004998
v 0.315574 0.046683 -0.004998
v 0.267747 0.194943 -0.003533
v 0.287078 0.148274 -0.003533
v 0.306409 0.101605 -0.003533
v 0.325740 0.054936 -0.003533
v 0.269100 0.195503 0.114288
v 0.288431 0.148834 0.114288
v 0.307762 0.102165 0.114288
v 0.327093 0.055496 0.114288
v 0.269100 0.195503 0.228574
v 0.288431 0.148834 0.228574
v 0.307762 0.102165 0.228574
v 0.327093 0.055496 0.228574
v 0.269100 0.195503 0.342859
v 0.288431 0.148834 0.342859
v 0.307762 0.102165 0.342859
v 0.327093 0.055496 0.342859
v 0.271110 0.189979 0.385246
v 0.287943 0.148632 0.387482
v 0.306409 0.101605 0.388782
v 0.324432 0.060671 0.386754
v 0.270878 0.189963 0.413251
v 0.287078 0.148274 0.411223
v 0.306409 0.101605 0.411223
v 0.324432 0.060671 0.413251
v 0.270275 0.191419 0.270892
v 0.287078 0.148274 0.272920
v 0.306409 0.101605 0.272920
v 0.325035 0.059215 0.270892
v 0.270275 0.191419 0.300541
v 0.287078 0.148274 0.298513
v 0.306409 0.101605 0.298513
v 0.325035 0.059215 0.300541
v 0.270753 0.190265 0.157855
v 0.287078 0.148274 0.159883
v 0.306409 0.101605 0.159883
v 0.324558 0.060369 0.157855
v 0.270753 0.190265 0.185007
v 0.287078 0.148274 0.182979
v 0.306409 0.101605 0.182979
v 0.324558 0.060369 0.185007
v 0.269100 0.195503 0.038098
v 0.288431 0.148834 0.038098
v 0.307762 0.102165 0.038098
v 0.327093 0.055496 0.038098
v 0.269100 0.195503 0.076193
v 0.288431 0.148834 0.076193
v 0.307762 0.102165 0.076193
v 0.327093 0.055496 0.076193
v 0.051574 0.310683 -0.004998
v 0.098243 0.291353 -0.004998
v 0.144912 0.272022 -0.004998
v 0.191581 0.252691 -0.004998
v 0.059826 0.320849 -0.003533
v 0.106495 0.301518 -0.003533
v 0.153164 0.282187 -0.003533
v 0.199833 0.262856 -0.003533
v 0.060387 0.322202 0.114288
v 0.107056 0.302871 0.114288
v 0.153725 0.283540 0.114288
v 0.200394 0.264209 0.114288
v 0.060387 0.322202 0.228574
v 0.107056 0.302871 0.228574
v 0.153725 0.283540 0.228574
v 0.200394 0.264209 0.228574
v 0.060387 0.322202 0.342859
v 0.107056 0.302871 0.342859
v 0.153725 0.283540 0.342859
v 0.200394 0.264209 0.342859
v 0.064815 0.319851 0.385946
v 0.106495 0.301518 0.387974
v 0.153164 0.282187 0.387974
v 0.195600 0.265678 0.385946
v 0.064815 0.319851 0.414059
v 0.106495 0.301518 0.412031
v 0.153164 0.282187 0.412031
v 0.195600 0.265678 0.414059
v 0.064637 0.319925 0.271468
v 0.106495 0.301518 0.273496
v 0.153164 0.282187 0.273496
v 0.195777 0.265605 0.271468
v 0.064637 0.319925 0.299965
v 0.106495 0.301518 0.297937
v 0.153164 0.282187 0.297937
v 0.195777 0.265605 0.299965
v 0.064474 0.319992 0.157006
v 0.108914 0.299814 0.158385
v -0.138629 0.278842 0.383841
v 0.193495 0.265066 0.154012
v 0.064474 0.319992 0.185856
v 0.106495 0.301518 0.183828
v 0.153164 0.282187 0.183828
v 0.195941 0.265537 0.185856
v 0.060387 0.322202 0.038098
v 0.107056 0.302871 0.038098
v 0.153725 0.283540 0.038098
v 0.200394 0.264209 0.038098
v 0.060387 0.322202 0.076193
v 0.107056 0.302871 0.076193
v 0.153725 0.283540 0.076193
v 0.200394 0.264209 0.076193
v -0.181771 0.252691 -0.004998
v -0.135102 0.272022 -0.004998
v -0.088433 0.291353 -0.004998
v -0.041764 0.310683 -0.004998
v -0.189656 0.262489 -0.003533
v -0.142987 0.281820 -0.003533
v -0.096318 0.301151 -0.003533
v -0.049649 0.320482 -0.003533
v -0.190216 0.263842 0.114288
v -0.143547 0.283173 0.114288
v -0.096878 0.302504 0.114288
v -0.050209 0.321835 0.114288
v -0.190216 0.263842 0.228574
v -0.143547 0.283173 0.228574
v -0.096878 0.302504 0.228574
v -0.050209 0.321835 0.228574
v -0.190216 0.263842 0.342859
v -0.143547 0.283173 0.342859
v -0.096878 0.302504 0.342859
v -0.050209 0.321835 0.342859
v -0.184848 0.265549 0.386568
v -0.140072 0.282325 0.387947
v -0.098737 0.299447 0.387947
v -0.055212 0.319246 0.386568
v -0.184848 0.265549 0.413437
v -0.142987 0.281820 0.411409
v -0.096318 0.301151 0.411409
v -0.055212 0.319246 0.413437
v -0.184877 0.265537 0.272250
v -0.143345 0.282685 0.272979
v -0.096676 0.302016 0.272979
v -0.055183 0.319258 0.272250
v -0.184877 0.265537 0.299183
v -0.142987 0.281820 0.297155
v -0.096318 0.301151 0.297155
v -0.055183 0.319258 0.299183
v -0.190216 0.263842 0.152383
v -0.143547 0.283173 0.152383
v -0.096878 0.302504 0.152383
v -0.050209 0.321835 0.152383
v -0.190216 0.263842 0.190478
v -0.143547 0.283173 0.190478
v -0.096878 0.302504 0.190478
v -0.050209 0.321835 0.190478
v -0.190216 0.263842 0.038098
v -0.143547 0.283173 0.038098
v -0.096878 0.302504 0.038098
v -0.050209 0.321835 0.038098
v -0.190216 0.263842 0.076193
v -0.143547 0.283173 0.076193
v -0.096878 0.302504 0.076193
v -0.050209 0.321835 0.076193
v -0.305764 0.046683 -0.004998
v -0.286433 0.093353 -0.004998
v -0.267102 0.140022 -0.004998
v -0.247771 0.186691 -0.004998
v -0.315562 0.054568 -0.003533
v -0.296231 0.101237 -0.003533
v -0.276900 0.147906 -0.003533
v -0.257569 0.194575 -0.003533
v -0.316915 0.055129 0.114288
v -0.297584 0.101798 0.114288
v -0.278253 0.148467 0.114288
v -0.258922 0.195136 0.114288
v -0.316915 0.055129 0.228574
v -0.297584 0.101798 0.228574
v -0.278253 0.148467 0.228574
v -0.258922 0.195136 0.228574
v -0.316915 0.055129 0.342859
v -0.297584 0.101798 0.342859
v -0.278253 0.148467 0.342859
v -0.258922 0.195136 0.342859
v -0.313787 0.061434 0.387977
v -0.296231 0.101237 0.390005
v -0.276900 0.147906 0.390005
v -0.261169 0.188466 0.387977
v -0.313787 0.061434 0.412028
v -0.296231 0.101237 0.410000
v -0.276900 0.147906 0.410000
v -0.261169 0.188466 0.412028
v -0.314446 0.059844 0.271970
v -0.296231 0.101237 0.273998
v -0.276900 0.147906 0.273998
v -0.260510 0.190056 0.271970
v -0.314446 0.059844 0.299463
v -0.296231 0.101237 0.297435
v -0.276900 0.147906 0.297435
v -0.260510 0.190056 0.299463
v -0.314421 0.059903 0.157749
v -0.296231 0.101237 0.159777
v -0.276900 0.147906 0.159777
v -0.260535 0.189996 0.157749
v -0.314421 0.059903 0.185113
v -0.296231 0.101237 0.183085
v -0.276900 0.147906 0.183085
v -0.260535 0.189996 0.185113
v -0.316915 0.055129 0.038098
v -0.297584 0.101798 0.038098
v -0.278253 0.148467 0.038098
v -0.258922 0.195136 0.038098
v -0.316915 0.055129 0.076193
v -0.297584 0.101798 0.076193
v -0.278253 0.148467 0.076193
v -0.258922 0.195136 0.076193
v -0.247771 -0.186662 -0.004998
v -0.267102 -0.139993 -0.004998
v -0.286433 -0.093324 -0.004998
v -0.305764 -0.046655 -0.004998
v -0.257215 -0.194192 -0.003533
v -0.276546 -0.147523 -0.003533
v -0.295877 -0.100854 -0.003533
v -0.315208 -0.054185 -0.003533
v -0.258568 -0.194752 0.114288
v -0.277899 -0.148083 0.114288
v -0.297230 -0.101414 0.114288
v -0.316561 -0.054745 0.114288
v -0.258568 -0.194752 0.228574
v -0.277899 -0.148083 0.228574
v -0.297230 -0.101414 0.228574
v -0.316561 -0.054745 0.228574
v -0.258568 -0.194752 0.342859
v -0.277899 -0.148083 0.342859
v -0.297230 -0.101414 0.342859
v -0.316561 -0.054745 0.342859
v -0.259598 -0.191016 0.384801
v -0.276546 -0.147523 0.386829
v -0.295877 -0.100854 0.386829
v -0.314648 -0.058116 0.384801
v -0.259598 -0.191016 0.415204
v -0.276546 -0.147523 0.413176
v -0.295877 -0.100854 0.413176
v -0.314648 -0.058116 0.415204
v -0.258704 -0.193177 0.268176
v -0.276546 -0.147523 0.270204
v -0.295877 -0.100854 0.270204
v -0.315543 -0.055955 0.268176
v -0.258704 -0.193177 0.303257
v -0.276546 -0.147523 0.301229
v -0.295877 -0.100854 0.301229
v -0.315543 -0.055955 0.303257
v -0.260069 -0.189880 0.157460
v -0.276546 -0.147523 0.159488
v -0.295877 -0.100854 0.159488
v -0.314177 -0.059252 0.157460
v -0.260069 -0.189880 0.185402
v -0.276546 -0.147523 0.183374
v -0.295877 -0.100854 0.183374
v -0.314177 -0.059252 0.185402
v -0.258568 -0.194752 0.038097
v -0.277899 -0.148083 0.038097
v -0.297230 -0.101414 0.038097
v -0.316561 -0.054745 0.038098
v -0.258568 -0.194752 0.076193
v -0.277899 -0.148083 0.076193
v -0.297230 -0.101414 0.076193
v -0.316561 -0.054745 0.076193
v -0.041764 -0.310655 -0.004998
v -0.088433 -0.291324 -0.004998
v -0.135102 -0.271993 -0.004998
v -0.181771 -0.252662 -0.004998
v -0.049294 -0.320098 -0.003533
v -0.095963 -0.300767 -0.003533
v -0.142632 -0.281436 -0.003533
v -0.189301 -0.262105 -0.003533
v -0.049855 -0.321451 0.114288
v -0.096524 -0.302120 0.114288
v -0.143193 -0.282789 0.114288
v -0.189862 -0.263458 0.114288
v -0.049855 -0.321451 0.228574
v -0.096524 -0.302120 0.228574
v -0.143193 -0.282789 0.228574
v -0.189862 -0.263458 0.228574
v -0.049855 -0.321451 0.342859
v -0.096524 -0.302120 0.342859
v -0.143193 -0.282789 0.342859
v -0.189862 -0.263458 0.342859
v -0.054345 -0.319074 0.386013
v -0.095963 -0.300767 0.388041
v -0.145051 -0.279732 0.387392
v -0.182560 -0.264482 0.383020
v -0.054345 -0.319074 0.413991
v -0.095963 -0.300767 0.411964
v -0.142632 -0.281436 0.411964
v -0.185006 -0.264953 0.413991
v -0.056555 -0.318159 0.274119
v -0.095963 -0.300767 0.276147
v -0.145051 -0.279732 0.275498
v -0.180351 -0.265397 0.271126
v -0.056555 -0.318159 0.297314
v -0.098382 -0.299063 0.295935
v -0.139717 -0.281942 0.295935
v -0.182796 -0.265868 0.297314
v -0.054549 -0.318990 0.157663
v -0.095963 -0.300767 0.159691
v -0.142632 -0.281436 0.159691
v -0.184801 -0.265038 0.157663
v -0.054549 -0.318990 0.185199
v -0.095963 -0.300767 0.183171
v -0.142632 -0.281436 0.183171
v -0.184801 -0.265038 0.185199
v -0.049855 -0.321451 0.038097
v -0.096524 -0.302120 0.038097
v -0.143193 -0.282789 0.038097
v -0.189862 -0.263458 0.038097
v -0.049855 -0.321451 0.076193
v -0.096524 -0.302120 0.076193
v -0.143193 -0.282789 0.076193
v -0.189862 -0.263458 0.076193
v 0.064634 0.319926 0.614321
v 0.106495 0.301518 0.616349
v 0.153164 0.282187 0.616349
v 0.195781 0.265603 0.614321
v 0.064634 0.319926 0.642826
v 0.106495 0.301518 0.640798
v 0.153164 0.282187 0.640798
v 0.195781 0.265603 0.642826
v 0.271274 0.189007 0.616360
v 0.287078 0.148274 0.618388
v 0.306409 0.101605 0.618388
v 0.324036 0.061627 0.616360
v 0.271274 0.189007 0.640788
v 0.287078 0.148274 0.638760
v 0.306409 0.101605 0.638760
v 0.324036 0.061627 0.640788
v -0.178549 0.268675 0.609526
v -0.120213 0.292838 0.609526
v -0.061877 0.317002 0.609526
v -0.178549 0.268675 0.647621
v -0.120213 0.292838 0.647621
v -0.061877 0.317002 0.647621
v -0.056461 -0.318198 0.616874
v -0.095963 -0.300767 0.618902
v -0.142632 -0.281436 0.618902
v -0.182890 -0.265829 0.616874
v -0.056461 -0.318198 0.640273
v -0.095963 -0.300767 0.638245
v -0.142632 -0.281436 0.638245
v -0.182890 -0.265829 0.640273
v -0.263400 -0.183085 0.609526
v -0.287564 -0.124749 0.609526
v -0.311728 -0.066412 0.609526
v -0.263400 -0.183085 0.647621
v -0.287564 -0.124749 0.647621
v -0.311728 -0.066412 0.647621
v -0.312083 0.066796 0.609526
v -0.287919 0.125132 0.609526
v -0.263755 0.183469 0.609526
v -0.311962 0.066746 0.646488
v -0.287799 0.125082 0.646488
v -0.263635 0.183419 0.646488
v -0.316538 0.068606 0.656521
v -0.292374 0.126943 0.656521
v -0.268210 0.185279 0.656521
v -0.280412 0.156161 0.695750
v -0.260962 -0.187724 0.502650
v -0.276546 -0.147523 0.504678
v -0.295877 -0.100854 0.504678
v -0.313284 -0.061408 0.502650
v -0.260962 -0.187724 0.525926
v -0.276546 -0.147523 0.523898
v -0.295877 -0.100854 0.523898
v -0.313284 -0.061408 0.525926
v -0.051065 -0.320433 0.496748
v -0.095963 -0.300767 0.498776
v -0.142632 -0.281436 0.498776
v -0.188286 -0.263594 0.496748
v -0.051065 -0.320433 0.531828
v -0.095963 -0.300767 0.529800
v -0.142632 -0.281436 0.529800
v -0.188286 -0.263594 0.531828
v -0.314148 0.060562 0.501319
v -0.296231 0.101237 0.503347
v -0.276900 0.147906 0.503347
v -0.260808 0.189337 0.501319
v -0.314148 0.060562 0.527257
v -0.296231 0.101237 0.525229
v -0.276900 0.147906 0.525229
v -0.260808 0.189337 0.527257
v -0.183755 0.266002 0.502036
v -0.142987 0.281820 0.504064
v -0.096318 0.301151 0.504064
v -0.056305 0.318793 0.502036
v -0.183755 0.266002 0.526540
v -0.142987 0.281820 0.524512
v -0.096318 0.301151 0.524512
v -0.056305 0.318793 0.526540
v 0.063866 0.320244 0.499204
v 0.106495 0.301518 0.501232
v 0.153164 0.282187 0.501232
v 0.196549 0.265285 0.499204
v 0.063866 0.320244 0.529372
v 0.106495 0.301518 0.527344
v 0.153164 0.282187 0.527344
v 0.196549 0.265285 0.529372
v 0.270640 0.190537 0.500418
v 0.287078 0.148274 0.502446
v 0.306409 0.101605 0.502446
v 0.324670 0.060097 0.500418
v 0.270640 0.190537 0.528158
v 0.287078 0.148274 0.526130
v 0.306409 0.101605 0.526130
v 0.324670 0.060097 0.528158
v 0.192932 0.255952 0.803544
v 0.146263 0.275283 0.803544
v 0.099594 0.294614 0.803544
v 0.052925 0.313945 0.803544
v 0.199833 0.262856 0.803538
v 0.153164 0.282187 0.803538
v 0.106495 0.301518 0.803538
v 0.059826 0.320849 0.803538
v 0.065374 0.319619 0.729408
v 0.106495 0.301518 0.731436
v 0.153164 0.282187 0.731436
v 0.195041 0.265910 0.729408
v 0.065374 0.319619 0.756311
v 0.106495 0.301518 0.754283
v 0.153164 0.282187 0.754283
v 0.195041 0.265910 0.756311
v 0.187981 0.259455 0.810044
v 0.141312 0.278786 0.810044
v 0.094643 0.298117 0.810044
v 0.047974 0.317448 0.810044
v 0.187006 0.259551 0.810035
v 0.140337 0.278882 0.810035
v 0.093668 0.298213 0.810035
v 0.046999 0.317544 0.810035
v 0.187006 0.259551 0.810035
v 0.140337 0.278882 0.810035
v 0.093668 0.298213 0.810035
v 0.046999 0.317544 0.810035
v 0.318246 0.047790 0.804081
v 0.298915 0.094459 0.804081
v 0.279584 0.141128 0.804081
v 0.260254 0.187798 0.804081
v 0.325740 0.054936 0.803538
v 0.306409 0.101605 0.803538
v 0.287078 0.148274 0.803538
v 0.267747 0.194943 0.803538
v 0.271010 0.189645 0.729955
v 0.287078 0.148274 0.731983
v 0.306409 0.101605 0.731983
v 0.324301 0.060989 0.729955
v 0.271010 0.189645 0.755764
v 0.287078 0.148274 0.753736
v 0.306409 0.101605 0.753736
v 0.324301 0.060989 0.755764
v 0.313641 0.052669 0.811037
v 0.294310 0.099338 0.811037
v 0.274979 0.146007 0.811037
v 0.255648 0.192676 0.811037
v 0.310999 0.053544 0.810035
v 0.291668 0.100213 0.810035
v 0.272337 0.146882 0.810035
v 0.253006 0.193551 0.810035
v 0.310999 0.053544 0.810035
v 0.291668 0.100213 0.810035
v 0.272337 0.146882 0.810035
v 0.253006 0.193551 0.810035
v -0.043323 0.314446 0.802903
v -0.089992 0.295115 0.802903
v -0.136661 0.275784 0.802903
v -0.183330 0.256453 0.802903
v -0.049649 0.320482 0.803538
v -0.096318 0.301151 0.803538
v -0.142987 0.281820 0.803538
v -0.189656 0.262489 0.803538
v -0.187298 0.264534 0.726773
v -0.142987 0.281820 0.728801
v -0.096318 0.301151 0.728801
v -0.052762 0.320260 0.726773
v -0.187298 0.264534 0.758946
v -0.142987 0.281820 0.756918
v -0.096318 0.301151 0.756918
v -0.052762 0.320260 0.758946
v -0.047274 0.317382 0.809191
v -0.093943 0.298052 0.809191
v -0.140612 0.278721 0.809191
v -0.187281 0.259390 0.809191
v -0.046339 0.317544 0.810035
v -0.093008 0.298213 0.810035
v -0.139677 0.278882 0.810035
v -0.186347 0.259551 0.810035
v -0.046339 0.317544 0.810035
v -0.093008 0.298213 0.810035
v -0.139677 0.278882 0.810035
v -0.186347 0.259551 0.810035
v -0.251693 0.188315 0.802644
v -0.271024 0.141646 0.802644
v -0.290355 0.094977 0.802644
v -0.309686 0.048308 0.802644
v -0.257569 0.194575 0.803538
v -0.276900 0.147906 0.803538
v -0.296231 0.101237 0.803538
v -0.315562 0.054568 0.803538
v -0.313343 0.053649 0.728682
v -0.294012 0.100318 0.728682
v -0.274681 0.146987 0.728682
v -0.255350 0.193656 0.728682
v -0.316915 0.055129 0.761907
v -0.297584 0.101798 0.761907
v -0.278253 0.148467 0.761907
v -0.258922 0.195136 0.761907
v -0.254875 0.192649 0.808688
v -0.274206 0.145979 0.808688
v -0.293537 0.099310 0.808688
v -0.312868 0.052641 0.808688
v -0.317919 0.055509 0.738715
v -0.298588 0.102178 0.738715
v -0.279257 0.148847 0.738715
v -0.259926 0.195516 0.738715
v -0.252347 0.193551 0.810035
v -0.271677 0.146882 0.810035
v -0.291008 0.100213 0.810035
v -0.310339 0.053544 0.810035
v -0.252347 0.193551 0.810035
v -0.271677 0.146882 0.810035
v -0.291008 0.100213 0.810035
v -0.310339 0.053544 0.810035
v -0.309532 -0.048215 0.802895
v -0.290201 -0.094884 0.802895
v -0.270870 -0.141553 0.802895
v -0.251539 -0.188223 0.802895
v -0.315208 -0.054185 0.803538
v -0.295877 -0.100854 0.803538
v -0.276546 -0.147523 0.803538
v -0.257215 -0.194192 0.803538
v -0.260040 -0.189951 0.728810
v -0.276546 -0.147523 0.730838
v -0.295877 -0.100854 0.730838
v -0.314207 -0.059181 0.728810
v -0.260040 -0.189951 0.756908
v -0.276546 -0.147523 0.754881
v -0.295877 -0.100854 0.754881
v -0.314207 -0.059181 0.756908
v -0.314196 -0.041969 0.808573
v -0.294865 -0.088638 0.808573
v -0.275534 -0.135307 0.808573
v -0.256203 -0.181976 0.808573
v -0.310339 -0.039794 0.810035
v -0.291008 -0.086463 0.810035
v -0.271677 -0.133133 0.810035
v -0.252347 -0.179802 0.810035
v -0.310339 -0.039794 0.810035
v -0.291008 -0.086463 0.810035
v -0.271677 -0.133133 0.810035
v -0.252347 -0.179802 0.810035
v -0.183126 -0.255933 0.803532
v -0.136457 -0.275264 0.803532
v -0.089788 -0.294595 0.803532
v -0.043119 -0.313926 0.803532
v -0.189301 -0.262105 0.803538
v -0.142632 -0.281436 0.803538
v -0.095963 -0.300767 0.803538
v -0.049294 -0.320098 0.803538
v -0.055389 -0.318642 0.729999
v -0.095963 -0.300767 0.732027
v -0.142632 -0.281436 0.732027
v -0.183962 -0.265385 0.729999
v -0.055389 -0.318642 0.755719
v -0.095963 -0.300767 0.753691
v -0.142632 -0.281436 0.753691
v -0.183962 -0.265385 0.755719
v -0.191250 -0.249826 0.809994
v -0.144581 -0.269157 0.809994
v -0.097912 -0.288488 0.809994
v -0.051243 -0.307819 0.809994
v -0.186347 -0.245802 0.810035
v -0.139677 -0.265133 0.810035
v -0.093008 -0.284463 0.810035
v -0.046339 -0.303794 0.810035
v -0.186347 -0.245802 0.810035
v -0.139677 -0.265133 0.810035
v -0.093008 -0.284463 0.810035
v -0.046339 -0.303794 0.810035
v 0.269100 0.195503 0.723812
v 0.288431 0.148834 0.723812
v 0.307762 0.102165 0.723812
v 0.327093 0.055496 0.723812
v 0.269100 0.195503 0.761907
v 0.288431 0.148834 0.761907
v 0.307762 0.102165 0.761907
v 0.327093 0.055496 0.761907
v 0.269100 0.195503 0.609526
v 0.288431 0.148834 0.609526
v 0.307762 0.102165 0.609526
v 0.327093 0.055496 0.609526
v 0.269100 0.195503 0.647621
v 0.288431 0.148834 0.647621
v 0.307762 0.102165 0.647621
v 0.327093 0.055496 0.647621
v 0.269100 0.195503 0.495240
v 0.288431 0.148834 0.495240
v 0.307762 0.102165 0.495240
v 0.327093 0.055496 0.495240
v 0.269100 0.195503 0.533336
v 0.288431 0.148834 0.533336
v 0.307762 0.102165 0.533336
v 0.327093 0.055496 0.533336
v 0.269100 0.195503 0.380955
v 0.288431 0.148834 0.380955
v 0.307762 0.102165 0.380955
v 0.327093 0.055496 0.380955
v 0.269100 0.195503 0.419050
v 0.288431 0.148834 0.419050
v 0.307762 0.102165 0.419050
v 0.327093 0.055496 0.419050
v 0.269100 0.195503 0.266669
v 0.288431 0.148834 0.266669
v 0.307762 0.102165 0.266669
v 0.327093 0.055496 0.266669
v 0.269100 0.195503 0.304764
v 0.288431 0.148834 0.304764
v 0.307762 0.102165 0.304764
v 0.327093 0.055496 0.304764
v 0.269100 0.195503 0.152383
v 0.288431 0.148834 0.152383
v 0.307762 0.102165 0.152383
v 0.327093 0.055496 0.152383
v 0.269100 0.195503 0.190478
v 0.288431 0.148834 0.190478
v 0.307762 0.102165 0.190478
v 0.327093 0.055496 0.190478
v 0.060387 0.322202 0.723812
v 0.107056 0.302871 0.723812
v 0.153725 0.283540 0.723812
v 0.200394 0.264209 0.723812
v 0.060387 0.322202 0.761907
v 0.107056 0.302871 0.761907
v 0.153725 0.283540 0.761907
v 0.200394 0.264209 0.761907
v 0.060387 0.322202 0.609526
v 0.107056 0.302871 0.609526
v 0.153725 0.283540 0.609526
v 0.200394 0.264209 0.609526
v 0.060387 0.322202 0.647621
v 0.107056 0.302871 0.647621
v 0.153725 0.283540 0.647621
v 0.200394 0.264209 0.647621
v 0.060387 0.322202 0.495240
v 0.107056 0.302871 0.495240
v 0.153725 0.283540 0.495240
v 0.200394 0.264209 0.495240
v 0.060387 0.322202 0.533336
v 0.107056 0.302871 0.533336
v 0.153725 0.283540 0.533336
v 0.200394 0.264209 0.533336
v 0.060387 0.322202 0.380955
v 0.107056 0.302871 0.380955
v 0.153725 0.283540 0.380955
v 0.200394 0.264209 0.380955
v 0.060387 0.322202 0.419050
v 0.107056 0.302871 0.419050
v 0.153725 0.283540 0.419050
v 0.200394 0.264209 0.419050
v 0.060387 0.322202 0.266669
v 0.107056 0.302871 0.266669
v 0.153725 0.283540 0.266669
v 0.200394 0.264209 0.266669
v 0.060387 0.322202 0.304764
v 0.107056 0.302871 0.304764
v 0.153725 0.283540 0.304764
v 0.200394 0.264209 0.304764
v 0.060387 0.322202 0.152383
v 0.108266 0.301853 0.153891
v 0.153164 0.282187 0.155919
v 0.199438 0.264480 0.152792
v 0.060387 0.322202 0.190478
v 0.107056 0.302871 0.190478
v 0.153725 0.283540 0.190478
v 0.200394 0.264209 0.190478
v -0.190216 0.263842 0.723812
v -0.143547 0.283173 0.723812
v -0.096878 0.302504 0.723812
v -0.050209 0.321835 0.723812
v -0.190216 0.263842 0.761907
v -0.143547 0.283173 0.761907
v -0.096878 0.302504 0.761907
v -0.050209 0.321835 0.761907
v -0.190216 0.263842 0.495240
v -0.143547 0.283173 0.495240
v -0.096878 0.302504 0.495240
v -0.050209 0.321835 0.495240
v -0.190216 0.263842 0.533336
v -0.143547 0.283173 0.533336
v -0.096878 0.302504 0.533336
v -0.050209 0.321835 0.533336
v -0.190216 0.263842 0.380955
v -0.141972 0.283309 0.382462
v -0.098088 0.301486 0.382462
v -0.050209 0.321835 0.380955
v -0.190216 0.263842 0.419050
v -0.143547 0.283173 0.419050
v -0.096878 0.302504 0.419050
v -0.050209 0.321835 0.419050
v -0.190216 0.263842 0.266669
v -0.143547 0.283173 0.266669
v -0.096878 0.302504 0.266669
v -0.050209 0.321835 0.266669
v -0.190216 0.263842 0.304764
v -0.143547 0.283173 0.304764
v -0.096878 0.302504 0.304764
v -0.050209 0.321835 0.304764
v -0.316915 0.055129 0.495240
v -0.297584 0.101798 0.495240
v -0.278253 0.148467 0.495240
v -0.258922 0.195136 0.495240
v -0.316915 0.055129 0.533336
v -0.297584 0.101798 0.533336
v -0.278253 0.148467 0.533336
v -0.258922 0.195136 0.533336
v -0.316915 0.055129 0.380955
v -0.297584 0.101798 0.380955
v -0.278253 0.148467 0.380955
v -0.258922 0.195136 0.380955
v -0.316915 0.055129 0.419050
v -0.297584 0.101798 0.419050
v -0.278253 0.148467 0.419050
v -0.258922 0.195136 0.419050
v -0.316915 0.055129 0.266669
v -0.297584 0.101798 0.266669
v -0.278253 0.148467 0.266669
v -0.258922 0.195136 0.266669
v -0.316915 0.055129 0.304764
v -0.297584 0.101798 0.304764
v -0.278253 0.148467 0.304764
v -0.258922 0.195136 0.304764
v -0.316915 0.055129 0.152383
v -0.297584 0.101798 0.152383
v -0.278253 0.148467 0.152383
v -0.258922 0.195136 0.152383
v -0.316915 0.055129 0.190478
v -0.297584 0.101798 0.190478
v -0.278253 0.148467 0.190478
v -0.258922 0.195136 0.190478
v -0.258568 -0.194752 0.723812
v -0.277899 -0.148083 0.723812
v -0.297230 -0.101414 0.723812
v -0.316561 -0.054745 0.723812
v -0.258568 -0.194752 0.761907
v -0.277899 -0.148083 0.761907
v -0.297230 -0.101414 0.761907
v -0.316561 -0.054745 0.761907
v -0.258568 -0.194752 0.495240
v -0.277899 -0.148083 0.495240
v -0.297230 -0.101414 0.495240
v -0.316561 -0.054745 0.495240
v -0.258568 -0.194752 0.533336
v -0.277899 -0.148083 0.533336
v -0.297230 -0.101414 0.533336
v -0.316561 -0.054745 0.533336
v -0.258568 -0.194752 0.380955
v -0.277899 -0.148083 0.380955
v -0.297230 -0.101414 0.380955
v -0.316561 -0.054745 0.380955
v -0.258568 -0.194752 0.419050
v -0.277899 -0.148083 0.419050
v -0.297230 -0.101414 0.419050
v -0.316561 -0.054745 0.419050
v -0.258568 -0.194752 0.152383
v -0.277899 -0.148083 0.152383
v -0.297230 -0.101414 0.152383
v -0.316561 -0.054745 0.152383
v -0.258568 -0.194752 0.190478
v -0.277899 -0.148083 0.190478
v -0.297230 -0.101414 0.190478
v -0.316561 -0.054745 0.190478
v -0.049855 -0.321451 0.609526
v -0.096524 -0.302120 0.609526
v -0.143193 -0.282789 0.609526
v -0.189862 -0.263458 0.609526
v -0.049855 -0.321451 0.647621
v -0.096524 -0.302120 0.647621
v -0.143193 -0.282789 0.647621
v -0.189862 -0.263458 0.647621
v -0.049855 -0.321451 0.723812
v -0.096524 -0.302120 0.723812
v -0.143193 -0.282789 0.723812
v -0.189862 -0.263458 0.723812
v -0.049855 -0.321451 0.761907
v -0.096524 -0.302120 0.761907
v -0.143193 -0.282789 0.761907
v -0.189862 -0.263458 0.761907
v -0.049855 -0.321451 0.380955
v -0.096524 -0.302120 0.380955
v -0.144403 -0.281771 0.382462
v -0.188906 -0.263729 0.381363
v -0.049855 -0.321451 0.419050
v -0.096524 -0.302120 0.419050
v -0.143193 -0.282789 0.419050
v -0.189862 -0.263458 0.419050
v -0.049855 -0.321451 0.266669
v -0.096524 -0.302120 0.266669
v -0.144403 -0.281771 0.268176
v -0.188906 -0.263729 0.267078
v -0.049855 -0.321451 0.304764
v -0.097734 -0.301102 0.303257
v -0.141617 -0.282925 0.303257
v -0.189862 -0.263458 0.304764
v -0.049855 -0.321451 0.152383
v -0.096524 -0.302120 0.152383
v -0.143193 -0.282789 0.152383
v -0.189862 -0.263458 0.152383
v -0.049855 -0.321451 0.190478
v -0.096524 -0.302120 0.190478
v -0.143193 -0.282789 0.190478
v -0.189862 -0.263458 0.190478
v 0.280379 0.145499 0.752271
v 0.280379 0.145499 0.733448
v 0.299709 0.098830 0.752271
v 0.299709 0.098830 0.733448
v 0.264175 0.184618 0.731983
v 0.315913 0.059710 0.731983
v 0.264175 0.184619 0.753736
v 0.315913 0.059710 0.753736
v 0.281896 0.146127 0.637295
v 0.281896 0.146127 0.619852
v 0.301227 0.099458 0.637295
v 0.301227 0.099458 0.619852
v 0.265956 0.184609 0.618388
v 0.317167 0.060976 0.618388
v 0.265956 0.184609 0.638760
v 0.317167 0.060976 0.638760
v 0.282698 0.146460 0.524665
v 0.282698 0.146460 0.503911
v 0.302029 0.099791 0.524665
v 0.302029 0.099791 0.503911
v 0.266125 0.186471 0.502446
v 0.318603 0.059779 0.502446
v 0.266125 0.186471 0.526130
v 0.318603 0.059779 0.526130
v 0.280783 0.145666 0.637295
v 0.280783 0.145666 0.619852
v 0.300114 0.098997 0.637295
v 0.300114 0.098997 0.619852
v 0.264843 0.184148 0.618388
v 0.316054 0.060515 0.618388
v 0.264843 0.184148 0.638760
v 0.316054 0.060515 0.638760
v 0.279201 0.145011 0.409758
v 0.279201 0.145011 0.390246
v 0.298532 0.098342 0.409758
v 0.298532 0.098342 0.390246
v 0.263426 0.183096 0.385246
v 0.314868 0.058905 0.388782
v 0.262866 0.184449 0.411223
v 0.314868 0.058904 0.411223
v 0.280084 0.145377 0.297049
v 0.280084 0.145377 0.274385
v 0.299415 0.098708 0.297049
v 0.299415 0.098708 0.274385
v 0.263145 0.186270 0.272920
v 0.316353 0.057814 0.272920
v 0.263145 0.186270 0.298513
v 0.316353 0.057814 0.298513
v 0.281259 0.145864 0.181514
v 0.281259 0.145864 0.161348
v 0.300590 0.099195 0.181514
v 0.300590 0.099195 0.161348
v 0.264798 0.185604 0.159883
v 0.317051 0.059454 0.159883
v 0.264798 0.185604 0.182979
v 0.317051 0.059454 0.182979
v 0.106858 0.294850 0.155270
v 0.151108 0.277223 0.155919
v 0.193898 0.258633 0.153985
v 0.103086 0.293288 0.182364
v 0.106858 0.294850 0.158385
v 0.149755 0.273957 0.182364
v 0.151669 0.278576 0.155498
v 0.103086 0.293288 0.296473
v 0.103086 0.293288 0.274960
v 0.149755 0.273957 0.296473
v 0.149755 0.273957 0.274960
v 0.103086 0.293288 0.410566
v 0.103086 0.293288 0.389438
v 0.149755 0.273957 0.410566
v 0.149755 0.273957 0.389438
v 0.103086 0.293288 0.639334
v 0.103086 0.293288 0.617814
v 0.149755 0.273957 0.639334
v 0.149755 0.273957 0.617814
v 0.103086 0.293288 0.525880
v 0.103086 0.293288 0.502696
v 0.149755 0.273957 0.525880
v 0.149755 0.273957 0.502696
v 0.103086 0.293288 0.752818
v 0.103086 0.293288 0.732900
v 0.149755 0.273957 0.752818
v 0.149755 0.273957 0.732900
v 0.063461 0.309701 0.731436
v 0.189381 0.257544 0.731436
v 0.063461 0.309701 0.754283
v 0.189381 0.257544 0.754283
v 0.062721 0.310008 0.616349
v 0.190120 0.257237 0.616349
v 0.062721 0.310008 0.640798
v 0.190120 0.257237 0.640798
v 0.061952 0.310326 0.501232
v 0.190889 0.256919 0.501232
v 0.061952 0.310326 0.527344
v 0.190889 0.256919 0.527344
v 0.062902 0.309933 0.387974
v 0.189940 0.257312 0.387974
v 0.062902 0.309933 0.412031
v 0.189940 0.257312 0.412031
v 0.062724 0.310006 0.273496
v 0.190117 0.257239 0.273496
v 0.062724 0.310006 0.297937
v 0.190117 0.257239 0.297937
v 0.062561 0.310074 0.159033
v 0.191439 0.260102 0.154012
v 0.062561 0.310074 0.183828
v 0.190280 0.257171 0.183828
v -0.097294 0.295964 0.383841
v -0.140191 0.275071 0.295690
v -0.140191 0.275071 0.275743
v -0.093522 0.294402 0.295690
v -0.093522 0.294402 0.275743
v -0.140191 0.275071 0.409945
v -0.138629 0.278842 0.387947
v -0.093522 0.294402 0.409945
v -0.097294 0.295964 0.387947
v -0.140191 0.275071 0.523047
v -0.140191 0.275071 0.505529
v -0.093522 0.294402 0.523047
v -0.093522 0.294402 0.505529
v -0.140191 0.275071 0.755454
v -0.140191 0.275071 0.730265
v -0.093522 0.294402 0.755454
v -0.093522 0.294402 0.730265
v -0.182251 0.257649 0.728801
v -0.051463 0.311823 0.728801
v -0.182251 0.257649 0.756918
v -0.051463 0.311823 0.756918
v -0.178708 0.259117 0.504064
v -0.055006 0.310356 0.504064
v -0.178708 0.259117 0.524512
v -0.055006 0.310356 0.524512
v -0.179801 0.258664 0.388596
v -0.053913 0.310809 0.388596
v -0.179801 0.258664 0.411409
v -0.053913 0.310809 0.411409
v -0.179830 0.258652 0.274278
v -0.053883 0.310821 0.274278
v -0.179830 0.258652 0.297155
v -0.053883 0.310821 0.297155
v -0.288096 0.097867 0.181620
v -0.288096 0.097867 0.161241
v -0.268765 0.144537 0.181620
v -0.268765 0.144537 0.161241
v -0.288096 0.097867 0.295971
v -0.288096 0.097867 0.275462
v -0.268765 0.144537 0.295971
v -0.268765 0.144537 0.275462
v -0.288096 0.097867 0.408535
v -0.288096 0.097867 0.391469
v -0.268765 0.144537 0.408535
v -0.268765 0.144537 0.391469
v -0.288096 0.097867 0.523764
v -0.288096 0.097867 0.504812
v -0.268765 0.144537 0.523764
v -0.268765 0.144536 0.504812
v -0.304325 0.058688 0.503347
v -0.252536 0.183716 0.503347
v -0.304325 0.058688 0.525229
v -0.252536 0.183716 0.525229
v -0.303964 0.059560 0.390005
v -0.252897 0.182844 0.390005
v -0.303964 0.059560 0.410000
v -0.252897 0.182844 0.410000
v -0.304622 0.057970 0.273998
v -0.252239 0.184434 0.273998
v -0.304622 0.057970 0.297435
v -0.252239 0.184434 0.297435
v -0.304597 0.058029 0.159777
v -0.252263 0.184375 0.159777
v -0.304597 0.058029 0.183085
v -0.252263 0.184375 0.183085
v -0.254481 -0.189935 0.269556
v -0.273306 -0.146181 0.270204
v -0.292637 -0.099512 0.270204
v -0.310264 -0.055262 0.269556
v -0.254481 -0.189935 0.301877
v -0.273306 -0.146181 0.301229
v -0.292637 -0.099512 0.301229
v -0.310264 -0.055262 0.301877
v -0.270040 -0.144828 0.181910
v -0.270040 -0.144828 0.160952
v -0.289371 -0.098159 0.181910
v -0.289371 -0.098159 0.160952
v -0.270040 -0.144828 0.411712
v -0.270040 -0.144828 0.388293
v -0.289371 -0.098159 0.411712
v -0.289371 -0.098159 0.388293
v -0.270040 -0.144828 0.522434
v -0.270040 -0.144828 0.506142
v -0.289371 -0.098159 0.522434
v -0.289371 -0.098159 0.506142
v -0.270040 -0.144828 0.753416
v -0.270040 -0.144828 0.732303
v -0.289371 -0.098159 0.753416
v -0.289371 -0.098159 0.732303
v -0.253398 -0.185005 0.730838
v -0.306013 -0.057982 0.730838
v -0.253398 -0.185005 0.754880
v -0.306013 -0.057982 0.754881
v -0.254321 -0.182778 0.504678
v -0.305090 -0.060209 0.504678
v -0.254321 -0.182778 0.523898
v -0.305090 -0.060209 0.523898
v -0.252957 -0.186070 0.386829
v -0.306454 -0.056917 0.386829
v -0.252957 -0.186070 0.413176
v -0.306454 -0.056917 0.413176
v -0.253428 -0.184933 0.159488
v -0.305983 -0.058054 0.159488
v -0.253428 -0.184933 0.183374
v -0.305983 -0.058054 0.183374
v -0.142615 -0.273851 0.383841
v -0.182986 -0.256964 0.382556
v -0.142615 -0.273851 0.269556
v -0.182986 -0.256964 0.268271
v -0.095946 -0.293182 0.301877
v -0.137281 -0.276061 0.301877
v -0.092174 -0.291620 0.181707
v -0.092174 -0.291620 0.161155
v -0.138843 -0.272289 0.181707
v -0.138843 -0.272289 0.161155
v -0.095946 -0.293182 0.295935
v -0.092174 -0.291620 0.277611
v -0.137281 -0.276061 0.295935
v -0.142615 -0.273851 0.275498
v -0.092174 -0.291620 0.410499
v -0.092174 -0.291620 0.389505
v -0.138843 -0.272289 0.410499
v -0.142615 -0.273851 0.387392
v -0.092174 -0.291620 0.636781
v -0.092174 -0.291620 0.620367
v -0.138843 -0.272289 0.636781
v -0.138843 -0.272289 0.620367
v -0.048772 -0.309598 0.498776
v -0.092174 -0.291620 0.500240
v -0.138843 -0.272289 0.500240
v -0.182246 -0.254311 0.498776
v -0.048772 -0.309598 0.529800
v -0.092174 -0.291620 0.528336
v -0.138843 -0.272289 0.528336
v -0.182246 -0.254311 0.529800
v -0.092174 -0.291620 0.752227
v -0.092174 -0.291620 0.733492
v -0.138843 -0.272289 0.752227
v -0.138843 -0.272289 0.733492
v -0.054167 -0.307363 0.618902
v -0.176850 -0.256546 0.618902
v -0.054167 -0.307363 0.638245
v -0.176850 -0.256546 0.638245
v -0.053095 -0.307807 0.732027
v -0.177922 -0.256102 0.732027
v -0.053095 -0.307807 0.753691
v -0.177922 -0.256102 0.753691
v -0.052052 -0.308239 0.388041
v -0.180124 -0.258601 0.383020
v -0.052052 -0.308239 0.411964
v -0.178965 -0.255670 0.411964
v -0.054262 -0.307324 0.276147
v -0.177915 -0.259516 0.271126
v -0.054262 -0.307324 0.295286
v -0.176756 -0.256585 0.295286
v -0.052256 -0.308154 0.159691
v -0.178761 -0.255754 0.159691
v -0.052256 -0.308154 0.183171
v -0.178761 -0.255754 0.183171
v 0.004223 0.334934 0.802831
v 0.004686 0.334043 0.835212
v 0.343258 -0.003196 0.831329
v 0.239933 0.235042 0.836656
v 0.339843 -0.000624 0.802718
v 0.338820 0.000014 0.835369
v 0.238242 -0.234259 0.797345
v 0.239933 -0.235014 0.836656
v 0.006444 -0.334507 0.800780
v 0.004804 -0.333934 0.835324
v 0.001463 0.336731 0.794386
v -0.230304 -0.235195 0.836507
v -0.329930 0.000507 0.801085
v -0.329018 -0.000024 0.835359
v -0.226676 0.237251 0.799661
v -0.230323 0.235342 0.836445
v 0.010141 0.339222 0.799663
v 0.245647 0.241530 0.797924
v 0.245725 0.240835 0.831253
v 0.008661 0.338912 0.830911
v 0.343612 0.004523 0.801368
v 0.343802 0.003770 0.830911
v 0.245354 -0.231061 0.802551
v 0.010587 -0.330460 0.798967
v -0.224920 -0.228839 0.794005
v -0.323250 0.001808 0.795432
v -0.225216 0.241053 0.802474
v 0.341727 -0.002568 0.795560
v 0.244304 -0.239385 0.795503
v 0.245180 -0.240261 0.831670
v 0.007488 -0.336807 0.795560
v 0.008116 -0.338338 0.831329
v 0.014649 0.332406 0.791668
v 0.250200 0.236190 0.793735
v 0.347854 -0.000061 0.794811
v 0.249852 -0.236248 0.795013
v 0.013665 -0.334250 0.794811
v -0.222586 -0.236596 0.793735
v -0.318716 -0.001124 0.791662
v -0.219103 0.232644 0.791341
v 0.000612 -0.339468 0.829832
v 0.000617 -0.339415 0.796006
v -0.236447 -0.241338 0.795664
v -0.236486 -0.241377 0.830191
v -0.334524 -0.004273 0.796006
v -0.334578 -0.004278 0.829832
v 0.006876 -0.332146 0.790648
v -0.229307 -0.234198 0.789681
v -0.327256 0.001985 0.790648
v 0.000635 0.338561 0.830106
v -0.231432 0.245723 0.794195
v -0.236761 0.240471 0.797297
v -0.334321 0.003111 0.830162
v -0.333565 0.002111 0.795660
v -0.236281 0.240419 0.830500
v -0.328592 0.007743 0.791197
v 0.004446 0.343235 0.794751
v -0.323241 0.001762 0.788217
v -0.225236 0.238110 0.787120
v 0.010776 0.335944 0.787962
v 0.344971 -0.000104 0.154938
v 0.344946 -0.000051 0.309931
v 0.245585 -0.240166 0.154935
v 0.245515 -0.240193 0.309942
v 0.241766 -0.236886 0.154979
v 0.241766 -0.236886 0.309955
v 0.336744 0.004664 0.154979
v 0.336744 0.004664 0.309955
v 0.000235 -0.331773 0.309955
v 0.000235 -0.331773 0.154979
v 0.300507 -0.135105 0.334226
v 0.300232 -0.131297 0.176317
v 0.245837 -0.242804 0.154909
v 0.245907 -0.242613 0.309846
v 0.130006 -0.303020 0.172809
v 0.130777 -0.310746 0.326638
v 0.005541 -0.342083 0.309911
v 0.005703 -0.342163 0.154907
v 0.310736 -0.058320 -0.004998
v 0.311218 -0.057786 0.803853
v 0.320599 -0.079102 0.504139
v 0.319513 -0.061730 -0.003597
v 0.319647 -0.062323 0.802079
v 0.321017 -0.073501 0.168358
v 0.319841 -0.077605 0.320186
v 0.063239 -0.305816 -0.004998
v 0.063910 -0.305484 0.803848
v 0.067365 -0.316743 -0.003611
v 0.077900 -0.325170 0.505807
v 0.068265 -0.316489 0.802282
v 0.075655 -0.321198 0.166675
v 0.077061 -0.324299 0.316190
v 0.262408 -0.174992 -0.004998
v 0.271093 -0.178617 -0.003601
v 0.260451 -0.189123 0.503075
v 0.268334 -0.193690 0.499110
v 0.277288 -0.179238 0.168424
v 0.278095 -0.178655 0.320533
v 0.227232 -0.259500 0.527879
v 0.179911 -0.257489 -0.004998
v 0.230529 -0.270125 0.527302
v 0.184306 -0.268296 -0.003618
v 0.181420 -0.277489 0.166377
v 0.180844 -0.281489 0.316485
v 0.004905 0.090014 0.901191
v 0.068545 0.063654 0.901191
v 0.094905 0.000014 0.901191
v 0.068545 -0.063625 0.901191
v 0.004905 -0.089986 0.901191
v -0.058735 -0.063625 0.901191
v -0.085095 0.000014 0.901191
v -0.058735 0.063654 0.901191
v 0.134809 -0.069986 0.808171
v 0.134809 -0.069986 0.838171
v 0.344951 -0.000062 0.206619
v 0.344949 -0.000057 0.258277
v 0.245530 -0.240187 0.206616
v 0.245521 -0.240191 0.258274
v 0.241766 -0.236886 0.206637
v 0.241766 -0.236886 0.258296
v 0.336744 0.004664 0.206637
v 0.336744 0.004664 0.258296
v 0.000235 -0.331773 0.258296
v 0.000235 -0.331773 0.206637
v 0.301405 -0.134410 0.285529
v 0.301521 -0.133117 0.226660
v 0.245869 -0.242721 0.206579
v 0.245884 -0.242679 0.258239
v 0.130718 -0.306708 0.221336
v 0.130987 -0.309296 0.278452
v 0.005577 -0.342101 0.258235
v 0.005621 -0.342123 0.206576
v 0.320654 -0.074370 0.210758
v 0.320430 -0.076494 0.281785
v 0.076042 -0.321761 0.207671
v 0.076351 -0.324019 0.276733
v 0.277278 -0.179266 0.210923
v 0.278048 -0.179125 0.282043
v 0.181092 -0.278421 0.207977
v 0.181476 -0.280536 0.276443
v 0.323429 -0.067712 0.161318
v 0.301640 -0.131818 0.167716
v 0.274901 -0.184864 0.161311
v 0.323402 -0.068270 0.216640
v 0.274792 -0.185614 0.216632
v 0.300472 -0.132569 0.218439
v 0.187073 -0.274725 0.159547
v 0.130444 -0.304121 0.164191
v 0.069781 -0.323309 0.159553
v 0.069736 -0.324660 0.213955
v 0.187377 -0.275932 0.213959
v 0.130140 -0.305369 0.213050
v 0.323290 -0.069549 0.327170
v 0.301281 -0.135718 0.344432
v 0.323347 -0.068907 0.271900
v 0.274660 -0.186935 0.327182
v 0.274727 -0.186273 0.271892
v 0.299778 -0.133932 0.296198
v 0.187834 -0.278408 0.322578
v 0.131180 -0.311911 0.335478
v 0.069818 -0.327298 0.322750
v 0.069792 -0.325975 0.268334
v 0.187582 -0.277187 0.268338
v 0.130505 -0.308076 0.287824
v 0.344941 -0.000039 0.361583
v 0.344933 -0.000023 0.413242
v 0.245522 -0.240190 0.361614
v 0.245541 -0.240183 0.413274
v 0.241766 -0.236886 0.361614
v 0.241766 -0.236886 0.413273
v 0.336744 0.004664 0.361614
v 0.336744 0.004664 0.413273
v 0.245949 -0.242477 0.361430
v 0.246017 -0.242237 0.413065
v 0.158146 -0.306451 0.430128
v 0.183973 -0.305733 0.494403
v 0.000235 -0.331773 0.413273
v 0.000235 -0.331773 0.361614
v 0.294682 -0.142843 0.459220
v 0.296343 -0.139174 0.413931
v 0.005525 -0.342074 0.413252
v 0.005525 -0.342075 0.361593
v 0.321076 -0.076051 0.390398
v 0.320544 -0.078163 0.434441
v 0.077117 -0.325592 0.391260
v 0.079563 -0.323946 0.433103
v 0.275029 -0.184289 0.391376
v 0.274029 -0.184404 0.436076
v 0.197945 -0.280157 0.401097
v 0.206957 -0.278893 0.455553
v 0.323406 -0.070937 0.383082
v 0.323509 -0.072361 0.438986
v 0.273146 -0.188858 0.383623
v 0.271644 -0.190758 0.440039
v 0.298222 -0.139628 0.405652
v 0.295151 -0.143569 0.466802
v 0.070647 -0.327097 0.380559
v 0.071463 -0.326899 0.438353
v 0.201561 -0.276497 0.390345
v 0.215568 -0.274342 0.458205
v 0.158309 -0.308350 0.419645
v 0.185422 -0.304789 0.503741
v 0.293492 -0.129590 0.216708
v 0.293521 -0.128456 0.177764
v 0.294709 -0.131281 0.332579
v 0.294980 -0.130162 0.297119
v 0.312298 -0.072459 0.170397
v 0.270479 -0.173772 0.170538
v 0.312084 -0.073310 0.209205
v 0.270599 -0.173828 0.209392
v 0.310212 -0.075520 0.318517
v 0.311514 -0.074436 0.284600
v 0.271469 -0.173245 0.319222
v 0.271196 -0.173604 0.284381
v 0.287489 -0.139518 0.457068
v 0.289888 -0.136452 0.415120
v 0.312373 -0.074790 0.392896
v 0.312217 -0.076917 0.433076
v 0.268118 -0.178833 0.393945
v 0.267436 -0.179110 0.434936
v 0.126250 -0.299870 0.289644
v 0.126495 -0.301803 0.325170
v 0.125775 -0.294729 0.174697
v 0.125854 -0.296599 0.211753
v 0.174706 -0.269438 0.169002
v 0.073394 -0.310503 0.168754
v 0.073589 -0.311044 0.206849
v 0.174377 -0.270242 0.206501
v 0.173991 -0.273406 0.315218
v 0.074722 -0.313558 0.315613
v 0.074327 -0.313179 0.278893
v 0.174573 -0.272509 0.279139
v 0.153860 -0.298469 0.431750
v 0.178889 -0.296451 0.491859
v 0.075607 -0.314505 0.393745
v 0.077091 -0.313361 0.432860
v 0.191104 -0.271944 0.404607
v 0.199785 -0.271256 0.455992
v 0.291830 -0.126012 0.332883
v 0.293545 -0.124310 0.296283
v 0.305994 -0.069895 0.320055
v 0.306406 -0.069470 0.283121
v 0.287160 -0.092394 0.752604
v 0.285176 -0.105010 0.697949
v 0.283235 -0.117591 0.643285
v 0.281345 -0.130150 0.588614
v 0.336744 0.004664 0.531726
v 0.336744 0.004664 0.598521
v 0.336744 0.004664 0.665316
v 0.336744 0.004664 0.732110
v 0.295550 -0.095419 0.750549
v 0.299311 -0.102736 0.685799
v 0.298476 -0.112820 0.643362
v 0.295647 -0.129493 0.574840
v 0.344935 -0.000027 0.531745
v 0.344955 -0.000069 0.598541
v 0.344975 -0.000115 0.665337
v 0.344997 -0.000163 0.732133
v 0.319567 -0.078366 0.550970
v 0.318755 -0.074611 0.625518
v 0.317826 -0.073804 0.672616
v 0.321144 -0.065253 0.738306
v 0.000235 -0.331773 0.732110
v 0.000235 -0.331773 0.665315
v 0.000235 -0.331773 0.598521
v 0.000235 -0.331773 0.531726
v 0.186074 -0.285846 0.630422
v 0.160563 -0.284359 0.671306
v 0.135052 -0.282871 0.712190
v 0.109541 -0.281384 0.753074
v 0.005783 -0.342199 0.732143
v 0.005710 -0.342166 0.665347
v 0.005638 -0.342131 0.598551
v 0.005568 -0.342096 0.531755
v 0.185206 -0.300513 0.623483
v 0.149855 -0.300270 0.673387
v 0.132191 -0.298588 0.701056
v 0.112399 -0.292424 0.754013
v 0.078213 -0.323400 0.554755
v 0.076953 -0.320505 0.629380
v 0.077635 -0.318984 0.672880
v 0.069321 -0.319659 0.738587
v 0.092407 -0.293734 -0.004998
v 0.072565 -0.293006 0.800074
v 0.096522 -0.304625 -0.003646
v 0.142552 -0.309015 0.548470
v 0.077149 -0.303437 0.799424
v 0.099978 -0.313764 0.161825
v 0.100163 -0.319711 0.329144
v 0.099968 -0.315774 0.217610
v 0.100134 -0.317724 0.273352
v 0.101669 -0.312061 0.170593
v 0.102280 -0.313195 0.209348
v 0.103248 -0.317038 0.320353
v 0.102020 -0.316069 0.283031
v 0.114021 -0.317871 0.400158
v 0.127701 -0.316061 0.471313
v 0.115537 -0.316247 0.411098
v 0.131744 -0.313991 0.462419
v 0.097660 -0.303734 0.172501
v 0.098507 -0.304450 0.208372
v 0.099696 -0.308138 0.319441
v 0.098025 -0.307826 0.284943
v 0.111386 -0.308366 0.412903
v 0.128625 -0.304517 0.461731
v 0.134709 -0.307141 0.590719
v 0.110163 -0.309942 0.652376
v 0.106380 -0.307663 0.685935
v 0.090227 -0.307232 0.745812
v 0.141624 -0.314205 0.542256
v 0.072351 -0.326683 0.496153
v 0.214323 -0.299285 0.589756
v 0.188526 -0.297709 0.631324
v 0.071394 -0.325002 0.556825
v 0.128428 -0.312603 0.593231
v 0.163070 -0.296135 0.672209
v 0.137701 -0.294385 0.713110
v 0.070535 -0.323296 0.617392
v 0.069851 -0.321526 0.677992
v 0.115278 -0.311001 0.643991
v 0.102672 -0.309223 0.694877
v 0.138053 -0.304392 0.546321
v 0.130203 -0.302597 0.588600
v 0.076056 -0.315554 0.505272
v 0.203556 -0.292539 0.589691
v 0.183265 -0.291108 0.622131
v 0.075272 -0.314449 0.553893
v 0.136081 -0.305928 0.549340
v 0.132038 -0.303999 0.585653
v 0.076993 -0.316005 0.507126
v 0.200585 -0.293580 0.590399
v 0.182495 -0.292162 0.619159
v 0.077909 -0.315484 0.552370
v 0.107369 -0.300197 0.652794
v 0.104705 -0.297983 0.683653
v 0.144745 -0.290063 0.672802
v 0.129001 -0.288257 0.697407
v 0.075892 -0.309004 0.631731
v 0.077245 -0.308377 0.670658
v 0.134022 -0.303263 0.549961
v 0.131546 -0.301088 0.583817
v 0.077020 -0.313384 0.509110
v 0.197466 -0.292095 0.590270
v 0.181051 -0.290383 0.616711
v 0.078342 -0.312422 0.551019
v 0.323622 -0.073757 0.494938
v 0.290583 -0.148787 0.529951
v 0.290298 -0.136481 0.584356
v 0.293865 -0.109086 0.695172
v 0.292145 -0.122766 0.639778
v 0.323049 -0.071547 0.555813
v 0.322466 -0.069357 0.616627
v 0.321817 -0.067300 0.677448
v 0.306599 -0.074672 0.506176
v 0.282947 -0.131518 0.532814
v 0.283456 -0.122396 0.571294
v 0.287371 -0.094943 0.682456
v 0.286849 -0.104365 0.643722
v 0.306070 -0.074320 0.549080
v 0.305070 -0.069694 0.627672
v 0.304634 -0.069414 0.670388
vn 0.6172 -0.7868 -0.0000
vn 0.6347 -0.7727 0.0041
vn 0.1237 -0.2887 -0.9494
vn 0.6618 0.7496 -0.0000
vn 0.7582 -0.6519 -0.0103
vn -0.8335 0.3395 -0.4359
vn 0.6669 0.7451 -0.0018
vn -0.0000 -0.0000 -1.0000
vn 0.6051 0.7948 0.0463
vn -0.0363 0.0179 0.9992
vn 0.2340 -0.0813 -0.9688
vn -0.7640 -0.6452 -0.0058
vn 0.6455 0.7637 0.0057
vn 0.7611 -0.6486 0.0096
vn -0.7518 0.6594 -0.0000
vn -0.7994 0.5991 0.0466
vn -0.7666 0.6421 0.0057
vn -0.7265 0.6870 -0.0140
vn -0.1175 -0.0752 0.9902
vn -0.7559 0.6546 -0.0016
vn 0.6352 -0.7724 -0.0042
vn -0.6477 0.7619 -0.0060
vn -0.6641 0.7476 -0.0000
vn 0.6602 -0.7510 -0.0103
vn -0.6587 0.7524 0.0020
vn -0.0003 0.4434 0.8963
vn -0.1072 0.2591 -0.9599
vn -0.4617 0.1915 -0.8661
vn -0.0011 0.0011 1.0000
vn -0.8289 0.3433 -0.4416
vn -0.3724 0.9129 -0.1670
vn -0.7948 -0.6051 0.0463
vn -0.7550 -0.6558 0.0021
vn 0.7863 -0.6178 0.0033
vn 0.3153 0.1347 -0.9394
vn -0.6108 0.7905 0.0461
vn 0.7778 -0.6245 0.0707
vn -0.7637 -0.6455 0.0057
vn -0.7195 -0.6944 -0.0114
vn -0.7496 -0.6618 -0.0000
vn -0.6487 0.7610 0.0056
vn -0.0085 0.0228 0.9997
vn -0.7560 0.6545 0.0016
vn 0.7992 -0.6011 -0.0000
vn -0.7676 0.6409 -0.0061
vn -0.7678 -0.6407 0.0032
vn -0.7495 -0.6620 -0.0000
vn -0.2653 -0.1140 -0.9574
vn 0.0166 0.0376 0.9992
vn 0.6921 0.7217 -0.0123
vn -0.6794 0.7335 -0.0181
vn -0.6587 0.7524 -0.0020
vn -0.0230 -0.0679 0.9974
vn 0.4251 -0.8988 -0.1069
vn 0.6669 0.7451 0.0018
vn -0.7646 -0.6444 -0.0060
vn -0.0751 -0.2183 -0.9730
vn 0.6574 -0.7535 0.0096
vn 0.1010 0.2743 -0.9563
vn 0.7861 -0.6181 -0.0034
vn 0.7966 -0.5996 -0.0771
vn 0.6111 -0.7884 0.0706
vn -0.7740 -0.6331 0.0003
vn 0.6444 0.7646 -0.0060
vn -0.9941 -0.1086 -0.0003
vn -0.1205 0.2712 -0.9550
vn -0.9988 0.0115 0.0476
vn -0.3794 -0.9245 -0.0359
vn -0.9192 -0.3924 -0.0329
vn -0.9170 -0.3989 -0.0000
vn -0.9189 -0.3944 0.0061
vn -0.9232 -0.3844 -0.0000
vn -0.9232 -0.3844 -0.0008
vn -0.3754 -0.9268 -0.0000
vn -0.3844 -0.9232 -0.0000
vn -0.3844 -0.9229 0.0211
vn -0.3844 -0.9232 -0.0008
vn -0.9232 -0.3844 0.0008
vn -0.3844 -0.9232 0.0008
vn -0.9184 -0.3955 -0.0000
vn -0.3844 -0.9229 -0.0220
vn -0.3846 -0.9231 -0.0000
vn -0.3765 -0.9264 -0.0014
vn -0.3765 -0.9264 0.0014
vn -0.9189 -0.3944 -0.0061
vn -0.9208 -0.3900 -0.0000
vn -0.3794 -0.9245 0.0359
vn -0.9192 -0.3924 0.0329
vn -0.3989 0.9170 -0.0000
vn -0.9245 0.3794 -0.0359
vn -0.3924 0.9192 -0.0329
vn -0.3844 0.9232 -0.0000
vn -0.3844 0.9232 -0.0008
vn -0.3846 0.9231 -0.0003
vn -0.9268 0.3754 -0.0000
vn -0.9232 0.3844 -0.0000
vn -0.9232 0.3844 -0.0008
vn -0.3845 0.9231 0.0010
vn -0.8340 0.3382 -0.4359
vn -0.9198 0.3849 0.0768
vn -0.9265 0.3763 -0.0043
vn -0.3955 0.9184 -0.0000
vn -0.9245 0.3794 0.0359
vn -0.3924 0.9192 0.0329
vn -0.0521 0.0807 0.9954
vn 0.3794 0.9245 -0.0359
vn 0.9192 0.3924 -0.0329
vn 0.9170 0.3989 -0.0000
vn 0.9232 0.3844 -0.0000
vn 0.9232 0.3844 -0.0008
vn 0.3754 0.9268 -0.0000
vn 0.3844 0.9232 -0.0000
vn 0.3844 0.9232 -0.0008
vn 0.9232 0.3844 0.0008
vn 0.3844 0.9232 0.0008
vn 0.3765 0.9264 -0.0014
vn 0.3765 0.9264 0.0014
vn 0.3794 0.9245 0.0359
vn 0.9192 0.3924 0.0329
vn 0.8997 -0.4364 -0.0035
vn 0.9482 -0.3177 -0.0052
vn 0.9203 -0.3912 -0.0028
vn -0.1125 0.9937 0.0001
vn -0.2052 -0.4863 0.8494
vn 0.0116 0.9998 -0.0141
vn -0.4062 0.1580 -0.9000
vn -0.0209 -0.9997 0.0118
vn 0.7029 -0.7069 -0.0792
vn 0.1827 -0.9829 -0.0249
vn 0.5730 -0.7810 0.2485
vn 0.6642 0.6076 0.4355
vn 0.7455 0.4925 0.4492
vn -0.9105 -0.4133 0.0158
vn -0.0694 0.2043 0.9764
vn 0.9895 0.1445 0.0007
vn 0.3350 -0.1387 -0.9320
vn -0.9238 0.3828 0.0018
vn -0.9187 0.3806 -0.1055
vn -0.8801 -0.3568 -0.3132
vn -0.8719 -0.3612 -0.3306
vn -0.4022 -0.9127 0.0729
vn -0.8692 -0.3689 -0.3293
vn -0.3827 -0.9239 -0.0032
vn -0.8697 -0.3672 -0.3298
vn 0.8801 0.3568 0.3132
vn 0.7513 -0.3518 0.5584
vn 0.8719 0.3612 0.3306
vn 0.3901 0.9207 -0.0118
vn -0.3740 -0.9272 -0.0211
vn 0.3827 0.9239 0.0032
vn -0.1335 -0.9904 0.0367
vn -0.3757 -0.9265 -0.0219
vn 0.6614 -0.6522 0.3703
vn 0.4602 0.8870 0.0373
vn -0.3547 0.8744 -0.3311
vn -0.8194 0.3605 -0.4456
vn 0.8415 0.3786 0.3854
vn -0.3617 0.8731 -0.3268
vn 0.8434 0.3730 0.3868
vn -0.8310 0.3532 -0.4298
vn 0.3740 0.9272 0.0211
vn 0.3757 0.9265 0.0219
vn -0.8807 -0.3550 -0.3137
vn -0.3559 0.8737 -0.3315
vn 0.0531 -0.9986 0.0026
vn -0.4077 -0.9104 0.0705
vn -0.8316 0.3516 -0.4298
vn 0.3786 0.9238 0.0573
vn 0.8807 0.3550 0.3137
vn 0.6215 0.7834 -0.0043
vn 0.8811 0.3513 0.3166
vn -0.7428 -0.6529 -0.1485
vn 0.3921 0.9199 -0.0109
vn 0.6482 -0.6554 0.3876
vn 0.6487 -0.6549 0.3877
vn 0.3042 -0.7344 -0.6067
vn 0.6626 -0.6510 0.3704
vn -0.4902 -0.8622 -0.1279
vn 0.6438 -0.6442 0.4129
vn 0.7710 -0.4629 0.4374
vn -0.3715 0.8745 -0.3117
vn -0.8904 -0.3539 -0.2864
vn -0.3700 0.8754 -0.3112
vn -0.8607 0.3451 -0.3743
vn -0.0000 1.0000 -0.0000
vn -0.3675 -0.8730 -0.3207
vn 0.3715 -0.8968 -0.2404
vn 0.2632 0.1121 -0.9582
vn -0.0106 0.0257 0.9996
vn 0.3375 0.1433 -0.9303
vn 0.4951 -0.2036 -0.8447
vn 0.0032 0.0074 -1.0000
vn 0.5430 0.8303 0.1256
vn 0.3829 -0.9222 -0.0542
vn -0.3350 0.1387 0.9320
vn 0.4970 -0.2059 -0.8430
vn 0.3784 0.9251 0.0315
vn 0.0106 -0.0257 -0.9996
vn 0.3843 -0.9161 -0.1144
vn -0.6939 0.2869 -0.6604
vn -0.7454 -0.5528 -0.3725
vn 0.7116 -0.2952 -0.6375
vn 0.8494 -0.3518 -0.3933
vn 0.2969 -0.7117 -0.6367
vn 0.6015 -0.2533 0.7576
vn 0.2397 -0.5696 0.7862
vn -0.3633 0.8669 0.3414
vn 0.6035 -0.3626 0.7102
vn -0.6424 0.3075 -0.7020
vn 0.5973 -0.2577 0.7595
vn -0.0007 0.0004 -1.0000
vn 0.9268 0.3754 -0.0000
vn 0.9239 0.3827 -0.0000
vn 0.9245 0.3794 0.0359
vn 0.9231 0.3823 0.0423
vn -0.7462 -0.3227 -0.5823
vn -0.8170 -0.3384 0.4668
vn -0.9486 0.3166 -0.0000
vn -0.8087 -0.5882 -0.0000
vn -0.9201 -0.3916 -0.0024
vn -0.9276 -0.3737 -0.0024
vn -0.8051 -0.3614 -0.4703
vn -0.8249 -0.3138 -0.4703
vn -0.9862 -0.1656 -0.0000
vn -0.2366 -0.0858 -0.9678
vn -0.2386 -0.0988 -0.9661
vn 0.3989 0.9170 -0.0000
vn 0.3827 0.9239 -0.0000
vn 0.3924 0.9192 0.0329
vn 0.3823 0.9231 0.0423
vn -0.2795 -0.7504 -0.5989
vn -0.1159 -0.2884 0.9505
vn -0.3331 -0.7283 -0.5989
vn 0.3781 0.9257 -0.0065
vn 0.3731 0.9274 -0.0275
vn 0.3954 0.9182 -0.0221
vn -0.3330 -0.7283 0.5989
vn -0.7101 -0.7041 -0.0000
vn -0.2385 -0.5759 -0.7820
vn -0.2385 -0.5759 0.7820
vn 0.0042 -1.0000 -0.0000
vn -0.2794 -0.7505 -0.5989
vn -0.1140 -0.2653 -0.9574
vn -0.0988 -0.2386 -0.9661
vn -0.3754 0.9268 -0.0000
vn -0.3827 0.9239 -0.0000
vn -0.3794 0.9245 0.0359
vn -0.3823 0.9231 0.0423
vn 0.3719 -0.8823 -0.2883
vn 0.6803 -0.7329 -0.0000
vn 0.3779 -0.9123 -0.1578
vn 0.0371 -0.9993 -0.0000
vn 0.3826 -0.9117 0.1496
vn -0.3872 0.9220 -0.0065
vn -0.3827 0.9238 -0.0130
vn -0.3781 0.9257 -0.0065
vn 0.0813 -0.2340 -0.9688
vn 0.1076 -0.2598 -0.9597
vn -0.9170 0.3989 -0.0000
vn -0.9239 0.3827 -0.0000
vn -0.9192 0.3924 0.0329
vn -0.9231 0.3823 0.0423
vn 0.7710 -0.2882 0.5679
vn 0.7490 -0.3410 -0.5681
vn 0.7345 -0.6786 -0.0000
vn 0.5960 -0.2469 -0.7641
vn 0.9992 -0.0395 -0.0000
vn 0.7708 -0.2885 -0.5681
vn 0.7490 -0.3410 0.5681
vn 0.2887 -0.1237 -0.9494
vn 0.2598 -0.1076 -0.9597
vn -0.9268 -0.3754 -0.0000
vn -0.9239 -0.3827 -0.0000
vn -0.9245 -0.3794 0.0359
vn -0.9231 -0.3823 0.0423
vn -0.0000 -0.0000 1.0000
vn 0.9237 0.3826 0.0200
vn 0.9237 0.3826 -0.0201
vn -0.9231 -0.3846 -0.0000
vn 0.2254 0.1208 0.9667
vn 0.8853 0.3661 0.2866
vn 0.8854 0.3661 -0.2866
vn -0.9250 -0.3800 -0.0063
vn -0.9196 -0.3919 -0.0275
vn -0.9231 -0.3823 -0.0423
vn -0.9274 -0.3731 -0.0275
vn 0.2404 0.9707 -0.0000
vn 0.8849 0.3671 -0.2866
vn 0.6544 0.7561 -0.0000
vn -0.9250 -0.3800 0.0063
vn -0.9196 -0.3919 0.0275
vn -0.9274 -0.3731 0.0275
vn 0.2514 0.0882 -0.9638
vn 0.2839 0.1176 -0.9516
vn -0.3989 -0.9170 -0.0000
vn -0.3827 -0.9239 -0.0000
vn -0.3924 -0.9192 0.0329
vn -0.3823 -0.9231 0.0423
vn -0.3381 0.9411 -0.0000
vn 0.2011 0.5745 0.7934
vn -0.8504 0.5042 0.1503
vn 0.2657 0.5482 -0.7930
vn 0.1071 0.2586 -0.9600
vn 0.1759 0.4246 -0.8881
vn -0.3781 -0.9257 -0.0065
vn -0.3860 -0.9225 -0.0080
vn 0.1998 0.5755 -0.7930
vn 0.2617 0.5488 -0.7939
vn -0.3781 -0.9257 0.0065
vn -0.3827 -0.9238 0.0130
vn -0.3872 -0.9220 0.0065
vn 0.1347 0.3153 -0.9394
vn 0.1176 0.2839 -0.9516
vn -0.9516 0.1042 -0.2891
vn -0.2795 -0.7504 0.5989
vn -0.3325 -0.7283 -0.5991
vn -0.6128 -0.2757 -0.7406
vn -0.6537 -0.2708 0.7066
vn -0.8839 0.4676 -0.0000
vn -0.3778 0.9259 0.0015
vn 0.9893 -0.1428 -0.0298
vn 0.2657 0.5482 0.7930
vn 0.1267 0.2502 0.9599
vn -0.9262 -0.3769 -0.0000
vn -0.8243 0.3249 -0.4636
vn -0.9179 0.3968 -0.0055
vn -0.9239 0.3827 -0.0033
vn 0.9237 0.3826 -0.0200
vn 0.9974 -0.0719 -0.0000
vn 0.8853 0.3661 -0.2866
vn -0.3900 -0.9208 -0.0000
vn 0.1759 0.4246 0.8881
vn 0.5960 -0.2469 0.7641
vn 0.3609 -0.8869 -0.2883
vn 0.3740 -0.9153 0.1497
vn 0.2142 -0.5147 0.8302
vn -0.3331 -0.7283 0.5989
vn 0.0115 -0.0278 0.9995
vn -0.8083 0.5887 -0.0000
vn 0.1924 0.4714 -0.8607
vn 0.0111 0.0267 -0.9996
vn 0.0111 0.0269 -0.9996
vn 0.3689 0.9178 0.1470
vn 0.3806 0.9190 0.1031
vn 0.7827 -0.5295 0.3272
vn 0.3924 0.9192 -0.0329
vn 0.3823 0.9231 -0.0423
vn 0.0425 0.0416 0.9982
vn -0.0002 -0.0006 1.0000
vn 0.3877 0.1600 -0.9078
vn 0.3969 0.1644 -0.9030
vn 0.8870 0.3738 0.2710
vn 0.8709 0.3607 0.3338
vn -0.9104 -0.3732 0.1787
vn -0.7169 -0.6972 -0.0000
vn -0.9076 -0.3798 -0.1787
vn 0.9245 0.3794 -0.0359
vn 0.9231 0.3823 -0.0423
vn -0.0953 -0.0407 0.9946
vn -0.0598 -0.0248 0.9979
vn 0.3766 -0.9068 -0.1894
vn 0.3715 -0.8969 -0.2399
vn -0.0104 0.0246 0.9996
vn -0.0267 0.0645 0.9976
vn -0.3764 0.9265 -0.0013
vn 0.6804 -0.7329 -0.0000
vn 0.0372 -0.9993 -0.0000
vn -0.3794 0.9245 -0.0359
vn -0.3823 0.9231 -0.0423
vn -0.3724 0.9032 -0.2135
vn -0.3755 0.9065 -0.1933
vn 0.5347 -0.2203 -0.8158
vn 0.5178 -0.2145 -0.8282
vn -0.8743 0.3436 -0.3428
vn -0.8646 0.3581 -0.3524
vn 0.7977 -0.3014 0.5223
vn 0.8289 -0.3433 0.4416
vn -0.9157 0.3929 0.0841
vn -0.9202 0.3811 0.0896
vn -0.9192 0.3924 -0.0329
vn -0.9231 0.3823 -0.0423
vn -0.1242 0.0756 0.9894
vn -0.0889 0.0368 0.9954
vn 0.3215 0.1368 -0.9370
vn 0.2917 0.1208 -0.9488
vn -0.8424 -0.3491 -0.4105
vn -0.8706 -0.3606 -0.3348
vn 0.8849 0.3671 0.2866
vn 0.9237 0.3826 0.0201
vn -0.9245 -0.3794 -0.0359
vn 0.0049 -0.0039 1.0000
vn -0.0688 -0.0285 0.9972
vn 0.0418 0.1381 -0.9895
vn 0.0028 0.0068 -1.0000
vn -0.3526 -0.9074 -0.2289
vn -0.3759 -0.9075 -0.1876
vn 0.2030 0.5731 -0.7939
vn 0.0965 0.2208 -0.9705
vn 0.1998 0.5755 0.7930
vn -0.3924 -0.9192 -0.0329
vn -0.3823 -0.9231 -0.0423
vn 0.0179 0.0488 0.9986
vn -0.0003 -0.0006 1.0000
vn 0.8372 0.3659 -0.4064
vn 0.5550 0.2299 -0.7995
vn 0.8507 0.3333 -0.4065
vn 0.8372 0.3659 0.4064
vn 0.5550 0.2299 0.7995
vn 0.8507 0.3333 0.4065
vn 0.8556 0.5177 -0.0000
vn 0.9710 0.2389 -0.0000
vn 0.8698 0.3779 -0.3172
vn 0.7152 0.2962 -0.6331
vn 0.8823 0.3479 -0.3172
vn 0.8698 0.3779 0.3172
vn 0.7152 0.2962 0.6331
vn 0.8823 0.3479 0.3172
vn 0.8693 0.4943 -0.0000
vn 0.9642 0.2651 -0.0000
vn 0.7063 0.3150 -0.6340
vn 0.0846 0.0350 -0.9958
vn 0.7222 0.2767 -0.6340
vn 0.7063 0.3150 0.6340
vn 0.0846 0.0351 0.9958
vn 0.7222 0.2767 0.6340
vn 0.8197 0.5728 -0.0000
vn 0.9846 0.1746 -0.0000
vn 0.9151 0.3850 -0.1204
vn 0.7480 0.3261 -0.5781
vn 0.8226 0.3206 -0.4696
vn 0.8084 0.3549 0.4696
vn 0.4238 0.1756 0.8886
vn 0.8226 0.3206 0.4696
vn 0.8655 0.5009 -0.0030
vn 0.9753 0.2210 -0.0000
vn 0.1848 0.1003 -0.9777
vn -0.4513 -0.1869 -0.8726
vn 0.2015 0.0597 -0.9777
vn 0.1847 0.1003 0.9777
vn -0.4513 -0.1870 0.8726
vn 0.2015 0.0597 0.9777
vn 0.7186 0.6954 -0.0000
vn 0.9999 0.0164 -0.0000
vn 0.7659 0.3385 -0.5466
vn 0.2596 0.1075 -0.9597
vn 0.7809 0.3022 -0.5466
vn 0.7659 0.3385 0.5466
vn 0.2596 0.1075 0.9597
vn 0.7809 0.3022 0.5466
vn 0.8339 0.5519 -0.0000
vn 0.9799 0.1994 -0.0000
vn 0.3102 0.7990 -0.5151
vn 0.1352 0.3264 -0.9355
vn 0.3457 0.7843 -0.5151
vn 0.3102 0.7990 0.5151
vn 0.1352 0.3264 0.9355
vn 0.3457 0.7843 0.5151
vn 0.2083 0.9781 -0.0000
vn 0.5443 0.8389 -0.0000
vn 0.2213 0.5921 -0.7749
vn -0.0639 -0.1542 -0.9860
vn 0.2622 0.5752 -0.7749
vn 0.2213 0.5921 0.7749
vn -0.0639 -0.1542 0.9860
vn 0.2622 0.5752 0.7749
vn 0.1303 0.9915 -0.0000
vn 0.6089 0.7932 -0.0000
vn -0.0404 -0.0461 -0.9981
vn -0.2271 -0.5483 -0.8049
vn -0.0040 -0.0611 -0.9981
vn -0.0404 -0.0461 0.9981
vn -0.2271 -0.5483 0.8049
vn -0.0040 -0.0611 0.9981
vn -0.0736 0.9973 -0.0000
vn 0.7573 0.6531 -0.0000
vn 0.2537 0.6684 -0.6992
vn -0.0136 -0.0328 -0.9994
vn 0.2933 0.6520 -0.6992
vn 0.2537 0.6684 0.6992
vn -0.0136 -0.0328 0.9994
vn 0.2933 0.6520 0.6992
vn 0.1550 0.9879 -0.0000
vn 0.5889 0.8082 -0.0000
vn 0.2220 0.5937 -0.7734
vn -0.0630 -0.1520 -0.9864
vn 0.2628 0.5768 -0.7735
vn 0.2220 0.5937 0.7734
vn -0.0630 -0.1520 0.9864
vn 0.2628 0.5768 0.7734
vn 0.1308 0.9914 -0.0000
vn 0.6085 0.7935 -0.0000
vn 0.2914 0.7948 -0.5323
vn -0.2799 -0.7501 -0.5991
vn -0.2794 -0.7505 0.5989
vn 0.1838 0.5026 0.8447
vn -0.1057 -0.2552 0.9611
vn 0.2254 0.4854 0.8447
vn 0.1038 0.9946 -0.0000
vn 0.9481 0.3146 0.0467
vn 0.2774 -0.6861 -0.6726
vn 0.3130 -0.7557 -0.5753
vn 0.2890 -0.6813 -0.6726
vn 0.2774 -0.6861 0.6726
vn 0.3130 -0.7556 0.5753
vn 0.2890 -0.6813 0.6726
vn -0.8750 -0.4842 -0.0000
vn 0.9611 0.2763 -0.0000
vn -0.3774 0.8686 -0.3211
vn -0.2937 0.7090 -0.6411
vn -0.3473 0.8811 -0.3211
vn -0.3774 0.8686 0.3211
vn -0.2937 0.7090 0.6411
vn -0.3473 0.8811 0.3211
vn -0.4954 0.8687 -0.0000
vn -0.2639 0.9645 -0.0000
vn -0.3861 0.8483 -0.3624
vn 0.3827 -0.9116 0.1497
vn -0.3268 0.8728 -0.3624
vn -0.3465 0.7866 0.5111
vn -0.1388 0.3350 0.9319
vn -0.3112 0.8012 0.5111
vn -0.5434 0.8395 -0.0000
vn -0.2094 0.9778 -0.0000
vn -0.3752 0.9001 -0.2213
vn -0.3678 0.8880 -0.2761
vn -0.3712 0.9018 -0.2213
vn -0.3449 0.7823 0.5187
vn -0.1320 0.3188 0.9386
vn -0.3093 0.7971 0.5187
vn -0.5452 0.8383 -0.0000
vn -0.2073 0.9783 -0.0000
vn -0.8463 0.3313 -0.4171
vn -0.5334 0.2209 -0.8165
vn -0.8327 0.3642 -0.4171
vn -0.8463 0.3313 0.4171
vn -0.5334 0.2210 0.8165
vn -0.8327 0.3642 0.4171
vn -0.9718 0.2359 -0.0000
vn -0.8540 0.5204 -0.0000
vn -0.8876 0.3504 -0.2988
vn -0.7426 0.3076 -0.5949
vn -0.8754 0.3799 -0.2988
vn -0.8876 0.3504 0.2988
vn -0.7426 0.3076 0.5949
vn -0.8754 0.3799 0.2989
vn -0.9627 0.2707 -0.0000
vn -0.8721 0.4893 -0.0000
vn -0.7500 0.2887 -0.5951
vn -0.1603 0.0664 -0.9848
vn -0.7345 0.3262 -0.5951
vn -0.7500 0.2887 0.5951
vn -0.1603 0.0664 0.9848
vn -0.7345 0.3262 0.5951
vn -0.9826 0.1858 -0.0000
vn -0.8262 0.5634 -0.0000
vn -0.7626 0.2942 -0.5760
vn -0.1987 0.0823 -0.9766
vn -0.7473 0.3312 -0.5761
vn -0.7626 0.2942 0.5761
vn -0.1987 0.0823 0.9766
vn -0.7473 0.3312 0.5761
vn -0.9816 0.1911 -0.0000
vn -0.8292 0.5589 -0.0000
vn -0.6545 -0.2943 -0.6965
vn 0.0281 0.0116 -0.9995
vn -0.6709 -0.2547 -0.6965
vn -0.6545 -0.2943 0.6965
vn 0.0281 0.0116 0.9995
vn -0.6709 -0.2547 0.6965
vn -0.9878 -0.1559 -0.0000
vn -0.8844 -0.3830 -0.2667
vn -0.7856 -0.3254 -0.5263
vn -0.8962 -0.3545 -0.2667
vn -0.8844 -0.3830 0.2667
vn -0.7856 -0.3254 0.5262
vn -0.8962 -0.3545 0.2667
vn -0.8771 -0.4802 -0.0000
vn -0.9598 -0.2807 -0.0000
vn 0.1713 0.0513 -0.9839
vn 0.5847 0.2422 -0.7742
vn 0.1574 0.0848 -0.9839
vn 0.1713 0.0513 0.9839
vn 0.5847 0.2422 0.7742
vn 0.1574 0.0848 0.9839
vn -0.6104 -0.7921 -0.0000
vn -0.9917 0.1284 -0.0000
vn -0.6788 -0.3040 -0.6684
vn -0.0210 -0.0087 -0.9997
vn -0.6950 -0.2650 -0.6684
vn -0.6788 -0.3040 0.6684
vn -0.0210 -0.0087 0.9997
vn -0.6950 -0.2650 0.6684
vn -0.8137 -0.5812 -0.0000
vn -0.9864 -0.1644 -0.0000
vn -0.3539 -0.8950 -0.2714
vn -0.3230 -0.7798 -0.5363
vn -0.3826 -0.8831 -0.2714
vn -0.3539 -0.8950 0.2714
vn -0.3230 -0.7798 0.5363
vn -0.3826 -0.8832 0.2714
vn -0.2792 -0.9602 -0.0000
vn -0.4815 -0.8764 -0.0000
vn -0.3346 -0.8535 -0.3994
vn -0.2357 -0.5690 -0.7879
vn -0.3670 -0.8401 -0.3994
vn -0.3346 -0.8535 0.3994
vn -0.2357 -0.5689 0.7879
vn -0.3669 -0.8401 0.3994
vn -0.2410 -0.9705 -0.0000
vn -0.5159 -0.8567 -0.0000
vn -0.2627 -0.6896 -0.6748
vn -0.2061 -0.5340 -0.8200
vn 0.2617 0.5488 0.7939
vn -0.2627 -0.6896 0.6748
vn -0.0040 -0.0096 0.9999
vn -0.3019 -0.6734 0.6748
vn -0.1625 -0.9867 -0.0000
vn -0.8759 -0.4804 0.0442
vn -0.3549 -0.8969 -0.2637
vn -0.3360 -0.8485 -0.4087
vn 0.0879 0.2244 -0.9705
vn -0.3462 -0.9122 0.2191
vn -0.4002 -0.8898 0.2191
vn -0.2816 -0.9595 -0.0000
vn -0.6320 -0.7742 0.0356
vn -0.2868 -0.7455 -0.6017
vn -0.0610 -0.1472 -0.9872
vn -0.3244 -0.7299 -0.6016
vn -0.2868 -0.7455 0.6016
vn -0.0610 -0.1472 0.9872
vn -0.3244 -0.7299 0.6016
vn -0.1839 -0.9830 -0.0000
vn -0.5650 -0.8251 -0.0000
vn -0.9076 -0.3798 0.1787
vn -0.9170 -0.3798 0.1220
vn -0.9999 -0.0139 -0.0000
vn -0.9170 -0.3798 -0.1220
vn -0.9104 -0.3732 -0.1787
vn -0.4822 -0.2264 0.8463
vn 0.3827 -0.9239 -0.0000
vn -0.6282 -0.2384 -0.7406
vn -0.2944 -0.9557 -0.0000
vn -0.6128 -0.2756 0.7406
vn -0.6282 -0.2384 0.7406
vn -0.6537 -0.2708 -0.7066
vn -0.1553 -0.9879 -0.0000
vn -0.5010 -0.1809 -0.8463
vn -0.0115 0.0278 0.9995
vn -0.4915 -0.2036 -0.8467
vn 0.0115 -0.0278 -0.9995
vn -0.4822 -0.2264 -0.8463
vn -0.5010 -0.1809 0.8463
vn -0.0115 0.0278 -0.9995
vn -0.4915 -0.2036 0.8467
vn -0.8319 -0.3596 0.4226
vn -0.8663 -0.4995 0.0003
vn -0.6556 -0.2716 -0.7046
vn -0.8249 -0.3138 0.4703
vn -0.9276 -0.3737 0.0024
vn -0.9201 -0.3916 0.0024
vn -0.8745 -0.3622 0.3227
vn -0.9878 -0.1560 -0.0000
vn -0.8745 -0.3622 -0.3227
vn -0.7558 -0.2995 -0.5823
vn -0.4469 -0.8946 -0.0000
vn -0.7462 -0.3227 0.5823
vn -0.7558 -0.2995 0.5823
vn -0.8170 -0.3384 -0.4668
vn 0.3991 0.9048 0.1483
vn 0.3518 0.9260 0.1372
vn -0.2791 -0.7507 0.5987
vn -0.0351 -0.1515 0.9878
vn -0.3330 -0.7283 -0.5989
vn -0.1029 -0.1231 0.9870
vn -0.3335 -0.7282 0.5988
vn -0.2796 -0.7504 -0.5990
vn -0.2791 -0.7507 -0.5988
vn -0.3329 -0.7283 -0.5990
vn -0.3335 -0.7282 -0.5988
vn -0.2799 -0.7501 0.5991
vn -0.9973 0.0707 -0.0221
vn -0.3325 -0.7283 0.5991
vn 0.3741 -0.9153 0.1496
vn 0.3741 -0.9152 0.1496
vn 0.3825 -0.9118 -0.1495
vn 0.9622 0.1000 0.2532
vn 0.3779 -0.9123 0.1578
vn -0.7511 -0.6096 0.2532
vn 0.3743 -0.9152 -0.1495
vn 0.2077 -0.5015 0.8398
vn 0.3828 -0.9116 -0.1497
vn 0.3824 -0.9118 0.1495
vn 0.3740 -0.9153 -0.1497
vn 0.3743 -0.9152 0.1495
vn 0.2124 -0.5154 0.8302
vn 0.7489 -0.3414 0.5679
vn 0.7713 -0.2877 0.5677
vn 0.7710 -0.2882 -0.5679
vn 0.7488 -0.3420 0.5677
vn 0.7489 -0.3414 -0.5679
vn 0.7707 -0.2885 0.5681
vn 0.7713 -0.2877 -0.5677
vn 0.7488 -0.3420 -0.5677
vn 0.7708 -0.2885 0.5681
vn 0.7707 -0.2885 -0.5681
vn -0.9285 -0.3714 -0.0000
vn -0.9192 -0.3939 -0.0000
vn 0.8849 0.3672 -0.2866
vn 0.8563 -0.5164 -0.0000
vn 0.2448 0.0740 0.9667
vn 0.8849 0.3672 0.2866
vn 0.2254 0.1208 -0.9667
vn 0.2448 0.0740 -0.9667
vn -0.3814 -0.9235 0.0405
vn -0.3822 -0.9237 0.0276
vn 0.8652 -0.1624 -0.4745
vn 0.9045 0.4264 -0.0000
vn 0.0900 0.1329 0.9870
vn -0.8504 0.5042 -0.1503
vn 0.2011 0.5745 -0.7934
vn 0.9578 -0.2449 -0.1503
vn 0.2640 0.5485 -0.7934
vn 0.2010 0.5746 0.7934
vn 0.9893 -0.1439 -0.0254
vn 0.2642 0.5484 0.7934
vn 0.2010 0.5746 -0.7934
vn -0.8196 0.5040 0.2724
vn 0.2005 0.5750 0.7932
vn 0.2642 0.5484 -0.7934
vn 0.9275 -0.1556 -0.3398
vn 0.2648 0.5484 0.7932
vn 0.2005 0.5750 -0.7932
vn 0.2649 0.5484 -0.7932
vn 0.1997 0.5756 0.7930
vn 0.2030 0.5731 0.7939
vn -0.7398 0.6728 -0.0010
vn 0.3249 0.1369 0.9358
vn 0.0024 0.0141 0.9999
vn -0.3027 -0.7250 -0.6187
vn 0.7405 -0.6376 0.2123
vn 0.0928 0.2595 -0.9613
vn 0.3826 0.9235 -0.0264
vn -0.1807 0.4319 0.8836
vn 0.6167 0.7871 0.0099
vn -0.3541 0.8677 0.3489
vn 0.9236 0.3833 -0.0054
vn -0.2736 0.1099 0.9555
vn -0.1076 0.2490 0.9625
vn -0.4085 -0.1711 0.8966
vn 0.6970 -0.7170 -0.0086
vn -0.8146 0.3851 0.4338
vn 0.3418 -0.8538 -0.3928
vn 0.9172 -0.3677 0.1535
vn 0.1422 0.3370 0.9307
vn 0.9217 -0.3834 0.0582
vn 0.3834 -0.9217 0.0582
vn -0.0044 0.0044 -1.0000
vn -0.1483 0.3817 -0.9123
vn -0.3762 -0.9256 -0.0425
vn 0.1267 -0.2997 0.9456
vn -0.7260 -0.2977 -0.6198
vn -0.6126 -0.7899 0.0277
vn 0.2297 -0.3965 -0.8888
vn 0.1925 0.0703 0.9788
vn 0.7495 0.6620 0.0075
vn 0.1454 -0.3515 -0.9248
vn -0.2491 0.0896 -0.9643
vn 0.2950 -0.1246 0.9473
vn -0.3831 -0.9237 0.0020
vn -0.9237 -0.3831 0.0020
vn -0.3834 -0.1614 -0.9094
vn -0.1614 -0.3834 -0.9094
vn -0.7398 0.6725 -0.0192
vn -0.1714 -0.4092 0.8962
vn 0.4239 0.1684 -0.8899
vn 0.7015 -0.7120 -0.0295
vn -0.9222 0.3865 0.0119
vn -0.3868 0.9215 0.0347
vn -0.7544 0.3122 -0.5774
vn -0.3405 0.1382 -0.9300
vn 0.3310 -0.8023 -0.4967
vn 0.5803 -0.2343 -0.7800
vn 0.4046 0.5848 0.7031
vn -0.3973 0.1665 0.9024
vn -0.5723 0.0801 0.8162
vn -0.6909 -0.7057 0.1569
vn 0.2410 -0.5959 -0.7661
vn -0.7448 -0.6672 -0.0084
vn 0.9945 0.1040 0.0108
vn 0.9840 0.1783 0.0003
vn -0.9937 -0.1116 0.0001
vn -0.9962 -0.0873 0.0008
vn 0.3434 -0.9379 -0.0502
vn -0.4496 0.6278 -0.6355
vn 0.4077 -0.9130 -0.0108
vn 0.4831 -0.8755 -0.0118
vn -0.1436 -0.9896 -0.0000
vn -0.1463 -0.9892 0.0003
vn 0.4554 0.8902 0.0156
vn -0.1259 0.9920 0.0001
vn 0.9302 -0.3670 -0.0071
vn 0.9417 -0.3365 -0.0016
vn 0.9097 -0.4141 -0.0327
vn -0.9950 0.0962 -0.0260
vn -0.7547 0.6561 0.0051
vn 0.9354 -0.3524 -0.0302
vn -0.4626 0.1913 -0.8657
vn 0.7485 -0.6597 0.0679
vn 0.9262 -0.3771 -0.0015
vn -0.3787 0.1476 0.9137
vn 0.2753 -0.9613 -0.0124
vn 0.3586 -0.9334 -0.0109
vn -0.0382 0.3196 0.9468
vn 0.3857 -0.9226 -0.0006
vn 0.2620 -0.9651 -0.0002
vn -0.0989 0.2624 -0.9599
vn 0.8991 -0.4378 -0.0022
vn 0.9165 -0.4001 -0.0075
vn -0.1595 -0.5307 0.8324
vn 0.9078 -0.4193 -0.0096
vn -0.4274 0.1852 -0.8849
vn -0.1455 0.9889 0.0292
vn 0.4209 -0.9062 -0.0420
vn 0.8623 0.3339 0.3808
vn 0.6242 -0.7665 -0.1514
vn -0.1090 0.2621 -0.9589
vn -1.0000 -0.0000 -0.0000
vn -0.0236 0.6762 0.7363
vn 0.4822 -0.8755 -0.0322
vn 0.9024 -0.4310 -0.0025
vn 0.9008 -0.4342 -0.0022
vn 0.3140 -0.9493 -0.0126
vn 0.2949 -0.9554 -0.0124
vn -0.7424 0.6697 0.0159
vn 0.9478 -0.3189 -0.0040
vn -0.8413 0.3951 0.3688
vn 0.8906 -0.4548 -0.0064
vn 0.9401 -0.3408 -0.0019
vn 0.9409 -0.3387 -0.0016
vn -0.1365 0.9906 0.0004
vn -0.1279 0.9918 -0.0000
vn -0.1441 -0.9896 -0.0000
vn 0.4501 -0.8929 -0.0120
vn 0.4668 -0.8843 -0.0117
vn 0.5122 -0.0431 0.8578
vn 0.2764 -0.9602 -0.0397
vn -0.9943 -0.1068 0.0003
vn -0.9951 -0.0993 0.0004
vn 0.9828 0.1847 0.0004
vn 0.9835 0.1812 0.0002
vn 0.8708 -0.3195 -0.3738
vn 0.8393 -0.3946 -0.3741
vn 0.9857 -0.1684 -0.0030
vn 0.8113 -0.5846 -0.0078
vn 0.9044 -0.2413 0.3521
vn 0.8028 -0.4865 0.3446
vn 0.4178 -0.8342 -0.3598
vn 0.2840 -0.8790 -0.3830
vn 0.1216 -0.9923 -0.0251
vn 0.5825 -0.8125 -0.0215
vn 0.4957 -0.8159 0.2978
vn 0.1484 -0.7545 0.6393
vn 0.9459 -0.2562 0.1992
vn 0.9757 -0.2190 -0.0051
vn 0.8381 -0.5095 0.1949
vn 0.8376 -0.5463 -0.0092
vn 0.9187 -0.3378 -0.2045
vn 0.8855 -0.4181 -0.2029
vn 0.5419 -0.8112 0.2200
vn 0.1219 -0.8683 0.4809
vn 0.1037 -0.9942 -0.0271
vn 0.5987 -0.8006 -0.0225
vn 0.4458 -0.8498 -0.2812
vn 0.2762 -0.9175 -0.2863
vn 0.5139 -0.8511 -0.1073
vn -0.9116 0.4108 0.0173
vn 0.8992 -0.4375 0.0049
vn 0.9033 -0.4289 0.0052
vn 0.2628 -0.9648 -0.0004
vn 0.2625 -0.9649 -0.0003
vn 0.9448 -0.3276 0.0089
vn -0.8640 0.4601 -0.2044
vn -0.0766 -0.9969 -0.0153
vn -0.1445 -0.9895 -0.0001
vn -0.9936 -0.1126 -0.0001
vn -0.9936 -0.1131 -0.0000
vn 0.9849 0.1733 0.0006
vn 0.9863 0.1647 0.0010
vn 0.2298 -0.9729 -0.0272
vn -0.0864 0.8695 -0.4864
vn 0.5166 -0.8549 -0.0466
vn 0.5967 -0.8004 -0.0570
vn -0.1225 0.9925 0.0001
vn -0.1173 0.9931 0.0002
vn 0.9431 -0.3325 -0.0054
vn 0.9457 -0.3250 -0.0053
vn 0.8870 -0.4616 0.0116
vn -0.9287 0.2942 -0.2256
vn 0.9844 -0.1752 -0.0137
vn 0.7834 -0.6214 -0.0076
vn 0.8217 -0.4132 -0.3925
vn 0.8921 -0.1913 0.4094
vn 0.8737 -0.2956 -0.3863
vn 0.7021 -0.5850 0.4059
vn 0.0355 -0.9993 -0.0065
vn 0.7048 -0.6982 -0.1253
vn 0.4366 -0.8493 -0.2968
vn 0.7829 -0.6168 0.0815
vn 0.2685 -0.9469 -0.1768
vn -0.0584 -0.9091 0.4125
vn -0.8262 0.5404 0.1590
vn -0.3671 0.9302 0.0037
vn -0.9960 0.0892 -0.0018
vn -0.9437 0.2899 -0.1595
vn -0.8938 0.4468 0.0377
vn -0.9067 0.3453 0.2420
vn -0.8734 0.4343 0.2202
vn -0.9958 0.0914 -0.0036
vn -0.8850 0.4055 0.2290
vn -0.8416 0.5108 -0.1755
vn -0.9394 0.3362 0.0675
vn -0.9178 0.3288 0.2224
vn -0.8894 0.4054 0.2111
vn -0.8661 0.4223 -0.2675
vn -0.8893 0.4568 0.0219
vn -0.1394 0.8199 -0.5553
vn -0.4390 0.1499 0.8859
vn -0.2286 0.5911 0.7735
vn -0.0141 0.9631 -0.2689
vn -0.2504 0.3715 0.8940
vn -0.2340 -0.1776 -0.9559
vn 0.7949 0.6066 -0.0112
vn -0.2704 0.5830 0.7661
vn -0.9769 -0.2133 0.0142
vn -0.2046 0.4294 0.8796
vn -0.5187 0.6077 -0.6014
vn -0.1501 0.9886 0.0116
vn -0.1272 0.9915 0.0269
vn 0.1211 0.9601 -0.2521
vn 0.9156 -0.3993 0.0469
vn -0.7610 -0.6475 0.0410
vn 0.8475 -0.5269 0.0642
vn -0.1133 0.9936 -0.0001
vn -0.1237 0.9923 -0.0003
vn -0.1399 0.9902 -0.0004
vn -0.1573 0.9876 -0.0004
vn 0.9485 -0.3167 0.0098
vn 0.9423 -0.3347 0.0102
vn 0.9354 -0.3535 0.0105
vn 0.9277 -0.3732 0.0107
vn -0.5393 -0.8191 0.1955
vn -0.7503 -0.6379 0.1737
vn -0.8874 -0.4424 0.1298
vn -0.9586 -0.2704 0.0891
vn 0.2695 -0.9629 0.0150
vn 0.2996 -0.9540 0.0154
vn 0.3299 -0.9439 0.0155
vn 0.3603 -0.9327 0.0155
vn 0.6233 0.6913 0.3655
vn 0.6368 0.6742 0.3740
vn 0.6571 0.6452 0.3898
vn 0.6933 0.5881 0.4165
vn -0.9677 -0.2511 -0.0226
vn 0.1449 -0.9850 0.0934
vn -0.4725 0.6124 0.6338
vn 0.3030 -0.9404 0.1544
vn -0.9871 -0.1593 -0.0158
vn -0.9975 -0.0709 -0.0005
vn -0.9964 -0.0851 -0.0005
vn -0.9951 -0.0986 -0.0005
vn 0.3869 -0.9190 0.0761
vn -0.5756 0.1015 0.8114
vn 0.2035 -0.9776 0.0545
vn 0.5420 0.0379 -0.8395
vn -0.2168 0.6408 0.7364
vn -0.2461 0.6055 0.7568
vn 0.0173 0.9292 -0.3691
vn -0.4031 0.2677 0.8751
vn -0.1180 0.6786 -0.7250
vn -0.1087 -0.8814 0.4597
vn 0.3622 -0.8390 -0.4061
vn -0.0643 0.7565 -0.6508
vn 0.2258 -0.9741 -0.0103
vn 0.3031 -0.7801 -0.5474
vn 0.1362 -0.9286 0.3453
vn 0.1901 -0.8985 0.3957
vn 0.2606 -0.6469 -0.7167
vn 0.2760 -0.9607 -0.0291
vn 0.0136 0.2469 0.9690
vn 0.3427 -0.9388 -0.0337
vn 0.6297 -0.7724 0.0829
vn 0.1860 -0.9825 -0.0056
vn -0.1087 0.2642 -0.9583
vn 0.3254 -0.8984 -0.2949
vn -0.3257 -0.9301 -0.1696
vn 0.0870 -0.9960 0.0215
vn -0.1399 -0.8699 0.4729
vn 0.3008 -0.9380 -0.1722
vn 0.0227 -0.9450 0.3263
vn -0.4777 -0.8368 -0.2675
vn 0.2106 -0.9773 0.0215
vn 0.2837 -0.9558 -0.0773
vn 0.1531 -0.9242 0.3498
vn 0.2350 -0.9711 0.0407
vn 0.2632 -0.9505 0.1652
vn 0.0724 0.9044 -0.4204
vn 0.0398 0.9254 -0.3768
vn 0.5424 0.0841 -0.8359
vn -0.5236 -0.0302 0.8514
vn -0.5176 -0.0978 0.8500
vn 0.8275 0.2352 0.5098
vn 0.1395 0.5782 -0.8039
vn -0.5358 0.1147 0.8365
vn -0.3497 0.9012 -0.2560
vn -0.3130 0.9231 0.2233
vn 0.3849 0.9229 -0.0131
vn -0.3490 0.8913 0.2895
vn -0.8478 -0.0145 -0.5301
vn 0.4840 0.1646 -0.8594
vn 0.2478 0.5300 -0.8110
vn 0.9587 0.2817 0.0403
vn -0.6578 0.6149 -0.4349
vn -0.5603 0.5222 0.6430
vn 0.5067 0.1789 -0.8433
vn 0.6440 0.7647 0.0210
vn 0.9287 -0.3682 0.0448
vn 0.7448 0.6356 -0.2031
vn 0.4545 0.8601 -0.2315
vn 0.9638 -0.2664 0.0115
vn 0.9263 -0.3765 0.0154
vn 0.8950 -0.4399 -0.0733
vn 0.9079 -0.3797 0.1773
vn 0.8530 -0.5218 0.0035
vn -0.2319 0.4742 0.8493
vn -0.6969 -0.7159 0.0433
vn 0.0253 0.9676 -0.2512
vn -0.2160 0.4656 0.8582
vn -0.3997 -0.1180 -0.9090
vn -0.4441 -0.1670 -0.8803
vn -0.7529 0.6581 -0.0000
vn -0.7490 0.6626 0.0020
vn 0.0548 -0.1228 0.9909
vn -0.7569 -0.6535 -0.0000
vn -0.6773 0.7356 -0.0096
vn 0.8244 -0.3469 0.4472
vn -0.7509 -0.6604 -0.0020
vn -0.7919 -0.6100 0.0299
vn -0.0383 0.0192 -0.9991
vn 0.1289 -0.0455 0.9906
vn 0.5950 0.8036 -0.0167
vn -0.7714 -0.6363 0.0050
vn -0.6790 0.7341 0.0103
vn 0.6500 -0.7599 -0.0000
vn 0.6041 -0.7963 0.0297
vn 0.6318 -0.7751 0.0050
vn 0.6790 -0.7340 -0.0122
vn -0.1507 -0.0877 -0.9847
vn 0.6441 -0.7649 -0.0016
vn -0.7491 0.6625 -0.0019
vn 0.7672 -0.6414 -0.0048
vn 0.7542 -0.6567 -0.0000
vn -0.7334 0.6798 -0.0096
vn 0.7604 -0.6494 0.0023
vn -0.2136 -0.0771 -0.9739
vn -0.0439 0.1063 0.9934
vn -0.1347 0.0560 0.9893
vn -0.0011 0.0011 -1.0000
vn 0.3092 -0.7336 0.6052
vn 0.6100 0.7919 0.0299
vn 0.6434 0.7656 0.0030
vn -0.6560 0.7547 0.0010
vn 0.1277 0.0568 0.9902
vn 0.7877 -0.6154 0.0302
vn -0.6586 0.7501 0.0595
vn 0.6363 0.7714 0.0050
vn 0.6896 0.7242 -0.0099
vn 0.6535 0.7569 -0.0000
vn 0.7680 -0.6404 0.0051
vn 0.0020 0.0271 -0.9996
vn 0.6443 -0.7648 0.0016
vn -0.6536 0.7568 -0.0000
vn 0.6329 -0.7742 -0.0047
vn 0.5805 0.8141 0.0149
vn 0.6544 0.7562 0.0003
vn -0.1181 -0.0529 0.9916
vn 0.0158 0.0352 -0.9993
vn -0.7256 -0.6880 -0.0103
vn 0.7412 -0.6711 -0.0153
vn 0.7605 -0.6494 -0.0023
vn -0.0206 -0.0575 -0.9981
vn -0.7841 0.6165 -0.0720
vn 0.6544 0.7562 -0.0003
vn -0.7509 -0.6604 0.0021
vn 0.6373 0.7706 -0.0047
vn -0.0433 -0.1238 0.9914
vn -0.7319 0.6813 0.0103
vn 0.0518 0.1398 0.9888
vn -0.6560 0.7548 -0.0010
vn -0.5997 0.7962 -0.0808
vn -0.7547 0.6534 0.0597
vn 0.4910 0.8712 -0.0013
vn -0.7706 -0.6373 -0.0047
vn 0.8889 0.4580 -0.0002
vn -0.0635 0.1379 0.9884
vn 0.4506 0.8688 -0.2051
vn 0.3855 0.9222 -0.0301
vn 0.9273 0.3732 -0.0278
vn 0.9298 0.3680 -0.0000
vn 0.9281 0.3722 0.0064
vn 0.9246 0.3810 -0.0000
vn 0.9246 0.3810 -0.0008
vn 0.3894 0.9211 -0.0000
vn 0.3810 0.9246 -0.0000
vn 0.3810 0.9244 0.0183
vn 0.3810 0.9246 -0.0008
vn 0.9246 0.3810 0.0008
vn 0.3810 0.9246 0.0008
vn 0.9287 0.3708 -0.0000
vn 0.3810 0.9244 -0.0190
vn 0.3883 0.9215 -0.0016
vn 0.3883 0.9215 0.0016
vn 0.9281 0.3722 -0.0064
vn 0.9264 0.3765 -0.0000
vn 0.3855 0.9222 0.0301
vn 0.9273 0.3732 0.0278
vn 0.3680 -0.9298 -0.0000
vn 0.9222 -0.3855 -0.0301
vn 0.3732 -0.9273 -0.0278
vn 0.3810 -0.9246 -0.0000
vn 0.3810 -0.9246 -0.0008
vn 0.3808 -0.9247 -0.0004
vn 0.9211 -0.3894 -0.0000
vn 0.9246 -0.3810 -0.0000
vn 0.9246 -0.3810 -0.0008
vn 0.3809 -0.9246 0.0010
vn 0.8239 -0.3481 0.4472
vn 0.9239 -0.3722 0.0892
vn 0.9214 -0.3886 -0.0045
vn 0.3708 -0.9287 -0.0000
vn 0.9222 -0.3855 0.0301
vn 0.3732 -0.9273 0.0278
vn -0.0575 0.0978 -0.9935
vn -0.3855 -0.9222 -0.0301
vn -0.9273 -0.3732 -0.0278
vn -0.9298 -0.3680 -0.0000
vn -0.9246 -0.3810 -0.0000
vn -0.9246 -0.3810 -0.0008
vn -0.3894 -0.9211 -0.0000
vn -0.3810 -0.9246 -0.0000
vn -0.3810 -0.9246 -0.0008
vn -0.9246 -0.3810 0.0008
vn -0.3810 -0.9246 0.0008
vn -0.3883 -0.9215 -0.0016
vn -0.3883 -0.9215 0.0016
vn -0.3855 -0.9222 0.0301
vn -0.9273 -0.3732 0.0278
vn -0.8885 0.4581 -0.0267
vn -0.9593 0.2824 0.0046
vn -0.9345 0.3552 -0.0231
vn -0.4964 -0.8681 0.0001
vn 0.0636 0.5679 -0.8206
vn -0.4717 -0.8816 -0.0158
vn -0.1765 0.0662 0.9821
vn 0.6427 0.7661 0.0026
vn -0.7365 0.6733 0.0645
vn -0.2024 0.9793 0.0093
vn -0.6155 0.7284 -0.3011
vn -0.9099 -0.2356 -0.3413
vn -0.8198 -0.2766 -0.5015
vn 0.9440 0.3296 0.0153
vn -0.0242 0.0965 -0.9950
vn -0.7857 -0.6185 0.0094
vn 0.3350 -0.1388 -0.9319
vn 0.9239 -0.3826 0.0017
vn 0.9208 -0.3813 -0.0822
vn 0.8634 0.3653 0.3479
vn 0.3612 0.9297 0.0725
vn 0.8744 0.3540 0.3320
vn 0.8740 0.3554 0.3315
vn -0.8634 -0.3653 -0.3479
vn -0.8754 0.3371 -0.3465
vn -0.3753 -0.9267 -0.0192
vn 0.3912 0.9202 -0.0146
vn 0.4934 0.8695 0.0212
vn 0.3896 0.9209 -0.0156
vn -0.6263 0.6362 -0.4506
vn -0.3171 -0.9479 0.0308
vn 0.3683 -0.8720 0.3226
vn 0.8373 -0.3277 0.4377
vn -0.8958 -0.3438 -0.2816
vn 0.3617 -0.8731 0.3268
vn -0.8946 -0.3485 -0.2798
vn 0.8260 -0.3334 0.4545
vn -0.3912 -0.9202 0.0146
vn -0.3896 -0.9209 0.0156
vn 0.8630 0.3670 0.3473
vn 0.3672 -0.8726 0.3221
vn 0.5903 0.8070 -0.0180
vn 0.3565 0.9317 0.0694
vn 0.8254 -0.3349 0.4545
vn -0.3874 -0.9174 0.0915
vn -0.8630 -0.3670 -0.3473
vn -0.1568 -0.9875 -0.0186
vn -0.8608 -0.3698 -0.3496
vn -0.6503 -0.7260 -0.2238
vn -0.3735 -0.9274 -0.0182
vn -0.6406 0.6333 -0.4343
vn -0.6400 0.6338 -0.4343
vn -0.6252 0.6375 -0.4502
vn 0.2517 0.8910 -0.3779
vn -0.6442 0.6437 -0.4132
vn -0.7710 0.4629 -0.4374
vn 0.3516 -0.8713 0.3424
vn 0.8326 0.3605 0.4204
vn 0.3531 -0.8705 0.3430
vn 0.7605 -0.3286 0.5600
vn -0.3593 -0.8814 -0.3066
vn 0.2659 0.1071 -0.9580
vn 0.3359 0.1356 -0.9321
vn 0.4957 -0.2068 -0.8435
vn 0.0030 0.0075 -1.0000
vn 0.6415 0.7586 0.1141
vn 0.3814 -0.9229 -0.0524
vn -0.3350 0.1388 0.9319
vn 0.4970 -0.2058 -0.8430
vn 0.4041 0.9146 -0.0168
vn 0.0106 -0.0258 -0.9996
vn -0.2086 0.5277 -0.8234
vn 0.4522 -0.1884 0.8718
vn -0.8338 -0.5246 -0.1722
vn 0.7121 -0.2945 -0.6373
vn 0.8494 -0.3519 -0.3933
vn 0.2935 -0.7137 -0.6360
vn -0.8834 0.3607 -0.2993
vn -0.3781 0.9164 -0.1314
vn 0.2469 -0.5952 0.7647
vn 0.6721 0.7308 0.1195
vn -0.1500 -0.9811 0.1221
vn -0.4879 0.1926 -0.8514
vn -0.0007 0.0004 1.0000
vn -0.9211 -0.3894 -0.0000
vn -0.9222 -0.3855 0.0301
vn -0.9233 -0.3824 0.0352
vn -0.2390 -0.0603 -0.9692
vn -0.2092 -0.0867 0.9740
vn -0.6164 0.7874 -0.0000
vn 0.1593 -0.9872 -0.0000
vn -0.1779 -0.1121 -0.9776
vn -0.2050 -0.0466 -0.9776
vn -0.1576 -0.1055 0.9819
vn -0.1860 -0.0368 0.9819
vn 0.1816 -0.9834 -0.0000
vn -0.1290 -0.0472 0.9905
vn -0.1071 -0.0444 0.9933
vn -0.3680 -0.9298 -0.0000
vn -0.3732 -0.9273 0.0278
vn -0.3824 -0.9233 0.0352
vn -0.0347 -0.1790 0.9832
vn -0.0413 -0.1241 -0.9914
vn -0.1022 -0.1511 0.9832
vn -0.3869 -0.9221 -0.0061
vn -0.3913 -0.9200 -0.0237
vn -0.3707 -0.9286 -0.0196
vn -0.1020 -0.1511 -0.9832
vn 0.8282 -0.5604 -0.0000
vn -0.0621 -0.1499 0.9868
vn -0.0621 -0.1499 -0.9868
vn -0.9819 0.1894 -0.0000
vn -0.0346 -0.1791 0.9832
vn -0.0529 -0.1181 0.9916
vn -0.0444 -0.1071 0.9933
vn 0.3894 -0.9211 -0.0000
vn 0.3855 -0.9222 0.0301
vn 0.3824 -0.9233 0.0352
vn 0.0834 -0.2637 -0.9610
vn 0.9883 0.1523 -0.0000
vn 0.0752 -0.1816 0.9805
vn -0.8065 -0.5912 -0.0000
vn 0.1155 -0.1836 0.9762
vn 0.3785 -0.9256 -0.0061
vn 0.3827 -0.9238 -0.0121
vn 0.3869 -0.9221 -0.0061
vn 0.0455 -0.1289 0.9906
vn 0.0461 -0.1113 0.9927
vn 0.9298 -0.3680 -0.0000
vn 0.9239 -0.3827 -0.0000
vn 0.9273 -0.3732 0.0278
vn 0.9233 -0.3824 0.0352
vn 0.1811 -0.0344 -0.9829
vn 0.1527 -0.1032 0.9829
vn 0.5621 0.8271 -0.0000
vn 0.1516 -0.0628 0.9865
vn -0.1874 -0.9823 -0.0000
vn 0.1809 -0.0350 0.9829
vn 0.1527 -0.1031 0.9829
vn 0.1527 -0.1032 -0.9829
vn 0.1228 -0.0548 0.9909
vn 0.1113 -0.0461 0.9927
vn 0.9211 0.3894 -0.0000
vn 0.9222 0.3855 0.0301
vn 0.9233 0.3824 0.0352
vn 0.1881 0.0779 0.9791
vn 0.1881 0.0779 -0.9791
vn 0.1313 0.0834 -0.9878
vn 0.1905 0.1177 0.9746
vn 0.1895 0.1194 -0.9746
vn 0.9228 0.3852 -0.0062
vn 0.9272 0.3738 -0.0237
vn 0.9233 0.3824 -0.0352
vn 0.9200 0.3913 -0.0237
vn 0.6090 -0.7932 -0.0000
vn 0.2179 0.0515 -0.9746
vn -0.1448 0.9895 -0.0000
vn 0.9228 0.3852 0.0062
vn 0.9272 0.3738 0.0237
vn 0.9200 0.3913 0.0237
vn 0.1341 0.0478 0.9898
vn 0.1157 0.0479 0.9921
vn 0.3680 0.9298 -0.0000
vn 0.3732 0.9273 0.0278
vn 0.3824 0.9233 0.0352
vn 0.9783 -0.2070 -0.0000
vn 0.0279 0.1639 -0.9861
vn 0.9495 -0.2998 0.0925
vn 0.0979 0.1346 0.9860
vn 0.0650 0.1569 0.9855
vn 0.0560 0.1352 0.9892
vn 0.3869 0.9221 -0.0061
vn 0.3794 0.9252 -0.0076
vn 0.0259 0.1644 0.9860
vn 0.0937 0.1369 0.9861
vn 0.3869 0.9221 0.0061
vn 0.3827 0.9238 0.0121
vn 0.3785 0.9256 0.0061
vn 0.0568 0.1277 0.9902
vn 0.0479 0.1157 0.9921
vn 0.1481 0.0051 0.9890
vn -0.0347 -0.1790 -0.9832
vn -0.1015 -0.1515 0.9832
vn -0.2627 -0.0696 -0.9624
vn -0.2334 -0.0967 0.9676
vn -0.6373 0.7706 -0.0000
vn 0.3873 -0.9219 0.0014
vn -0.8746 0.4827 -0.0459
vn 0.0979 0.1346 -0.9860
vn 0.0814 0.1304 -0.9881
vn 0.9216 0.3881 -0.0000
vn 0.8332 -0.3603 0.4194
vn 0.9291 -0.3698 -0.0056
vn 0.9239 -0.3827 -0.0035
vn 0.5973 -0.8020 -0.0000
vn 0.1905 0.1177 -0.9746
vn 0.3765 0.9264 -0.0000
vn 0.0560 0.1352 -0.9892
vn 0.1516 -0.0628 -0.9865
vn 0.1275 -0.2455 -0.9610
vn 0.0472 -0.2118 0.9762
vn 0.0537 -0.1555 -0.9864
vn -0.1022 -0.1511 -0.9832
vn 0.0134 -0.0325 -0.9994
vn -0.6691 0.7432 -0.0000
vn 0.1913 0.4548 -0.8698
vn -0.3792 -0.8777 0.2928
vn -0.3748 -0.9048 0.2022
vn -0.9434 0.2913 0.1585
vn -0.3732 -0.9273 -0.0278
vn -0.3824 -0.9233 -0.0352
vn 0.0453 0.0506 -0.9977
vn -0.0002 -0.0006 -1.0000
vn 0.3879 0.1612 -0.9075
vn -0.8399 -0.3368 -0.4257
vn -0.8738 -0.3619 -0.3247
vn -0.2129 -0.0483 0.9759
vn 0.1508 -0.9886 -0.0000
vn -0.1847 -0.1164 -0.9759
vn -0.9222 -0.3855 -0.0301
vn -0.9233 -0.3824 -0.0352
vn -0.0774 -0.0341 -0.9964
vn -0.0519 -0.0215 -0.9984
vn 0.3750 -0.9078 -0.1879
vn -0.0112 0.0258 -0.9996
vn -0.0303 0.0731 -0.9969
vn 0.3889 -0.9213 -0.0007
vn 0.3855 -0.9222 -0.0301
vn 0.3824 -0.9233 -0.0352
vn 0.3340 -0.7965 0.5040
vn 0.3176 -0.7669 0.5577
vn 0.3176 -0.7668 0.5577
vn 0.5349 -0.2227 -0.8150
vn 0.7086 -0.3117 0.6330
vn 0.7353 -0.3046 0.6055
vn -0.8479 0.3689 -0.3808
vn 0.9210 -0.3775 0.0965
vn 0.9177 -0.3801 0.1156
vn 0.9273 -0.3732 -0.0278
vn 0.9233 -0.3824 -0.0352
vn -0.1578 0.0876 -0.9836
vn -0.1048 0.0434 -0.9935
vn 0.3244 0.1308 -0.9368
vn 0.9147 0.3734 0.1548
vn 0.8753 0.3625 0.3201
vn 0.2179 0.0515 0.9746
vn 0.9222 0.3855 -0.0301
vn 0.0045 -0.0036 -1.0000
vn -0.0786 -0.0326 -0.9964
vn 0.0612 0.1111 -0.9919
vn 0.3610 0.8058 -0.4694
vn 0.3563 0.8601 -0.3650
vn 0.0305 0.1631 0.9861
vn 0.0532 0.1031 0.9932
vn 0.0259 0.1644 -0.9860
vn 0.3732 0.9273 -0.0278
vn 0.3824 0.9233 -0.0352
vn 0.0018 0.0230 -0.9997
vn -0.0003 -0.0006 -1.0000
vn -0.9187 -0.3724 -0.1312
vn -0.9094 -0.3767 -0.1764
vn -0.9130 -0.3863 -0.1313
vn -0.9187 -0.3724 0.1312
vn -0.9094 -0.3767 0.1764
vn -0.9130 -0.3863 0.1312
vn -0.9507 -0.3100 -0.0000
vn -0.8915 -0.4531 -0.0000
vn -0.9202 -0.3727 -0.1194
vn -0.9115 -0.3776 -0.1631
vn -0.9142 -0.3872 -0.1194
vn -0.9202 -0.3727 0.1194
vn -0.9115 -0.3776 0.1631
vn -0.9142 -0.3872 0.1194
vn -0.9483 -0.3174 -0.0000
vn -0.8950 -0.4461 -0.0000
vn -0.9158 -0.3718 -0.1521
vn -0.9054 -0.3750 -0.1992
vn -0.9105 -0.3847 -0.1521
vn -0.9158 -0.3718 0.1521
vn -0.9054 -0.3750 0.1992
vn -0.9104 -0.3847 0.1521
vn -0.9551 -0.2963 -0.0000
vn -0.8848 -0.4659 -0.0000
vn -0.9219 -0.3806 -0.0717
vn -0.9179 -0.3722 -0.1375
vn -0.9122 -0.3858 -0.1380
vn -0.9178 -0.3722 0.1380
vn -0.9081 -0.3762 0.1839
vn -0.9122 -0.3858 0.1380
vn -0.9462 -0.3235 -0.0034
vn -0.8894 -0.4572 -0.0000
vn -0.9112 -0.3707 -0.1798
vn -0.8995 -0.3726 -0.2281
vn -0.9064 -0.3822 -0.1798
vn -0.9112 -0.3706 0.1798
vn -0.8995 -0.3726 0.2281
vn -0.9064 -0.3822 0.1798
vn -0.9610 -0.2765 -0.0000
vn -0.8751 -0.4840 -0.0000
vn -0.9168 -0.3720 -0.1451
vn -0.9068 -0.3756 -0.1916
vn -0.9113 -0.3852 -0.1451
vn -0.9168 -0.3720 0.1451
vn -0.9068 -0.3756 0.1916
vn -0.9113 -0.3852 0.1451
vn -0.9536 -0.3009 -0.0000
vn -0.8871 -0.4615 -0.0000
vn -0.3854 -0.9117 -0.1423
vn -0.3758 -0.9073 -0.1886
vn -0.3721 -0.9172 -0.1423
vn -0.3854 -0.9117 0.1423
vn -0.3758 -0.9073 0.1886
vn -0.3721 -0.9172 0.1423
vn -0.4598 -0.8880 -0.0000
vn -0.3028 -0.9531 -0.0000
vn -0.3838 -0.9091 -0.1621
vn -0.3742 -0.9033 -0.2098
vn -0.3714 -0.9142 -0.1621
vn -0.3838 -0.9091 0.1621
vn -0.3742 -0.9033 0.2099
vn -0.3714 -0.9142 0.1621
vn -0.4723 -0.8814 -0.0000
vn -0.2893 -0.9572 -0.0000
vn -0.3813 -0.9049 -0.1891
vn -0.3717 -0.8975 -0.2374
vn -0.3702 -0.9095 -0.1891
vn -0.3813 -0.9049 0.1891
vn -0.3717 -0.8975 0.2374
vn -0.3702 -0.9095 0.1891
vn -0.4904 -0.8715 -0.0000
vn -0.2695 -0.9630 -0.0000
vn -0.3843 -0.9098 -0.1568
vn -0.3746 -0.9044 -0.2042
vn -0.3716 -0.9150 -0.1568
vn -0.3843 -0.9098 0.1568
vn -0.3746 -0.9044 0.2042
vn -0.3716 -0.9150 0.1568
vn -0.4689 -0.8833 -0.0000
vn -0.2930 -0.9561 -0.0000
vn -0.3838 -0.9091 -0.1620
vn -0.3742 -0.9033 -0.2097
vn -0.3714 -0.9142 -0.1620
vn -0.3838 -0.9091 0.1620
vn -0.3742 -0.9033 0.2097
vn -0.3714 -0.9142 0.1620
vn -0.4723 -0.8815 -0.0000
vn -0.2894 -0.9572 -0.0000
vn -0.3867 -0.8963 -0.2169
vn -0.0354 -0.1788 0.9832
vn -0.0346 -0.1791 -0.9832
vn -0.3834 -0.9083 0.1671
vn -0.3737 -0.9023 0.2151
vn -0.3712 -0.9134 0.1671
vn -0.4756 -0.8797 -0.0000
vn -0.1847 -0.9827 0.0119
vn 0.3674 -0.8998 -0.2355
vn 0.3672 -0.8865 -0.2816
vn 0.3764 -0.8960 -0.2355
vn 0.3674 -0.8998 0.2355
vn 0.3672 -0.8865 0.2816
vn 0.3765 -0.8960 0.2355
vn 0.2308 -0.9730 -0.0000
vn 0.5248 -0.8512 -0.0000
vn 0.3727 -0.9202 -0.1200
vn 0.3775 -0.9114 -0.1637
vn 0.3871 -0.9142 -0.1200
vn 0.3727 -0.9202 0.1200
vn 0.3775 -0.9114 0.1637
vn 0.3871 -0.9142 0.1200
vn 0.3170 -0.9484 -0.0000
vn 0.4465 -0.8948 -0.0000
vn 0.3621 -0.9151 -0.1775
vn 0.1164 -0.1831 0.9762
vn 0.3911 -0.9031 -0.1775
vn 0.3721 -0.9173 0.1420
vn 0.3758 -0.9074 0.1882
vn 0.3855 -0.9117 0.1420
vn 0.3030 -0.9530 -0.0000
vn 0.4596 -0.8881 -0.0000
vn 0.3814 -0.9205 -0.0843
vn 0.3813 -0.9207 -0.0834
vn 0.3812 -0.9206 -0.0843
vn 0.3721 -0.9172 0.1426
vn 0.3758 -0.9072 0.1890
vn 0.3854 -0.9116 0.1427
vn 0.3026 -0.9531 -0.0000
vn 0.4600 -0.8879 -0.0000
vn 0.9128 -0.3862 -0.1325
vn 0.9092 -0.3766 -0.1778
vn 0.9186 -0.3724 -0.1325
vn 0.9129 -0.3862 0.1325
vn 0.9092 -0.3766 0.1778
vn 0.9186 -0.3724 0.1325
vn 0.8911 -0.4538 -0.0000
vn 0.9510 -0.3092 -0.0000
vn 0.9145 -0.3874 -0.1165
vn 0.9120 -0.3778 -0.1597
vn 0.9206 -0.3728 -0.1165
vn 0.9145 -0.3874 0.1165
vn 0.9120 -0.3778 0.1597
vn 0.9206 -0.3728 0.1165
vn 0.8958 -0.4445 -0.0000
vn 0.9477 -0.3191 -0.0000
vn 0.9108 -0.3849 -0.1491
vn 0.9060 -0.3753 -0.1959
vn 0.9162 -0.3719 -0.1491
vn 0.9108 -0.3849 0.1491
vn 0.9060 -0.3753 0.1959
vn 0.9162 -0.3719 0.1491
vn 0.8858 -0.4640 -0.0000
vn 0.9545 -0.2983 -0.0000
vn 0.9110 -0.3850 -0.1475
vn 0.9063 -0.3754 -0.1943
vn 0.9165 -0.3719 -0.1475
vn 0.9110 -0.3850 0.1475
vn 0.9063 -0.3754 0.1943
vn 0.9165 -0.3719 0.1475
vn 0.8863 -0.4630 -0.0000
vn 0.9542 -0.2993 -0.0000
vn 0.9151 0.3716 -0.1566
vn 0.9044 0.3746 -0.2040
vn 0.9098 0.3843 -0.1566
vn 0.9151 0.3716 0.1566
vn 0.9044 0.3746 0.2040
vn 0.9098 0.3843 0.1566
vn 0.9561 0.2931 -0.0000
vn 0.8833 0.4688 -0.0000
vn 0.9212 0.3728 -0.1110
vn 0.9130 0.3782 -0.1533
vn 0.9150 0.3878 -0.1110
vn 0.9212 0.3728 0.1110
vn 0.9130 0.3782 0.1533
vn 0.9150 0.3878 0.1110
vn 0.9466 0.3225 -0.0000
vn 0.8974 0.4413 -0.0000
vn 0.9086 0.3700 -0.1936
vn 0.8964 0.3713 -0.2419
vn 0.9041 0.3809 -0.1936
vn 0.9086 0.3700 0.1936
vn 0.8964 0.3713 0.2419
vn 0.9041 0.3809 0.1936
vn 0.9640 0.2660 -0.0000
vn 0.8697 0.4936 -0.0000
vn 0.9154 0.3717 -0.1546
vn 0.9049 0.3748 -0.2019
vn 0.9101 0.3844 -0.1546
vn 0.9154 0.3717 0.1546
vn 0.9049 0.3748 0.2019
vn 0.9101 0.3844 0.1546
vn 0.9556 0.2945 -0.0000
vn 0.8840 0.4675 -0.0000
vn 0.3877 0.9150 -0.1118
vn 0.3781 0.9128 -0.1543
vn 0.3728 0.9211 -0.1118
vn 0.3877 0.9150 0.1118
vn 0.3781 0.9128 0.1543
vn 0.3728 0.9211 0.1118
vn 0.4418 0.8971 -0.0000
vn 0.3220 0.9467 -0.0000
vn 0.3864 0.9131 -0.1304
vn 0.3767 0.9095 -0.1755
vn 0.3724 0.9188 -0.1304
vn 0.3864 0.9131 0.1304
vn 0.3767 0.9095 0.1755
vn 0.3724 0.9188 0.1304
vn 0.4526 0.8917 -0.0000
vn 0.3105 0.9506 -0.0000
vn 0.3844 0.9100 -0.1551
vn 0.3783 0.8916 -0.2489
vn 0.0937 0.1369 -0.9861
vn 0.3844 0.9100 0.1551
vn 0.3748 0.9048 0.2024
vn 0.3717 0.9153 0.1551
vn 0.4678 0.8838 -0.0000
vn 0.2004 0.9796 0.0128
vn 0.3878 0.9151 -0.1104
vn 0.3847 0.9052 -0.1808
vn 0.0353 0.1105 0.9932
vn 0.3955 0.9090 0.1313
vn 0.3631 0.9224 0.1313
vn 0.4410 0.8975 -0.0000
vn 0.2559 0.9666 0.0167
vn 0.3849 0.9108 -0.1496
vn 0.3752 0.9059 -0.1965
vn 0.3719 0.9161 -0.1496
vn 0.3849 0.9108 0.1496
vn 0.3752 0.9059 0.1965
vn 0.3719 0.9161 0.1496
vn 0.4643 0.8857 -0.0000
vn 0.2979 0.9546 -0.0000
vn -0.1847 -0.1164 0.9759
vn -0.1829 -0.0758 -0.9802
vn -0.5924 0.8056 -0.0000
vn -0.1829 -0.0758 0.9802
vn -0.2129 -0.0483 -0.9759
vn -0.2997 -0.0874 0.9500
vn -0.2350 -0.1366 -0.9624
vn 0.0943 -0.9955 -0.0000
vn -0.2627 -0.0696 0.9624
vn -0.2350 -0.1366 0.9624
vn -0.2334 -0.0967 -0.9676
vn 0.0524 -0.9986 -0.0000
vn -0.2737 -0.1502 -0.9500
vn -0.0134 0.0325 -0.9994
vn -0.2727 -0.1130 -0.9554
vn 0.0134 -0.0325 0.9994
vn -0.2997 -0.0874 -0.9500
vn -0.2737 -0.1502 0.9500
vn -0.0134 0.0325 0.9994
vn -0.2727 -0.1130 0.9554
vn -0.2074 -0.0972 -0.9734
vn -0.6173 0.7862 -0.0285
vn -0.1564 -0.0648 0.9856
vn -0.1860 -0.0368 -0.9819
vn -0.2050 -0.0466 0.9776
vn -0.1779 -0.1121 0.9776
vn -0.1755 -0.0727 -0.9818
vn -0.5854 0.8107 -0.0000
vn -0.1755 -0.0727 0.9818
vn -0.2116 -0.1263 -0.9692
vn 0.1209 -0.9927 -0.0000
vn -0.2390 -0.0603 0.9692
vn -0.2116 -0.1263 0.9692
vn -0.2092 -0.0867 -0.9740
vn -0.3021 -0.8252 0.4773
vn 0.1434 0.2307 0.9624
vn -0.0341 -0.1792 -0.9832
vn -0.0161 -0.1099 -0.9938
vn -0.1020 -0.1511 0.9832
vn -0.0788 -0.0545 -0.9954
vn -0.1026 -0.1508 -0.9832
vn -0.0349 -0.1790 0.9832
vn -0.0341 -0.1792 0.9832
vn -0.1019 -0.1512 0.9832
vn -0.1026 -0.1508 0.9832
vn -0.0354 -0.1788 -0.9832
vn 0.8673 -0.4963 -0.0379
vn -0.1015 -0.1515 -0.9832
vn 0.0482 -0.2115 0.9762
vn 0.1137 -0.1847 -0.9762
vn -0.8596 -0.4968 0.1194
vn 0.0752 -0.1816 -0.9805
vn 0.9591 0.2566 0.1194
vn 0.0502 -0.2110 -0.9762
vn 0.0946 -0.2284 -0.9690
vn 0.1164 -0.1831 -0.9762
vn 0.1137 -0.1847 0.9762
vn 0.0472 -0.2118 -0.9762
vn 0.0502 -0.2110 0.9762
vn 0.0720 -0.1479 -0.9864
vn 0.1524 -0.1037 -0.9829
vn 0.1813 -0.0336 -0.9829
vn 0.1811 -0.0344 0.9829
vn 0.1520 -0.1044 -0.9829
vn 0.1524 -0.1037 0.9829
vn 0.1809 -0.0351 -0.9829
vn 0.1813 -0.0336 0.9829
vn 0.1527 -0.1031 -0.9829
vn 0.1520 -0.1044 0.9829
vn 0.1809 -0.0350 -0.9829
vn 0.1809 -0.0351 0.9829
vn 0.9186 0.3952 -0.0000
vn 0.9290 0.3701 -0.0000
vn 0.2184 0.0495 -0.9746
vn 0.1910 0.1169 -0.9746
vn -0.1303 0.9915 -0.0000
vn 0.1519 0.0339 -0.9878
vn 0.1895 0.1194 0.9746
vn 0.2177 0.0524 -0.9746
vn 0.2184 0.0495 0.9746
vn 0.1313 0.0834 0.9878
vn 0.1910 0.1169 0.9746
vn 0.1519 0.0339 0.9878
vn 0.2177 0.0524 0.9746
vn 0.3723 0.9216 0.1103
vn 0.3777 0.9246 0.0504
vn -0.3998 0.1794 0.8989
vn -0.8382 0.5454 -0.0000
vn 0.0564 0.0737 -0.9957
vn 0.9495 -0.2998 -0.0925
vn 0.0279 0.1639 0.9861
vn -0.8834 0.4594 -0.0925
vn 0.0961 0.1356 0.9861
vn 0.0277 0.1639 -0.9861
vn -0.8744 0.4836 -0.0386
vn 0.0963 0.1355 -0.9861
vn 0.0277 0.1639 0.9861
vn 0.9420 -0.3028 0.1448
vn 0.0270 0.1641 -0.9861
vn 0.0963 0.1355 0.9861
vn -0.2122 0.0481 0.9760
vn 0.0970 0.1351 -0.9861
vn 0.0270 0.1641 0.9861
vn 0.0970 0.1351 0.9861
vn 0.0259 0.1645 -0.9860
vn 0.0305 0.1631 -0.9861
vn 0.6780 -0.7350 -0.0030
vn -0.5427 -0.2236 -0.8096
vn -0.2747 0.6686 -0.6911
vn -0.3211 -0.7791 0.5385
vn -0.6842 0.7162 0.1377
vn -0.3158 -0.7283 0.6081
vn -0.3827 -0.9236 -0.0227
vn 0.2506 -0.6071 -0.7541
vn -0.6866 -0.7270 0.0064
vn 0.0311 -0.0722 -0.9969
vn -0.9241 -0.3822 -0.0048
vn -0.7084 0.2928 -0.6422
vn 0.2750 -0.6701 -0.6894
vn 0.5768 0.2379 -0.7815
vn -0.7158 0.6983 -0.0083
vn 0.4746 -0.8802 -0.0031
vn 0.3284 -0.7678 0.5501
vn 0.4508 -0.1842 -0.8734
vn -0.2213 -0.5377 -0.8136
vn -0.9237 0.3811 0.0389
vn -0.3811 0.9237 0.0389
vn -0.0043 0.0043 1.0000
vn 0.2348 -0.5424 0.8066
vn 0.1924 0.4286 -0.8828
vn -0.2260 0.5486 -0.8049
vn 0.8091 0.3382 0.4806
vn 0.8504 0.5258 0.0194
vn 0.0367 0.8041 0.5934
vn -0.8569 -0.3578 -0.3710
vn -0.6269 -0.7791 0.0048
vn -0.2866 0.6925 0.6620
vn 0.6091 -0.2663 0.7470
vn -0.5505 0.2269 -0.8034
vn 0.3823 0.9240 0.0015
vn 0.9240 0.3823 0.0015
vn 0.4854 0.1987 0.8514
vn 0.1987 0.4854 0.8514
vn 0.6729 -0.7396 -0.0143
vn 0.2379 0.5769 -0.7814
vn -0.6278 -0.2677 0.7309
vn -0.7103 0.7035 -0.0224
vn 0.9253 -0.3791 0.0091
vn 0.3787 -0.9252 0.0258
vn 0.7543 -0.3128 0.5772
vn 0.4931 -0.2063 0.8452
vn 0.2270 -0.5542 0.8009
vn -0.4653 0.1982 0.8627
vn 0.4003 -0.3275 -0.8559
vn 0.5874 -0.2422 -0.7722
vn -0.6957 -0.7006 0.1585
vn 0.6681 0.7440 -0.0039
vn -0.2130 0.5015 0.8385
vn 0.4750 0.8799 -0.0071
vn -0.8200 -0.5724 0.0038
vn -0.8127 -0.5827 0.0005
vn 0.8894 0.4572 0.0001
vn 0.8860 0.4637 0.0005
vn -0.3440 0.9366 0.0667
vn 0.0118 0.1689 0.9856
vn -0.4343 0.9005 0.0238
vn -0.5155 0.8568 0.0107
vn 0.6610 0.7504 -0.0001
vn 0.6555 0.7552 0.0005
vn -0.3344 -0.9423 0.0152
vn -0.4985 -0.8669 -0.0000
vn -0.9409 0.3381 0.0196
vn -0.9544 0.2987 0.0012
vn -0.9096 0.4126 0.0495
vn -0.6238 -0.7815 -0.0158
vn 0.1212 0.9924 0.0219
vn -0.9343 0.3533 0.0471
vn -0.1350 0.0557 0.9893
vn -0.7231 0.6834 -0.1008
vn -0.9240 0.3822 -0.0133
vn -0.1289 0.0383 -0.9909
vn -0.2359 0.9717 0.0119
vn -0.3283 0.9443 0.0237
vn -0.3123 -0.0321 -0.9494
vn -0.3516 0.9357 -0.0297
vn -0.2244 0.9745 -0.0001
vn -0.0508 0.1402 0.9888
vn -0.8786 0.4776 0.0024
vn -0.9034 0.4283 0.0209
vn -0.0648 0.5864 -0.8075
vn -0.8849 0.4654 -0.0171
vn -0.1750 0.0786 0.9814
vn -0.9799 -0.1990 0.0125
vn -0.4193 0.9059 0.0588
vn -0.8664 -0.3452 -0.3607
vn -0.6474 0.7499 0.1361
vn -0.0447 0.1072 0.9932
vn -0.5381 -0.1046 -0.8364
vn -0.4814 0.8759 0.0322
vn -0.8826 0.4702 0.0020
vn -0.8805 0.4740 0.0023
vn -0.2736 0.9618 0.0116
vn -0.2547 0.9669 0.0118
vn 0.1488 0.9876 0.0509
vn -0.9476 0.3193 0.0040
vn -0.1028 0.2692 0.9576
vn -0.8908 0.4544 0.0064
vn -0.9531 0.3025 0.0010
vn -0.9538 0.3005 0.0013
vn -0.5002 -0.8659 0.0003
vn -0.4989 -0.8667 -0.0000
vn 0.6611 0.7503 0.0001
vn 0.6600 0.7513 0.0001
vn -0.4847 0.8746 0.0108
vn -0.5003 0.8658 0.0109
vn -0.0204 -0.2211 -0.9750
vn -0.2782 0.9597 0.0397
vn 0.8887 0.4585 0.0002
vn 0.8877 0.4605 0.0003
vn -0.8210 -0.5710 0.0007
vn -0.8165 -0.5773 0.0004
vn -0.9412 0.3141 -0.1241
vn -0.8837 0.4520 -0.1218
vn -0.9172 0.3983 0.0022
vn -0.9263 0.3768 0.0019
vn -0.9341 0.3365 0.1190
vn -0.8952 0.4293 0.1201
vn -0.4585 0.8846 -0.0855
vn -0.3062 0.9484 -0.0819
vn -0.3815 0.9242 0.0199
vn -0.4015 0.9156 0.0203
vn -0.4542 0.8786 0.1477
vn -0.2941 0.9365 0.1909
vn -0.9383 0.3353 0.0853
vn -0.9262 0.3770 0.0007
vn -0.8961 0.4349 0.0880
vn -0.9161 0.4010 0.0006
vn -0.9469 0.3043 -0.1040
vn -0.8788 0.4668 -0.0994
vn -0.4822 0.8668 0.1274
vn -0.2645 0.9499 0.1665
vn -0.3400 0.9402 0.0187
vn -0.4383 0.8986 0.0190
vn -0.4958 0.8646 -0.0816
vn -0.2644 0.9620 -0.0686
vn -0.5122 0.8522 0.1071
vn 0.7710 0.6365 0.0204
vn -0.8783 0.4781 -0.0038
vn -0.8816 0.4720 -0.0038
vn -0.2241 0.9746 -0.0002
vn -0.2242 0.9745 -0.0001
vn -0.9447 0.3279 -0.0089
vn -0.1218 0.2171 -0.9685
vn 0.7063 0.7079 -0.0065
vn 0.6591 0.7520 -0.0002
vn 0.8895 0.4569 -0.0000
vn 0.8896 0.4568 -0.0000
vn -0.8056 -0.5925 0.0011
vn -0.7920 -0.6106 0.0019
vn -0.2331 0.9721 0.0277
vn -0.1607 0.0267 0.9866
vn -0.5487 0.8346 0.0490
vn -0.6279 0.7761 0.0584
vn -0.4980 -0.8672 0.0001
vn -0.4972 -0.8676 0.0001
vn -0.9554 0.2952 0.0048
vn -0.9574 0.2887 0.0046
vn -0.8872 0.4612 -0.0116
vn -0.2321 -0.0501 -0.9714
vn -0.8985 0.4389 0.0117
vn -0.9294 0.3686 -0.0157
vn -0.9401 0.2985 -0.1646
vn -0.9123 0.3993 0.0912
vn -0.8557 0.4938 -0.1545
vn -0.9114 0.4005 0.0943
vn -0.2898 0.9571 -0.0082
vn -0.5215 0.8500 0.0744
vn -0.5911 0.8057 -0.0384
vn -0.6054 0.7818 0.1496
vn -0.1875 0.9796 -0.0725
vn -0.1935 0.9805 0.0330
vn 0.7257 0.6749 -0.1338
vn 0.2200 0.9749 0.0354
vn -0.6287 -0.7777 -0.0000
vn -0.2870 -0.2322 -0.9294
vn -0.3183 -0.1272 0.9394
vn -0.1577 0.1821 0.9705
vn -0.0934 0.3884 0.9167
vn -0.6293 -0.7771 0.0115
vn -0.2502 -0.0311 0.9677
vn 0.0170 0.4403 -0.8977
vn -0.3092 -0.1228 -0.9430
vn -0.3907 -0.2912 0.8732
vn -0.0255 0.3022 -0.9529
vn 0.5598 0.4888 0.6691
vn 0.7614 0.6477 0.0279
vn -0.0817 0.0657 0.9945
vn 0.3102 0.3555 -0.8817
vn -0.2607 0.0883 -0.9614
vn -0.4745 -0.0916 0.8755
vn 0.0873 0.2619 -0.9612
vn 0.4054 0.1106 0.9074
vn -0.9309 -0.3630 -0.0399
vn -0.1892 0.1416 -0.9717
vn 0.7502 0.6604 0.0322
vn 0.0043 0.2247 -0.9744
vn 0.0782 0.2077 0.9751
vn -0.9811 -0.1858 0.0540
vn -0.9766 -0.2152 0.0042
vn -0.5430 -0.8148 0.2033
vn -0.8906 0.4519 -0.0521
vn 0.2945 0.9556 -0.0065
vn -0.8141 0.5764 -0.0708
vn -0.4966 -0.8680 -0.0001
vn -0.4982 -0.8671 -0.0002
vn -0.5008 -0.8656 -0.0002
vn -0.5035 -0.8640 -0.0002
vn -0.9594 0.2819 -0.0091
vn -0.9545 0.2980 -0.0092
vn -0.9490 0.3153 -0.0096
vn -0.9426 0.3336 -0.0100
vn 0.2430 0.9377 -0.2484
vn 0.3173 0.9199 -0.2303
vn 0.3888 0.8932 -0.2260
vn 0.4584 0.8608 -0.2210
vn -0.2321 0.9726 -0.0144
vn -0.2605 0.9654 -0.0143
vn -0.2893 0.9571 -0.0144
vn -0.3184 0.9479 -0.0148
vn -0.8342 -0.2065 -0.5113
vn -0.8326 -0.2137 -0.5110
vn -0.8315 -0.2239 -0.5084
vn -0.8283 -0.2438 -0.5044
vn -0.9684 -0.2494 0.0027
vn -0.1968 0.9735 -0.1166
vn 0.5095 0.2015 -0.8366
vn -0.3789 0.9047 -0.1947
vn 0.8971 0.4415 -0.0159
vn 0.8838 0.4679 -0.0004
vn 0.8857 0.4643 -0.0004
vn 0.8876 0.4607 -0.0003
vn -0.3882 0.9184 -0.0769
vn 0.3723 0.5530 -0.7453
vn -0.2034 0.9776 -0.0546
vn 0.5512 0.0436 -0.8332
vn 0.0757 0.2284 -0.9706
vn 0.1690 0.2563 -0.9517
vn -0.5081 -0.0744 0.8581
vn 0.3901 0.3123 -0.8662
vn -0.1442 0.0618 0.9876
vn -0.2543 0.9594 0.1224
vn -0.1502 0.9770 -0.1512
vn -0.2229 0.0321 0.9743
vn -0.2258 0.9741 0.0103
vn -0.2448 0.9612 -0.1270
vn -0.2789 0.9465 0.1621
vn -0.3056 0.9366 0.1716
vn -0.2908 0.9476 -0.1319
vn -0.2760 0.9607 0.0290
vn -0.2394 -0.1137 -0.9642
vn -0.3441 0.9376 0.0510
vn -0.6348 0.7630 -0.1218
vn -0.1860 0.9825 0.0056
vn -0.0442 0.1080 0.9932
vn 0.0821 0.9056 -0.4161
vn -0.2981 0.9280 -0.2236
vn -0.2256 0.9737 -0.0320
vn -0.3874 0.8853 0.2572
vn 0.0321 0.9589 -0.2818
vn -0.2866 0.9445 0.1605
vn -0.2843 0.9319 -0.2251
vn -0.3387 0.9404 -0.0297
vn -0.1748 0.9695 -0.1720
vn -0.3520 0.9359 -0.0147
vn -0.2156 0.9712 -0.1009
vn -0.3206 0.9428 -0.0912
vn 0.0700 0.9037 -0.4224
vn 0.0359 0.9253 -0.3774
vn 0.5373 0.0812 -0.8394
vn -0.5342 -0.0368 0.8445
vn -0.5156 -0.0965 0.8514
vn 0.8298 0.2351 0.5061
vn -0.5292 0.1203 0.8399
vn 0.4321 0.5269 -0.7319
vn -0.3473 0.9010 -0.2598
vn -0.3151 0.9231 0.2205
vn 0.3852 0.9227 -0.0165
vn -0.3540 0.8899 0.2878
vn 0.4689 0.8486 0.2449
vn -0.5664 0.4161 0.7114
vn -0.4621 0.1471 0.8745
vn -0.9967 0.0779 0.0243
vn 0.7799 0.4123 0.4709
vn 0.4306 0.1631 -0.8877
vn -0.5413 0.3917 0.7440
vn -0.9975 -0.0657 0.0263
vn -0.9234 0.3813 -0.0444
vn -0.8790 0.4659 -0.1011
vn -0.8239 0.5552 -0.1134
vn -0.8854 0.4641 -0.0259
vn -0.8404 0.5413 -0.0267
vn -0.9121 0.3939 -0.1140
vn -0.8750 0.4841 0.0017
vn -0.8502 0.5182 -0.0927
vn -0.2486 -0.2974 -0.9218
vn 0.3272 0.9449 -0.0065
vn -0.5731 -0.7945 0.2005
vn -0.2496 -0.3206 -0.9137
vn 0.0021 0.4195 0.9078
vn -0.0076 0.4242 0.9055
vn 0.5328 0.8462 -0.0000
vn -0.9054 0.3750 -0.1988
vn -0.1787 0.4314 -0.8843
vn -0.8459 -0.5334 -0.0000
vn 0.6256 0.7801 -0.0000
vn 0.7071 0.7071 -0.0000
vn -0.7729 -0.6345 -0.0000
vn -0.7071 -0.7071 -0.0000
vn 0.3345 -0.8075 0.4858
vn -0.0772 0.1864 0.9794
vn -0.0772 0.1863 0.9794
vn 0.8075 -0.3345 0.4858
vn -0.4075 0.1688 0.8974
vn 0.8075 0.3345 0.4858
vn -0.2426 -0.1005 0.9649
vn 0.3744 0.9038 0.2075
vn -0.0280 -0.0676 0.9973
vn -0.9038 -0.3744 0.2075
vn -0.3040 -0.1259 0.9443
vn -0.3345 -0.8075 0.4858
vn -0.0471 -0.1137 0.9924
vn 0.9299 -0.3679 -0.0000
vn 0.5542 -0.8324 -0.0000
vn 0.4699 -0.8416 -0.2662
vn -0.3748 0.3748 0.8480
vn -0.2253 0.2253 0.9479
vn -0.2189 0.2189 0.9509
vn -0.2189 0.2190 0.9509
vn 0.0251 0.9997 -0.0000
vn -0.1017 -0.9948 -0.0000
vn 0.8891 -0.0994 -0.4468
vn 0.5795 -0.7882 -0.2070
vn 0.3826 -0.9237 0.0167
vn 0.3575 -0.9339 -0.0000
vn 0.2658 -0.9430 0.2002
vn 0.8052 -0.5818 0.1144
vn 0.9295 -0.3688 -0.0000
vn -0.1438 0.3472 0.9267
vn -0.1251 0.3019 0.9451
vn -0.2998 0.1242 0.9459
vn -0.4080 0.1690 0.8972
vn -0.2321 -0.0962 0.9679
vn -0.3055 -0.1265 0.9438
vn 0.0324 0.0782 0.9964
vn -0.0012 -0.0030 1.0000
vn -0.2636 -0.1092 0.9584
vn 0.0101 0.0243 0.9997
vn -0.1977 0.1977 0.9601
vn 0.0324 0.0783 0.9964
vn -0.2981 0.2981 0.9068
vn -0.5279 -0.0224 0.8490
vn 0.1075 -0.2594 -0.9598
vn 0.4076 -0.1688 -0.8974
vn 0.3607 0.1494 -0.9207
vn 0.3606 0.1494 -0.9207
vn 0.0471 0.1137 -0.9924
vn 0.3761 0.1558 -0.9134
vn 0.0280 0.0676 -0.9973
vn 0.3304 -0.3304 -0.8842
vn 0.3239 -0.3239 -0.8889
vn 0.1484 -0.3582 -0.9218
vn 0.1251 -0.3019 -0.9451
vn 0.4084 -0.1692 -0.8970
vn 0.4080 -0.1690 -0.8972
vn 0.2636 0.1092 -0.9584
vn 0.3055 0.1265 -0.9438
vn -0.0400 -0.0965 -0.9945
vn 0.0012 0.0030 -1.0000
vn 0.2321 0.0962 -0.9679
vn -0.0448 -0.1081 -0.9931
vn 0.2489 -0.2489 -0.9360
vn 0.2983 -0.2983 -0.9066
vn 0.5279 0.0224 -0.8490
vn -0.6465 -0.7468 -0.1563
vn 0.6465 0.7468 0.1563
vn -0.2588 -0.9659 -0.0000
vn -0.9659 -0.2588 -0.0000
vn -0.9659 0.2588 -0.0000
vn -0.7071 0.7071 -0.0000
vn -0.2588 0.9659 -0.0000
vn 0.2588 0.9659 -0.0000
vn 0.9659 0.2588 -0.0000
vn 0.9659 -0.2588 -0.0000
vn 0.7071 -0.7071 -0.0000
vn 0.2588 -0.9659 -0.0000
vn -0.9635 0.2582 0.0715
vn -0.6939 0.6939 0.1922
vn 0.2179 0.0902 -0.9718
vn -0.1711 0.4132 -0.8944
vn 0.3490 0.8427 -0.4100
vn 0.1315 0.3176 -0.9391
vn -0.0686 -0.1656 -0.9838
vn 0.7238 0.6900 -0.0000
vn -0.3490 0.8427 -0.4100
vn -0.2706 0.6533 -0.7071
vn -0.3594 -0.8676 -0.3437
vn -0.0865 -0.2088 -0.9741
vn -0.7238 -0.6900 -0.0000
vn -0.3490 -0.8427 0.4100
vn -0.2706 -0.6533 0.7071
vn 0.2997 0.7235 -0.6219
vn 0.7304 0.3025 -0.6124
vn 0.7304 -0.3025 -0.6124
vn 0.3020 -0.7291 -0.6142
vn -0.2935 -0.7085 -0.6418
vn -0.7121 -0.2950 -0.6371
vn -0.7081 0.2933 -0.6424
vn -0.2858 0.6900 -0.6650
vn 0.8257 -0.5641 -0.0000
vn 0.9237 -0.3826 -0.0221
vn 0.8094 -0.5833 -0.0681
vn 0.9093 -0.4155 -0.0231
vn 0.1759 -0.9115 -0.3719
vn 1.0000 -0.0000 -0.0000
vn -0.4911 0.8708 0.0232
vn 0.9472 -0.3193 0.0303
vn 0.8919 -0.4516 0.0226
vn 0.9191 -0.3939 -0.0034
vn 0.9192 -0.3938 -0.0032
vn 0.9455 -0.3235 -0.0368
vn 0.8925 -0.4499 -0.0324
vn 0.8777 -0.4767 0.0495
vn 0.9192 -0.3938 -0.0030
vn 0.8962 -0.4236 -0.1321
vn 0.9183 -0.3956 -0.0151
vn 0.9180 -0.3965 0.0105
vn 0.9406 -0.3391 0.0194
vn 0.9276 -0.3733 -0.0129
vn 0.8878 -0.4598 0.0190
vn 0.9007 -0.4335 -0.0295
vn 0.4548 -0.8884 -0.0622
vn 0.3003 -0.9533 0.0314
vn 0.4867 -0.8734 -0.0196
vn 0.4887 -0.8722 -0.0197
vn 0.4745 -0.8793 -0.0413
vn 0.2948 -0.9416 -0.1626
vn 0.5024 -0.8628 -0.0556
vn 0.2730 -0.9420 -0.1949
vn 0.4857 -0.8739 -0.0192
vn 0.4897 -0.8717 -0.0193
vn 0.4842 -0.8736 -0.0491
vn 0.2603 -0.9650 0.0319
vn 0.4803 -0.8771 -0.0001
vn 0.4790 -0.8753 -0.0667
vn 0.5629 -0.8261 -0.0272
vn 0.5970 -0.7834 -0.1728
vn 0.2149 -0.9766 -0.0037
vn 0.3071 -0.9205 -0.2416
vn 0.4929 -0.8698 -0.0232
vn 0.8834 -0.3672 -0.2911
vn 0.4899 -0.8717 -0.0094
vn 0.9494 -0.3113 0.0413
vn 0.9502 -0.3082 0.0461
vn 0.9068 -0.4153 0.0725
vn 0.8590 -0.5032 0.0945
vn 0.3585 -0.9335 -0.0000
vn 0.2850 -0.9348 0.2118
vn 0.2838 -0.9353 0.2111
vn 0.7749 -0.5996 -0.2002
vn 0.3062 -0.9503 -0.0563
vn 0.2867 -0.9560 -0.0625
vn 0.2536 -0.9642 -0.0774
vn 0.2755 -0.9588 -0.0690
vn 0.2555 -0.9615 -0.1008
vn 0.2349 -0.9666 -0.1026
vn 0.1596 -0.9755 0.1518
vn 0.2177 -0.9758 0.0205
vn 0.2140 -0.9732 0.0838
vn 0.2756 -0.9488 0.1542
vn 0.2099 -0.9729 0.0972
vn 0.3097 -0.9464 0.0920
vn 0.1248 -0.9889 0.0804
vn 0.1608 -0.9765 0.1436
vn 0.2180 -0.9756 0.0257
vn 0.1761 -0.9827 0.0569
vn 0.1612 -0.9866 0.0261
vn 0.1642 -0.9834 0.0771
vn 0.9254 -0.3774 0.0347
vn 0.9014 -0.4250 0.0826
vn 0.9012 -0.4250 0.0849
vn 0.8970 -0.4416 0.0198
vn 0.8969 -0.4418 0.0178
vn 0.9102 -0.4118 0.0435
vn 0.8947 -0.4435 0.0534
vn 0.8528 -0.5172 0.0721
vt 0.983075 0.377588
vt 0.983075 0.391941
vt 0.979464 0.391976
vt 0.979464 0.377624
vt 0.983075 0.348884
vt 0.983075 0.363236
vt 0.979464 0.363272
vt 0.979464 0.348919
vt 0.016693 0.057294
vt 0.003219 0.070768
vt -0.000000 0.069434
vt 0.013474 0.055961
vt 0.986558 0.291205
vt 0.986558 0.305576
vt 0.983075 0.305576
vt 0.983075 0.291205
vt 0.986558 0.463394
vt 0.986558 0.449042
vt 0.989791 0.449010
vt 0.989791 0.463362
vt 0.986558 0.506451
vt 0.986558 0.492099
vt 0.989791 0.492067
vt 0.989791 0.506420
vt 0.981096 0.088652
vt 0.981272 0.110494
vt 0.977455 0.111247
vt 0.977279 0.089406
vt 0.986558 0.506760
vt 0.986558 0.521130
vt 0.983075 0.521130
vt 0.983075 0.506760
vt 0.986558 0.262465
vt 0.986558 0.276835
vt 0.983075 0.276835
vt 0.983075 0.262465
vt 0.070589 0.003400
vt 0.089644 0.003400
vt 0.108699 0.003400
vt 0.127754 0.003400
vt 0.146809 0.003400
vt 0.165864 0.003400
vt 0.179338 0.016874
vt 0.192812 0.030347
vt 0.206286 0.043821
vt 0.219759 0.057294
vt 0.233233 0.070768
vt 0.233233 0.094586
vt 0.233234 0.118404
vt 0.233234 0.142222
vt 0.233234 0.166040
vt 0.216391 0.182882
vt 0.199549 0.199724
vt 0.191128 0.208145
vt 0.182707 0.216566
vt 0.165864 0.233408
vt 0.146809 0.233408
vt 0.127754 0.233408
vt 0.108699 0.233408
vt 0.089644 0.233408
vt 0.070589 0.233408
vt 0.057115 0.219934
vt 0.043641 0.206461
vt 0.030167 0.192987
vt 0.016693 0.179514
vt 0.003220 0.166040
vt 0.003219 0.146986
vt 0.003219 0.127931
vt 0.003219 0.108877
vt 0.003219 0.089822
vt 0.030167 0.043821
vt 0.043641 0.030347
vt 0.057115 0.016874
vt 0.986558 0.334316
vt 0.986558 0.348687
vt 0.983075 0.348686
vt 0.983075 0.334316
vt 0.986558 0.319946
vt 0.983075 0.319946
vt 0.986558 0.535500
vt 0.983075 0.535500
vt 0.901414 0.641513
vt 0.908705 0.623908
vt 0.912190 0.623908
vt 0.904898 0.641513
vt 0.986558 0.377427
vt 0.986558 0.391797
vt 0.983075 0.391797
vt 0.983075 0.377427
vt 0.986558 0.363057
vt 0.983075 0.363057
vt 0.000000 0.164707
vt 0.000000 0.145652
vt 0.986558 0.420538
vt 0.986558 0.434908
vt 0.983075 0.434908
vt 0.983075 0.420538
vt 0.195650 0.803910
vt 0.195650 0.818279
vt 0.192166 0.818278
vt 0.192166 0.803910
vt 0.986558 0.406168
vt 0.983075 0.406168
vt 0.986558 0.477747
vt 0.989791 0.477715
vt 0.176008 0.553110
vt 0.176008 0.567478
vt 0.172713 0.567479
vt 0.172713 0.553111
vt 0.986558 0.434690
vt 0.989791 0.434658
vt 0.176008 0.826095
vt 0.176008 0.840462
vt 0.172713 0.840463
vt 0.172713 0.826096
vt 0.176008 0.596213
vt 0.176008 0.610581
vt 0.172713 0.610582
vt 0.172713 0.596214
vt 0.176008 0.782992
vt 0.176008 0.797360
vt 0.172713 0.797361
vt 0.172713 0.782993
vt 0.176008 0.538743
vt 0.172713 0.538744
vt 0.986558 0.405985
vt 0.986558 0.391632
vt 0.989791 0.391600
vt 0.989791 0.405953
vt 0.176008 0.639316
vt 0.176008 0.653683
vt 0.172713 0.653685
vt 0.172713 0.639317
vt 0.879538 0.729536
vt 0.872247 0.711931
vt 0.875542 0.711932
vt 0.882834 0.729536
vt 0.176008 0.581845
vt 0.172713 0.581846
vt 0.176008 0.739889
vt 0.176008 0.754257
vt 0.172713 0.754258
vt 0.172713 0.739890
vt 0.983075 0.320179
vt 0.983075 0.334531
vt 0.979464 0.334567
vt 0.979464 0.320214
vt 0.983075 0.420646
vt 0.983075 0.434998
vt 0.979464 0.435034
vt 0.979464 0.420681
vt 0.983075 0.305826
vt 0.979464 0.305862
vt 0.195650 0.803888
vt 0.195650 0.789521
vt 0.199330 0.789520
vt 0.199330 0.803887
vt 0.195650 0.559639
vt 0.195650 0.545272
vt 0.199330 0.545270
vt 0.199330 0.559638
vt 0.983075 0.463703
vt 0.983075 0.478055
vt 0.979464 0.478091
vt 0.979464 0.463738
vt 0.983075 0.406293
vt 0.979464 0.406329
vt 0.983075 0.262769
vt 0.983075 0.277122
vt 0.979464 0.277157
vt 0.979464 0.262805
vt 0.195650 0.602742
vt 0.195650 0.588374
vt 0.199330 0.588373
vt 0.199330 0.602741
vt 0.195650 0.818256
vt 0.199330 0.818255
vt 0.195650 0.574007
vt 0.199330 0.574005
vt 0.065870 0.903752
vt 0.069238 0.913080
vt 0.067079 0.912643
vt 0.063663 0.903401
vt 0.201675 0.201969
vt 0.193254 0.210389
vt 0.235469 0.118368
vt 0.235469 0.142186
vt 0.642244 0.603259
vt 0.642242 0.698533
vt 0.574874 0.765903
vt 0.479603 0.765903
vt 0.412241 0.603259
vt 0.479609 0.535889
vt 0.574879 0.535889
vt 0.412241 0.660995
vt 0.375782 0.749018
vt 0.287763 0.785482
vt 0.199743 0.749026
vt 0.199743 0.572984
vt 0.287763 0.536520
vt 0.375782 0.572976
vt 0.642244 0.833272
vt 0.642241 0.928547
vt 0.574874 0.995916
vt 0.479603 0.995916
vt 0.412241 0.833272
vt 0.479609 0.765903
vt 0.574879 0.765903
vt 0.407774 0.895975
vt 0.407951 0.917817
vt 0.404134 0.918570
vt 0.403957 0.896728
vt 0.407598 0.874134
vt 0.403781 0.874887
vt 0.990284 0.070922
vt 0.990143 0.088652
vt 0.986326 0.089406
vt 0.986467 0.071675
vt 0.986558 0.463649
vt 0.986558 0.478019
vt 0.983075 0.478019
vt 0.983075 0.463649
vt 0.195650 0.530903
vt 0.195650 0.545272
vt 0.192166 0.545271
vt 0.192166 0.530903
vt 0.195650 0.760804
vt 0.195650 0.775173
vt 0.192166 0.775172
vt 0.192166 0.760803
vt 0.986558 0.449279
vt 0.983075 0.449279
vt 0.176008 0.682419
vt 0.176008 0.696786
vt 0.172713 0.696787
vt 0.172713 0.682420
vt 0.986558 0.362928
vt 0.986558 0.348575
vt 0.989791 0.348543
vt 0.989791 0.362896
vt 0.176008 0.624948
vt 0.172713 0.624949
vt 0.069328 0.236452
vt 0.055854 0.222978
vt 0.983075 0.449350
vt 0.979464 0.449386
vt 0.195650 0.645845
vt 0.195650 0.631477
vt 0.199330 0.631476
vt 0.199330 0.645844
vt 0.195650 0.617110
vt 0.199330 0.617108
vt 0.195650 0.832624
vt 0.199330 0.832622
vt 0.195650 0.688948
vt 0.195650 0.674580
vt 0.199330 0.674579
vt 0.199330 0.688946
vt 0.195650 0.660212
vt 0.199330 0.660211
vt 0.983075 0.521112
vt 0.983075 0.535465
vt 0.979464 0.535500
vt 0.979464 0.521148
vt 0.983075 0.506760
vt 0.979464 0.506796
vt 0.176008 0.711154
vt 0.172713 0.711155
vt 0.176008 0.725521
vt 0.172713 0.725523
vt 0.176008 0.668051
vt 0.172713 0.668052
vt 0.986558 0.319870
vt 0.986558 0.305518
vt 0.989791 0.305486
vt 0.989791 0.319838
vt 0.195650 0.574010
vt 0.195650 0.588378
vt 0.192166 0.588378
vt 0.192166 0.574009
vt 0.195650 0.832648
vt 0.192166 0.832647
vt 0.195650 0.717698
vt 0.195650 0.732066
vt 0.192166 0.732066
vt 0.192166 0.717697
vt 0.986558 0.492390
vt 0.983075 0.492389
vt 0.195650 0.732050
vt 0.195650 0.717683
vt 0.199330 0.717682
vt 0.199330 0.732049
vt 0.195650 0.703315
vt 0.199330 0.703314
vt 0.882656 0.392500
vt 0.889948 0.410104
vt 0.886268 0.410104
vt 0.878976 0.392499
vt 0.983075 0.492408
vt 0.979464 0.492443
vt 0.986558 0.262461
vt 0.986558 0.248108
vt 0.989791 0.248077
vt 0.989791 0.262429
vt 0.176008 0.768624
vt 0.172713 0.768625
vt 0.195650 0.789541
vt 0.192166 0.789541
vt 0.195650 0.617116
vt 0.195650 0.631485
vt 0.192166 0.631484
vt 0.192166 0.617115
vt 0.195650 0.674591
vt 0.195650 0.688960
vt 0.192166 0.688959
vt 0.192166 0.674591
vt 0.195650 0.746435
vt 0.192166 0.746434
vt 0.195650 0.775153
vt 0.195650 0.760786
vt 0.199330 0.760784
vt 0.199330 0.775152
vt 0.195650 0.746418
vt 0.199330 0.746417
vt 0.167272 0.000000
vt 0.180746 0.013474
vt 0.986558 0.276813
vt 0.989791 0.276781
vt 0.901414 0.817556
vt 0.908706 0.799953
vt 0.912001 0.799953
vt 0.904709 0.817557
vt 0.986558 0.291166
vt 0.989791 0.291134
vt 0.176008 0.811727
vt 0.172713 0.811728
vt 0.195650 0.660222
vt 0.192166 0.660222
vt 0.195650 0.645854
vt 0.192166 0.645853
vt 0.986558 0.233724
vt 0.986558 0.248095
vt 0.983075 0.248094
vt 0.983075 0.233724
vt 0.195650 0.703329
vt 0.192166 0.703328
vt 0.195650 0.530904
vt 0.199330 0.530903
vt 0.860780 0.304479
vt 0.853489 0.322083
vt 0.849808 0.322082
vt 0.857100 0.304479
vt 0.986558 0.233756
vt 0.989791 0.233724
vt 0.986558 0.334223
vt 0.989791 0.334191
vt 0.195650 0.602747
vt 0.192166 0.602747
vt 0.071997 0.000000
vt 0.091052 0.000000
vt 0.983075 0.248417
vt 0.979464 0.248452
vt 0.164603 0.236452
vt 0.145548 0.236452
vt 0.195650 0.559641
vt 0.192166 0.559640
vt 0.983075 0.291474
vt 0.979464 0.291510
vt 0.983075 0.234064
vt 0.979464 0.234100
vt 0.986558 0.377280
vt 0.989791 0.377248
vt 0.986558 0.535156
vt 0.986558 0.520804
vt 0.989791 0.520772
vt 0.989791 0.535124
vt 0.986558 0.420337
vt 0.989791 0.420305
vt 0.989791 0.434280
vt 0.989791 0.409086
vt 0.992598 0.409097
vt 0.992598 0.434291
vt 0.235360 0.168285
vt 0.218517 0.185127
vt 0.952595 0.493148
vt 0.952721 0.513905
vt 0.950184 0.516230
vt 0.950184 0.495149
vt 0.105259 0.524271
vt 0.105259 0.538640
vt 0.087566 0.538743
vt 0.087566 0.524374
vt 0.017513 0.523937
vt 0.017513 0.538306
vt 0.000000 0.538197
vt 0.000000 0.523828
vt 0.017513 0.265299
vt 0.017513 0.279668
vt 0.000000 0.279558
vt 0.000000 0.265190
vt 0.017513 0.308405
vt 0.017513 0.322774
vt 0.000000 0.322665
vt 0.000000 0.308296
vt 0.017513 0.351512
vt 0.017513 0.365880
vt 0.000000 0.365771
vt 0.000000 0.351402
vt 0.087566 0.395055
vt 0.087566 0.409423
vt 0.070052 0.409314
vt 0.052539 0.409205
vt 0.035026 0.409096
vt 0.017513 0.408987
vt 0.000000 0.408877
vt 0.000000 0.394509
vt 0.017513 0.394618
vt 0.035026 0.394727
vt 0.052539 0.394836
vt 0.070052 0.394946
vt 0.087566 0.438161
vt 0.087566 0.452530
vt 0.065674 0.452393
vt 0.043783 0.452257
vt 0.021891 0.452120
vt 0.000000 0.451984
vt 0.000000 0.437615
vt 0.017513 0.437724
vt 0.035026 0.437833
vt 0.052539 0.437943
vt 0.070052 0.438052
vt 0.087566 0.481267
vt 0.087566 0.495636
vt 0.065674 0.495500
vt 0.043783 0.495363
vt 0.021891 0.495227
vt 0.000000 0.495090
vt 0.000000 0.480721
vt 0.021891 0.480858
vt 0.043783 0.480994
vt 0.065674 0.481131
vt 0.105259 0.265633
vt 0.105259 0.280002
vt 0.087566 0.280104
vt 0.087566 0.265736
vt 0.105259 0.308739
vt 0.105259 0.323108
vt 0.087566 0.323211
vt 0.087566 0.308842
vt 0.105259 0.351845
vt 0.105259 0.366214
vt 0.087566 0.366317
vt 0.087566 0.351948
vt 0.176032 0.394540
vt 0.176032 0.408909
vt 0.158339 0.409012
vt 0.140645 0.409115
vt 0.122952 0.409218
vt 0.105259 0.409321
vt 0.105259 0.394952
vt 0.122952 0.394849
vt 0.140645 0.394746
vt 0.158339 0.394643
vt 0.176032 0.437647
vt 0.176032 0.452015
vt 0.153915 0.452144
vt 0.131799 0.452273
vt 0.109682 0.452401
vt 0.105259 0.438058
vt 0.122952 0.437955
vt 0.140645 0.437852
vt 0.158339 0.437750
vt 0.176032 0.480753
vt 0.176032 0.495122
vt 0.153915 0.495250
vt 0.131799 0.495379
vt 0.109682 0.495508
vt 0.105259 0.481165
vt 0.122952 0.481062
vt 0.140645 0.480959
vt 0.158339 0.480856
vt 0.087566 0.510005
vt 0.070052 0.509896
vt 0.052539 0.509787
vt 0.035026 0.509677
vt 0.017513 0.509568
vt 0.000000 0.509459
vt 0.176032 0.509491
vt 0.158339 0.509593
vt 0.140645 0.509696
vt 0.122952 0.509799
vt 0.105259 0.509902
vt 0.176032 0.466384
vt 0.158339 0.466487
vt 0.140645 0.466590
vt 0.122952 0.466693
vt 0.105259 0.466796
vt 0.087566 0.466899
vt 0.065674 0.466762
vt 0.043783 0.466626
vt 0.021891 0.466489
vt 0.000000 0.466353
vt 0.176032 0.423278
vt 0.158339 0.423381
vt 0.140645 0.423484
vt 0.122952 0.423586
vt 0.105259 0.423689
vt 0.087566 0.423792
vt 0.070052 0.423683
vt 0.052539 0.423574
vt 0.035026 0.423465
vt 0.017513 0.423355
vt 0.000000 0.423246
vt 0.105259 0.380583
vt 0.087566 0.380686
vt 0.017513 0.380249
vt 0.000000 0.380140
vt 0.105259 0.337477
vt 0.087566 0.337580
vt 0.017513 0.337143
vt 0.000000 0.337034
vt 0.105259 0.294370
vt 0.087566 0.294473
vt 0.017513 0.294036
vt 0.000000 0.293927
vt 0.105259 0.236895
vt 0.105259 0.251264
vt 0.087566 0.251367
vt 0.087566 0.236998
vt 0.017513 0.236561
vt 0.017513 0.250930
vt 0.000000 0.250821
vt 0.000000 0.236452
vt 0.394511 0.464487
vt 0.394511 0.450119
vt 0.412241 0.450255
vt 0.412241 0.464622
vt 0.394511 0.507590
vt 0.394511 0.493222
vt 0.412241 0.493357
vt 0.412241 0.507725
vt 0.306115 0.248579
vt 0.306115 0.234212
vt 0.323588 0.234065
vt 0.323588 0.248432
vt 0.394511 0.248973
vt 0.394511 0.234605
vt 0.412241 0.234741
vt 0.412241 0.249108
vt 0.394511 0.421384
vt 0.394511 0.407017
vt 0.412241 0.407152
vt 0.412241 0.421519
vt 0.323588 0.377741
vt 0.323588 0.363373
vt 0.341319 0.363508
vt 0.359049 0.363643
vt 0.376780 0.363779
vt 0.394511 0.363914
vt 0.412241 0.364049
vt 0.412241 0.378417
vt 0.394511 0.378281
vt 0.376780 0.378146
vt 0.359049 0.378011
vt 0.341319 0.377876
vt 0.323588 0.334638
vt 0.323588 0.320270
vt 0.345752 0.320439
vt 0.367915 0.320608
vt 0.390078 0.320777
vt 0.412241 0.320946
vt 0.412241 0.335314
vt 0.394511 0.335179
vt 0.376780 0.335043
vt 0.359049 0.334908
vt 0.341319 0.334773
vt 0.323588 0.291535
vt 0.323588 0.277167
vt 0.345752 0.277336
vt 0.367915 0.277505
vt 0.390078 0.277674
vt 0.412241 0.277843
vt 0.412241 0.292211
vt 0.390078 0.292042
vt 0.367915 0.291873
vt 0.345752 0.291704
vt 0.306115 0.507196
vt 0.306115 0.492829
vt 0.323588 0.492682
vt 0.323588 0.507049
vt 0.306115 0.464094
vt 0.306115 0.449726
vt 0.323588 0.449579
vt 0.323588 0.463946
vt 0.306115 0.420991
vt 0.306115 0.406623
vt 0.323588 0.406476
vt 0.323588 0.420843
vt 0.236223 0.378477
vt 0.236223 0.364109
vt 0.253696 0.363962
vt 0.271169 0.363815
vt 0.288642 0.363667
vt 0.306115 0.363520
vt 0.306115 0.377888
vt 0.288642 0.378035
vt 0.271169 0.378182
vt 0.253696 0.378330
vt 0.236223 0.335374
vt 0.236223 0.321006
vt 0.258065 0.320822
vt 0.279906 0.320638
vt 0.301747 0.320454
vt 0.306115 0.334785
vt 0.288642 0.334932
vt 0.271169 0.335079
vt 0.253696 0.335227
vt 0.408128 0.939658
vt 0.404310 0.940411
vt 0.323588 0.262800
vt 0.341319 0.262935
vt 0.359049 0.263070
vt 0.376780 0.263205
vt 0.394511 0.263341
vt 0.412241 0.263476
vt 0.985619 0.088652
vt 0.985761 0.106126
vt 0.981943 0.106879
vt 0.981802 0.089406
vt 0.306115 0.262947
vt 0.236223 0.306639
vt 0.258065 0.306455
vt 0.279906 0.306271
vt 0.301747 0.306087
vt 0.323588 0.305903
vt 0.301747 0.291719
vt 0.345752 0.306072
vt 0.367915 0.306241
vt 0.390078 0.306410
vt 0.412241 0.306579
vt 0.236223 0.349742
vt 0.253696 0.349594
vt 0.271169 0.349447
vt 0.288642 0.349300
vt 0.306115 0.349153
vt 0.323588 0.349005
vt 0.341319 0.349141
vt 0.359049 0.349276
vt 0.376780 0.349411
vt 0.394511 0.349546
vt 0.412241 0.349681
vt 0.306115 0.392255
vt 0.323588 0.392108
vt 0.394511 0.392649
vt 0.412241 0.392784
vt 0.306115 0.435358
vt 0.323588 0.435211
vt 0.394511 0.435752
vt 0.412241 0.435887
vt 0.306115 0.478461
vt 0.323588 0.478314
vt 0.394511 0.478855
vt 0.412241 0.478990
vt 0.306115 0.535932
vt 0.306115 0.521564
vt 0.323588 0.521417
vt 0.323588 0.535784
vt 0.394511 0.536325
vt 0.394511 0.521958
vt 0.412241 0.522093
vt 0.412241 0.536460
vt 0.879538 0.553493
vt 0.872247 0.535889
vt 0.875731 0.535889
vt 0.883023 0.553493
vt 0.483605 0.248443
vt 0.483605 0.234073
vt 0.501446 0.234065
vt 0.501446 0.248435
vt 0.570838 0.248474
vt 0.570838 0.234103
vt 0.588186 0.234113
vt 0.588186 0.248483
vt 0.570838 0.507139
vt 0.570838 0.492769
vt 0.588186 0.492778
vt 0.588186 0.507149
vt 0.570838 0.464028
vt 0.570838 0.449658
vt 0.588186 0.449667
vt 0.588186 0.464038
vt 0.570838 0.420917
vt 0.570838 0.406547
vt 0.588186 0.406556
vt 0.588186 0.420927
vt 0.501446 0.377767
vt 0.501446 0.363397
vt 0.518794 0.363407
vt 0.536142 0.363417
vt 0.553490 0.363426
vt 0.570838 0.363436
vt 0.588186 0.363446
vt 0.588186 0.377816
vt 0.570838 0.377806
vt 0.553490 0.377797
vt 0.536142 0.377787
vt 0.518794 0.377777
vt 0.501446 0.334657
vt 0.501446 0.320286
vt 0.523131 0.320298
vt 0.544816 0.320311
vt 0.566501 0.320323
vt 0.588186 0.320335
vt 0.588186 0.334705
vt 0.570838 0.334695
vt 0.553490 0.334686
vt 0.536142 0.334676
vt 0.518794 0.334666
vt 0.501446 0.291546
vt 0.501446 0.277175
vt 0.523131 0.277187
vt 0.544816 0.277200
vt 0.566501 0.277212
vt 0.588186 0.277224
vt 0.588186 0.291594
vt 0.570838 0.291584
vt 0.553490 0.291575
vt 0.536142 0.291565
vt 0.518794 0.291555
vt 0.483605 0.507108
vt 0.483605 0.492738
vt 0.501446 0.492730
vt 0.501446 0.507100
vt 0.483605 0.463997
vt 0.483605 0.449627
vt 0.501446 0.449619
vt 0.501446 0.463989
vt 0.483605 0.420887
vt 0.483605 0.406516
vt 0.501446 0.406508
vt 0.501446 0.420878
vt 0.412241 0.377809
vt 0.412241 0.363438
vt 0.430082 0.363430
vt 0.447923 0.363422
vt 0.465764 0.363414
vt 0.483605 0.363405
vt 0.483605 0.377776
vt 0.465764 0.377784
vt 0.447923 0.377792
vt 0.430082 0.377800
vt 0.412241 0.334698
vt 0.412241 0.320327
vt 0.434542 0.320317
vt 0.456843 0.320307
vt 0.479145 0.320297
vt 0.483605 0.334665
vt 0.465764 0.334673
vt 0.447923 0.334681
vt 0.430082 0.334689
vt 0.412241 0.291587
vt 0.412241 0.277217
vt 0.434542 0.277206
vt 0.456843 0.277196
vt 0.479145 0.277186
vt 0.483605 0.291554
vt 0.465764 0.291562
vt 0.447923 0.291570
vt 0.430082 0.291579
vt 0.501446 0.262805
vt 0.518794 0.262815
vt 0.536142 0.262824
vt 0.553490 0.262834
vt 0.570838 0.262844
vt 0.588186 0.262854
vt 0.412241 0.262846
vt 0.430082 0.262838
vt 0.447923 0.262830
vt 0.465764 0.262822
vt 0.483605 0.262813
vt 0.412241 0.305957
vt 0.430082 0.305949
vt 0.447923 0.305941
vt 0.465764 0.305932
vt 0.483605 0.305924
vt 0.501446 0.305916
vt 0.518794 0.305926
vt 0.536142 0.305935
vt 0.553490 0.305945
vt 0.570838 0.305955
vt 0.588186 0.305964
vt 0.412241 0.349068
vt 0.430082 0.349060
vt 0.447923 0.349052
vt 0.465764 0.349043
vt 0.483605 0.349035
vt 0.501446 0.349027
vt 0.518794 0.349037
vt 0.536142 0.349046
vt 0.553490 0.349056
vt 0.570838 0.349066
vt 0.588186 0.349075
vt 0.483605 0.392146
vt 0.501446 0.392138
vt 0.570838 0.392177
vt 0.588186 0.392186
vt 0.483605 0.435257
vt 0.501446 0.435249
vt 0.570838 0.435287
vt 0.588186 0.435297
vt 0.483605 0.478368
vt 0.501446 0.478359
vt 0.570838 0.478398
vt 0.588186 0.478408
vt 0.483605 0.535849
vt 0.483605 0.521479
vt 0.501446 0.521470
vt 0.501446 0.535841
vt 0.570838 0.535879
vt 0.570838 0.521509
vt 0.588186 0.521519
vt 0.588186 0.535889
vt 0.073771 0.676984
vt 0.054125 0.666785
vt 0.055979 0.643734
vt 0.074698 0.655727
vt 0.026010 0.676937
vt 0.000000 0.686248
vt 0.000000 0.666785
vt 0.026411 0.655890
vt 0.023965 0.564133
vt -0.000000 0.566125
vt -0.000000 0.540960
vt 0.023354 0.541194
vt 0.996923 0.379192
vt 0.996923 0.359706
vt 0.999004 0.359710
vt 0.999004 0.379197
vt 0.327312 0.907120
vt 0.327312 0.926735
vt 0.325080 0.926599
vt 0.324914 0.907736
vt 0.996923 0.258920
vt 0.996923 0.233724
vt 0.999004 0.233728
vt 0.999004 0.258925
vt 0.235469 0.070732
vt 0.235469 0.094550
vt 0.217873 0.294924
vt 0.217873 0.236470
vt 0.219935 0.236452
vt 0.219935 0.294906
vt 0.108777 0.669429
vt 0.093417 0.686666
vt 0.093417 0.667203
vt 0.105394 0.644038
vt 0.139408 0.663792
vt 0.124137 0.652192
vt 0.117371 0.620872
vt 0.135896 0.637257
vt 0.145068 0.559926
vt 0.136940 0.557602
vt 0.141832 0.541785
vt 0.147361 0.540593
vt 0.841726 0.337276
vt 0.847057 0.314678
vt 0.849808 0.314569
vt 0.844483 0.337371
vt 0.823962 0.250274
vt 0.818188 0.234173
vt 0.820940 0.234065
vt 0.826714 0.250166
vt 0.989791 0.292178
vt 0.989791 0.233724
vt 0.992598 0.233735
vt 0.992598 0.292189
vt 0.735379 0.885490
vt 0.739605 0.908930
vt 0.736578 0.909561
vt 0.732352 0.886121
vt 0.834372 0.379256
vt 0.836395 0.359874
vt 0.839158 0.360172
vt 0.837135 0.379554
vt 0.217865 0.236452
vt 0.235469 0.288454
vt 0.235469 0.274087
vt 0.257310 0.273903
vt 0.279151 0.273718
vt 0.290072 0.273626
vt 0.300993 0.273534
vt 0.322834 0.273350
vt 0.322834 0.287718
vt 0.300993 0.287902
vt 0.279151 0.288086
vt 0.257310 0.288270
vt 0.235469 0.259719
vt 0.252942 0.259572
vt 0.270415 0.259424
vt 0.287888 0.259277
vt 0.305361 0.259130
vt 0.322834 0.258983
vt 0.993201 0.779330
vt 0.993069 0.801222
vt 0.989274 0.799497
vt 0.989406 0.777606
vt 0.993334 0.757439
vt 0.989539 0.755714
vt 0.993466 0.735547
vt 0.989671 0.733823
vt 0.993466 0.867571
vt 0.993599 0.889688
vt 0.989804 0.887963
vt 0.989671 0.865847
vt 0.996923 0.413205
vt 0.996817 0.430718
vt 0.993023 0.428994
vt 0.993129 0.411481
vt 0.993334 0.845455
vt 0.989539 0.843730
vt 0.993599 0.713656
vt 0.989804 0.711931
vt 0.993201 0.823338
vt 0.989406 0.821614
vt 0.995174 0.001725
vt 0.995042 0.023616
vt 0.991247 0.021891
vt 0.991379 -0.000000
vt 0.868451 0.878533
vt 0.868463 0.856848
vt 0.872247 0.855107
vt 0.872235 0.876792
vt 0.940333 0.428802
vt 0.940333 0.410117
vt 0.944208 0.410457
vt 0.944208 0.429141
vt 0.868440 0.900218
vt 0.872224 0.898477
vt 0.868429 0.921903
vt 0.872213 0.920162
vt 0.868429 0.789944
vt 0.868418 0.767643
vt 0.872202 0.765903
vt 0.872213 0.788204
vt 0.996393 0.500771
vt 0.996499 0.518464
vt 0.992704 0.516739
vt 0.992598 0.499046
vt 0.868440 0.812245
vt 0.872224 0.810505
vt 0.190441 0.793335
vt 0.190441 0.778967
vt 0.868451 0.834546
vt 0.872235 0.832806
vt 0.231602 0.409174
vt 0.231602 0.365993
vt 0.235469 0.366409
vt 0.235469 0.409590
vt 0.994644 0.089290
vt 0.994777 0.111407
vt 0.990982 0.109682
vt 0.990849 0.087566
vt 0.374830 0.905658
vt 0.374830 0.920029
vt 0.373090 0.916245
vt 0.373090 0.901874
vt 0.985761 0.070922
vt 0.981943 0.071675
vt 0.258065 0.292087
vt 0.236223 0.292271
vt 0.408304 0.963166
vt 0.408313 0.945818
vt 0.412097 0.944078
vt 0.412088 0.961426
vt 0.985902 0.053191
vt 0.982085 0.053945
vt 0.868418 0.943587
vt 0.872202 0.941847
vt 0.986043 0.035461
vt 0.982226 0.036214
vt 0.993599 0.889616
vt 0.993610 0.867931
vt 0.997394 0.866191
vt 0.997382 0.887876
vt 0.986184 0.017730
vt 0.982367 0.018484
vt 0.986184 0.158545
vt 0.986326 0.176018
vt 0.982508 0.176771
vt 0.982367 0.159298
vt 0.986043 0.141072
vt 0.982226 0.141825
vt 0.985902 0.123599
vt 0.982085 0.124352
vt 0.408349 0.876426
vt 0.408340 0.858585
vt 0.412124 0.856845
vt 0.412133 0.874686
vt 0.996499 0.483258
vt 0.992704 0.481533
vt 0.993644 0.802876
vt 0.993632 0.780575
vt 0.997416 0.778835
vt 0.997427 0.801136
vt 0.996605 0.465745
vt 0.992810 0.464020
vt 0.981272 0.066489
vt 0.977455 0.067242
vt 0.996711 0.448232
vt 0.992916 0.446507
vt 0.981449 0.044326
vt 0.977632 0.045079
vt 0.190441 0.807704
vt 0.981626 0.022163
vt 0.977808 0.022916
vt 0.996817 0.571544
vt 0.996923 0.589237
vt 0.993129 0.587512
vt 0.993023 0.569819
vt 0.981626 0.154176
vt 0.981802 0.176018
vt 0.977985 0.176771
vt 0.977808 0.154930
vt 0.995183 0.019581
vt 0.995174 0.001740
vt 0.998958 -0.000000
vt 0.998967 0.017841
vt 0.996711 0.553851
vt 0.992916 0.552126
vt 0.981449 0.132335
vt 0.977632 0.133088
vt 0.996605 0.536157
vt 0.992810 0.534433
vt 0.994777 0.067399
vt 0.990982 0.065674
vt 0.408340 0.893774
vt 0.412124 0.892034
vt 0.994909 0.045507
vt 0.991114 0.043783
vt 0.374830 0.891288
vt 0.373090 0.887504
vt 0.995210 0.108293
vt 0.995219 0.090945
vt 0.999003 0.089205
vt 0.998994 0.106553
vt 0.408331 0.911122
vt 0.412115 0.909382
vt 0.408322 0.928470
vt 0.412106 0.926730
vt 0.995042 0.155640
vt 0.995174 0.177757
vt 0.991379 0.176032
vt 0.991247 0.153915
vt 0.994909 0.133523
vt 0.991114 0.131799
vt 0.408313 0.805063
vt 0.408304 0.787222
vt 0.412088 0.785481
vt 0.412097 0.803322
vt 0.975597 0.268609
vt 0.975597 0.234065
vt 0.979464 0.234481
vt 0.979464 0.269025
vt 0.408322 0.822904
vt 0.412106 0.821163
vt 0.993632 0.824561
vt 0.997416 0.822821
vt 0.408331 0.840744
vt 0.412115 0.839004
vt 0.231602 0.279632
vt 0.231602 0.236452
vt 0.235469 0.236868
vt 0.235469 0.280049
vt 0.993621 0.846246
vt 0.997405 0.844506
vt 0.984732 0.578878
vt 0.984732 0.535697
vt 0.988599 0.536114
vt 0.988599 0.579294
vt 0.975597 0.406786
vt 0.975597 0.372242
vt 0.979464 0.372658
vt 0.979464 0.407202
vt 0.993610 0.735973
vt 0.993599 0.713672
vt 0.997382 0.711931
vt 0.997394 0.734232
vt 0.993621 0.758274
vt 0.997405 0.756534
vt 0.996817 0.393787
vt 0.996923 0.411481
vt 0.993129 0.409756
vt 0.993023 0.392063
vt 0.967492 0.330605
vt 0.967492 0.296060
vt 0.971359 0.296477
vt 0.971359 0.331021
vt 0.984732 0.708419
vt 0.984732 0.665239
vt 0.988599 0.665655
vt 0.988599 0.708835
vt 0.986326 -0.000000
vt 0.982508 0.000753
vt 0.996499 0.305501
vt 0.996393 0.323014
vt 0.992598 0.321290
vt 0.992704 0.303777
vt 0.408304 0.785481
vt 0.408128 0.807645
vt 0.404310 0.808398
vt 0.404487 0.786235
vt 0.981802 -0.000000
vt 0.977985 0.000753
vt 0.407774 0.851971
vt 0.403957 0.852724
vt 0.407951 0.829808
vt 0.404134 0.830561
vt 0.990708 0.158545
vt 0.990849 0.176018
vt 0.987032 0.176771
vt 0.986891 0.159298
vt 0.408304 0.961499
vt 0.404487 0.962252
vt 0.867893 0.861946
vt 0.868288 0.941286
vt 0.865109 0.939082
vt 0.864714 0.859743
vt 0.936038 0.506660
vt 0.936038 0.411387
vt 0.940333 0.410117
vt 0.940333 0.505390
vt 0.860855 0.859256
vt 0.864429 0.765903
vt 0.868288 0.766390
vt 0.861250 0.938595
vt 0.947094 0.501696
vt 0.947094 0.413041
vt 0.950184 0.410117
vt 0.950184 0.498773
vt 0.590236 0.526809
vt 0.591946 0.530611
vt 0.591946 0.535284
vt 0.590236 0.531483
vt 0.590236 0.531063
vt 0.588186 0.534370
vt 0.588186 0.530116
vt 0.590236 0.526809
vt 0.173851 0.843666
vt 0.173851 0.938941
vt 0.169524 0.937640
vt 0.169524 0.842366
vt 0.301763 0.822824
vt 0.301763 0.850161
vt 0.288095 0.873836
vt 0.264421 0.887504
vt 0.237085 0.887505
vt 0.213411 0.873836
vt 0.199743 0.850162
vt 0.199743 0.822825
vt 0.213411 0.799151
vt 0.237085 0.785482
vt 0.264421 0.785482
vt 0.288095 0.799150
vt 0.751551 0.805913
vt 0.751551 0.835202
vt 0.736906 0.860568
vt 0.711541 0.875213
vt 0.682253 0.875213
vt 0.656888 0.860568
vt 0.642244 0.835202
vt 0.642244 0.805913
vt 0.656889 0.780547
vt 0.682254 0.765903
vt 0.711542 0.765903
vt 0.736907 0.780547
vt 0.518794 0.507110
vt 0.518794 0.521480
vt 0.536142 0.507119
vt 0.536142 0.521490
vt 0.553490 0.507129
vt 0.553490 0.521499
vt 0.518794 0.535850
vt 0.536142 0.535860
vt 0.553490 0.535870
vt 0.518794 0.463999
vt 0.518794 0.478369
vt 0.371006 0.941678
vt 0.371006 0.924118
vt 0.372048 0.924118
vt 0.372048 0.941678
vt 0.373090 0.905064
vt 0.373090 0.924118
vt 0.372048 0.924118
vt 0.372048 0.905064
vt 0.181781 0.908756
vt 0.181781 0.897391
vt 0.182648 0.897362
vt 0.182648 0.908727
vt 0.518794 0.492739
vt 0.536142 0.478379
vt 0.536142 0.492749
vt 0.553490 0.478389
vt 0.553490 0.492759
vt 0.518794 0.420888
vt 0.518794 0.435258
vt 0.906856 0.887981
vt 0.906856 0.900301
vt 0.905440 0.900290
vt 0.905440 0.887971
vt 0.329713 0.905535
vt 0.329713 0.887504
vt 0.331235 0.887504
vt 0.331235 0.905535
vt 0.329713 0.942620
vt 0.329713 0.924589
vt 0.331235 0.924590
vt 0.331235 0.942620
vt 0.518794 0.449629
vt 0.536142 0.435268
vt 0.536142 0.449638
vt 0.553490 0.435278
vt 0.553490 0.449648
vt 0.518794 0.392147
vt 0.322866 0.887504
vt 0.322866 0.904940
vt 0.320983 0.904940
vt 0.320983 0.887504
vt 0.322866 0.923995
vt 0.322866 0.941431
vt 0.320983 0.941431
vt 0.320983 0.923995
vt 0.191054 0.894661
vt 0.191054 0.905791
vt 0.189303 0.905778
vt 0.189303 0.894648
vt 0.518794 0.406518
vt 0.536142 0.392157
vt 0.536142 0.406527
vt 0.553490 0.392167
vt 0.553490 0.406537
vt 0.536142 0.420898
vt 0.553490 0.420907
vt 0.536142 0.464009
vt 0.553490 0.464018
vt 0.221168 0.053894
vt 0.234642 0.067368
vt 0.207694 0.040421
vt 0.194220 0.026947
vt 0.412241 0.521511
vt 0.412241 0.507141
vt 0.430082 0.507133
vt 0.430082 0.521503
vt 0.447923 0.507125
vt 0.447923 0.521495
vt 0.465764 0.507117
vt 0.465764 0.521487
vt 0.412241 0.535882
vt 0.430082 0.535874
vt 0.447923 0.535865
vt 0.465764 0.535857
vt 0.412241 0.478401
vt 0.412241 0.464030
vt 0.430082 0.464022
vt 0.430082 0.478392
vt 0.287870 0.887504
vt 0.287870 0.905318
vt 0.285844 0.905318
vt 0.285844 0.887504
vt 0.799856 0.535122
vt 0.799856 0.517242
vt 0.801883 0.517242
vt 0.801883 0.535122
vt 0.291924 0.924300
vt 0.291924 0.942041
vt 0.289897 0.942041
vt 0.289897 0.924300
vt 0.412241 0.492771
vt 0.430082 0.492763
vt 0.447923 0.478384
vt 0.447923 0.492754
vt 0.465764 0.478376
vt 0.465764 0.492746
vt 0.412241 0.435290
vt 0.412241 0.420919
vt 0.430082 0.420911
vt 0.430082 0.435282
vt 0.287870 0.942184
vt 0.287870 0.924371
vt 0.289897 0.924371
vt 0.289897 0.942184
vt 0.876459 0.887971
vt 0.876459 0.900486
vt 0.874601 0.900501
vt 0.874601 0.887986
vt 0.291924 0.905245
vt 0.289897 0.905245
vt 0.412241 0.449660
vt 0.430082 0.449652
vt 0.447923 0.435273
vt 0.447923 0.449644
vt 0.465764 0.435265
vt 0.465764 0.449635
vt 0.412241 0.392179
vt 0.430082 0.392171
vt 0.287870 0.905317
vt 0.289897 0.905317
vt 0.346976 0.900006
vt 0.346976 0.887504
vt 0.348964 0.887524
vt 0.348964 0.900026
vt 0.291924 0.887504
vt 0.289897 0.887504
vt 0.412241 0.406549
vt 0.430082 0.406541
vt 0.447923 0.392162
vt 0.447923 0.406533
vt 0.465764 0.392154
vt 0.465764 0.406524
vt 0.447923 0.420903
vt 0.465764 0.420895
vt 0.447923 0.464014
vt 0.465764 0.464006
vt 0.148217 0.000000
vt 0.129162 0.000000
vt 0.110107 0.000000
vt 0.341319 0.507184
vt 0.341319 0.521552
vt 0.359049 0.507320
vt 0.359049 0.521687
vt 0.376780 0.507455
vt 0.376780 0.521822
vt 0.341319 0.535920
vt 0.359049 0.536055
vt 0.376780 0.536190
vt 0.341319 0.464081
vt 0.341319 0.478449
vt 0.359049 0.464217
vt 0.359049 0.478584
vt 0.376780 0.464352
vt 0.376780 0.478720
vt 0.341319 0.492817
vt 0.359049 0.492952
vt 0.376780 0.493087
vt 0.341319 0.420979
vt 0.341319 0.435346
vt 0.398834 0.887504
vt 0.398834 0.905022
vt 0.397412 0.905022
vt 0.397412 0.887504
vt 0.042666 0.905891
vt 0.042666 0.895512
vt 0.043973 0.895520
vt 0.043973 0.905899
vt 0.395990 0.924065
vt 0.395990 0.905010
vt 0.397411 0.905010
vt 0.397412 0.924065
vt 0.341319 0.449714
vt 0.359049 0.435481
vt 0.359049 0.449849
vt 0.376780 0.435617
vt 0.376780 0.449984
vt 0.341319 0.392243
vt 0.040904 0.905892
vt 0.040904 0.895512
vt 0.042199 0.895513
vt 0.042199 0.905893
vt 0.395990 0.941571
vt 0.397411 0.941571
vt 0.341319 0.406611
vt 0.359049 0.392379
vt 0.359049 0.406746
vt 0.376780 0.392514
vt 0.376780 0.406881
vt 0.359049 0.421114
vt 0.376780 0.421249
vt 0.053896 0.015540
vt 0.067369 0.002067
vt 0.040422 0.029014
vt 0.026948 0.042487
vt 0.236223 0.522153
vt 0.236223 0.507785
vt 0.253696 0.507638
vt 0.253696 0.522006
vt 0.271169 0.507491
vt 0.271169 0.521858
vt 0.288642 0.507344
vt 0.288642 0.521711
vt 0.236223 0.536521
vt 0.253696 0.536373
vt 0.271169 0.536226
vt 0.288642 0.536079
vt 0.236223 0.479050
vt 0.236223 0.464682
vt 0.253696 0.464535
vt 0.253696 0.478903
vt 0.311742 0.923890
vt 0.311742 0.941221
vt 0.309754 0.941221
vt 0.309754 0.923890
vt 0.303790 0.905104
vt 0.303790 0.887504
vt 0.305778 0.887504
vt 0.305778 0.905104
vt 0.896684 0.899489
vt 0.896684 0.887981
vt 0.898530 0.887971
vt 0.898530 0.899478
vt 0.236223 0.493418
vt 0.253696 0.493270
vt 0.271169 0.478756
vt 0.271169 0.493123
vt 0.288642 0.478608
vt 0.288642 0.492976
vt 0.236223 0.435947
vt 0.236223 0.421580
vt 0.253696 0.421432
vt 0.253696 0.435800
vt 0.303790 0.924158
vt 0.305778 0.924158
vt 0.892961 0.899480
vt 0.892961 0.887971
vt 0.894823 0.887971
vt 0.894823 0.899479
vt 0.303790 0.941757
vt 0.305778 0.941757
vt 0.236223 0.450315
vt 0.253696 0.450168
vt 0.271169 0.435653
vt 0.271169 0.450020
vt 0.288642 0.435506
vt 0.288642 0.449873
vt 0.236223 0.392844
vt 0.253696 0.392697
vt 0.297748 0.905128
vt 0.297748 0.887504
vt 0.299736 0.887504
vt 0.299736 0.905128
vt 0.307766 0.887504
vt 0.307766 0.905104
vt 0.305778 0.905104
vt 0.305778 0.887505
vt 0.195989 0.904867
vt 0.195989 0.894658
vt 0.197835 0.894648
vt 0.197835 0.904857
vt 0.236223 0.407212
vt 0.253696 0.407065
vt 0.271169 0.392550
vt 0.271169 0.406918
vt 0.288642 0.392403
vt 0.288642 0.406770
vt 0.271169 0.421285
vt 0.288642 0.421138
vt 0.271169 0.464388
vt 0.288642 0.464241
vt 0.000000 0.088489
vt 0.000000 0.107543
vt 0.000000 0.126598
vt 0.070052 0.265626
vt 0.070052 0.251258
vt 0.052539 0.265517
vt 0.052539 0.251148
vt 0.035026 0.265408
vt 0.035026 0.251039
vt 0.070052 0.236889
vt 0.052539 0.236780
vt 0.035026 0.236670
vt 0.070052 0.308733
vt 0.070052 0.294364
vt 0.944499 0.195103
vt 0.944499 0.214158
vt 0.943177 0.214158
vt 0.943177 0.195103
vt 0.383916 0.924297
vt 0.383916 0.905242
vt 0.385239 0.905242
vt 0.385239 0.924297
vt 0.378626 0.904333
vt 0.378626 0.923387
vt 0.377303 0.923387
vt 0.377303 0.904333
vt 0.070052 0.279995
vt 0.052539 0.294255
vt 0.052539 0.279886
vt 0.035026 0.294146
vt 0.035026 0.279777
vt 0.070052 0.351839
vt 0.070052 0.337470
vt 0.944499 0.233213
vt 0.943177 0.233213
vt 0.383916 0.942035
vt 0.385239 0.942035
vt 0.378626 0.940216
vt 0.377303 0.940216
vt 0.070052 0.323102
vt 0.052539 0.337361
vt 0.052539 0.322992
vt 0.035026 0.337252
vt 0.035026 0.322883
vt 0.070052 0.380577
vt 0.234146 0.536434
vt 0.234146 0.522066
vt 0.235377 0.522076
vt 0.235377 0.536443
vt 0.383916 0.887504
vt 0.383916 0.905242
vt 0.382594 0.905242
vt 0.382594 0.887504
vt 0.178233 0.897362
vt 0.178233 0.909025
vt 0.177133 0.909062
vt 0.177133 0.897398
vt 0.070052 0.366208
vt 0.052539 0.380468
vt 0.052539 0.366099
vt 0.035026 0.380358
vt 0.035026 0.365990
vt 0.052539 0.351730
vt 0.035026 0.351621
vt 0.052539 0.308624
vt 0.035026 0.308514
vt 0.015432 0.182558
vt 0.001958 0.169084
vt 0.028906 0.196031
vt 0.042380 0.209505
vt 0.176032 0.250852
vt 0.176032 0.265221
vt 0.158339 0.265324
vt 0.158339 0.250955
vt 0.140645 0.265427
vt 0.140645 0.251058
vt 0.122952 0.265530
vt 0.122952 0.251161
vt 0.176032 0.236484
vt 0.158339 0.236587
vt 0.140645 0.236689
vt 0.122952 0.236792
vt 0.176032 0.293959
vt 0.176032 0.308328
vt 0.158339 0.308430
vt 0.158339 0.294062
vt 0.886699 0.897951
vt 0.886699 0.887989
vt 0.888901 0.887971
vt 0.888901 0.897933
vt 0.090829 0.861936
vt 0.090829 0.879650
vt 0.088428 0.879650
vt 0.088428 0.861936
vt 0.231240 0.411850
vt 0.231240 0.409608
vt 0.233442 0.409590
vt 0.233442 0.411831
vt 0.176032 0.279590
vt 0.158339 0.279693
vt 0.140645 0.294165
vt 0.140645 0.279796
vt 0.122952 0.294267
vt 0.122952 0.279899
vt 0.176032 0.337065
vt 0.176032 0.351434
vt 0.158339 0.351537
vt 0.158339 0.337168
vt 0.269864 0.904356
vt 0.269864 0.887504
vt 0.272265 0.887504
vt 0.272265 0.904356
vt 0.784739 0.532983
vt 0.784739 0.513928
vt 0.787140 0.513928
vt 0.787140 0.532983
vt 0.269864 0.923411
vt 0.272265 0.923411
vt 0.176032 0.322696
vt 0.158339 0.322799
vt 0.140645 0.337271
vt 0.140645 0.322902
vt 0.122952 0.337374
vt 0.122952 0.323005
vt 0.176032 0.380172
vt 0.158339 0.380274
vt 0.368804 0.901890
vt 0.368804 0.887523
vt 0.371006 0.887504
vt 0.371006 0.901872
vt 0.269864 0.940263
vt 0.272265 0.940263
vt 0.091016 0.861937
vt 0.091016 0.842882
vt 0.093417 0.842882
vt 0.093417 0.861937
vt 0.176032 0.365803
vt 0.158339 0.365906
vt 0.140645 0.380377
vt 0.140645 0.366008
vt 0.122952 0.380480
vt 0.122952 0.366111
vt 0.140645 0.351640
vt 0.122952 0.351743
vt 0.140645 0.308533
vt 0.122952 0.308636
vt 0.088383 0.236452
vt 0.107438 0.236452
vt 0.126493 0.236452
vt 0.468273 0.231851
vt 0.469447 0.231860
vt 0.469447 0.233887
vt 0.468273 0.233878
vt 0.287870 0.887504
vt 0.289897 0.887505
vt 0.235469 0.446774
vt 0.235469 0.464902
vt 0.233442 0.464902
vt 0.233442 0.446774
vt 0.374830 0.940650
vt 0.374830 0.923605
vt 0.375612 0.923605
vt 0.375612 0.940650
vt 0.377303 0.904550
vt 0.377303 0.923605
vt 0.376521 0.923605
vt 0.376521 0.904550
vt 0.186203 0.907735
vt 0.186203 0.897396
vt 0.186854 0.897374
vt 0.186854 0.907714
vt 0.874601 0.887994
vt 0.874601 0.897869
vt 0.872247 0.897845
vt 0.872247 0.887971
vt 0.274666 0.887504
vt 0.274666 0.904355
vt 0.272265 0.904355
vt 0.272265 0.887504
vt 0.789541 0.513928
vt 0.789541 0.532982
vt 0.787140 0.532982
vt 0.787140 0.513928
vt 0.279906 0.291903
vt 0.383916 0.924297
vt 0.382594 0.924297
vt 0.045074 0.907187
vt 0.045074 0.895512
vt 0.046305 0.895521
vt 0.046305 0.907197
vt 0.383916 0.942035
vt 0.382594 0.942035
vt 0.091016 0.880992
vt 0.093417 0.880992
vt 0.890760 0.897874
vt 0.890760 0.887989
vt 0.892961 0.887971
vt 0.892961 0.897856
vt 0.274666 0.923410
vt 0.272265 0.923409
vt 0.297748 0.924182
vt 0.299736 0.924182
vt 0.307766 0.924159
vt 0.305778 0.924159
vt 0.191054 0.904858
vt 0.191054 0.894648
vt 0.192915 0.894648
vt 0.192915 0.904858
vt 0.398834 0.924076
vt 0.398834 0.941594
vt 0.397412 0.941594
vt 0.397412 0.924076
vt 0.394568 0.904564
vt 0.394568 0.887504
vt 0.395990 0.887504
vt 0.395990 0.904564
vt 0.351807 0.887504
vt 0.351807 0.905010
vt 0.350386 0.905010
vt 0.350386 0.887504
vt 0.301763 0.942039
vt 0.301763 0.924299
vt 0.303790 0.924299
vt 0.303790 0.942039
vt 0.884841 0.887971
vt 0.884841 0.899858
vt 0.882982 0.899874
vt 0.882982 0.887986
vt 0.235469 0.427719
vt 0.233442 0.427719
vt 0.375612 0.904550
vt 0.376067 0.904550
vt 0.376067 0.923605
vt 0.375612 0.887504
vt 0.376067 0.887504
vt 0.217455 0.368445
vt 0.217455 0.356858
vt 0.217833 0.356845
vt 0.217833 0.368432
vt 0.995210 0.073104
vt 0.998994 0.071364
vt 0.995201 0.055263
vt 0.998985 0.053523
vt 0.995192 0.037422
vt 0.998976 0.035682
vt 0.412241 0.248476
vt 0.430082 0.248468
vt 0.301763 0.905244
vt 0.303790 0.905244
vt 0.338123 0.899379
vt 0.338123 0.887504
vt 0.340110 0.887524
vt 0.340110 0.899399
vt 0.469447 0.231863
vt 0.470621 0.231851
vt 0.470621 0.233839
vt 0.469447 0.233850
vt 0.412241 0.234106
vt 0.430082 0.234097
vt 0.447923 0.234089
vt 0.447923 0.248459
vt 0.465764 0.234081
vt 0.465764 0.248451
vt 0.889948 0.234065
vt 0.882656 0.251668
vt 0.878976 0.251668
vt 0.886268 0.234065
vt 0.875364 0.269272
vt 0.871684 0.269272
vt 0.868072 0.286875
vt 0.864392 0.286875
vt 0.995174 0.177685
vt 0.995183 0.160337
vt 0.998967 0.158597
vt 0.998958 0.175945
vt 0.995192 0.142989
vt 0.998976 0.141249
vt 0.995201 0.125641
vt 0.998985 0.123901
vt 0.518794 0.248444
vt 0.393146 0.923865
vt 0.393146 0.941171
vt 0.391744 0.941171
vt 0.391744 0.923865
vt 0.040904 0.895522
vt 0.040904 0.906393
vt 0.039600 0.906383
vt 0.039600 0.895512
vt 0.390343 0.904810
vt 0.390343 0.887504
vt 0.391744 0.887504
vt 0.391744 0.904810
vt 0.518794 0.234074
vt 0.536142 0.234084
vt 0.536142 0.248454
vt 0.553490 0.234094
vt 0.553490 0.248464
vt 0.860780 0.339687
vt 0.857100 0.339687
vt 0.868072 0.357291
vt 0.864392 0.357291
vt 0.875364 0.374895
vt 0.871684 0.374895
vt 0.901414 0.606305
vt 0.904898 0.606304
vt 0.894122 0.588701
vt 0.897606 0.588701
vt 0.886830 0.571097
vt 0.890314 0.571097
vt 0.341319 0.248567
vt 0.194682 0.907920
vt 0.194682 0.894648
vt 0.195989 0.894656
vt 0.195989 0.907928
vt 0.394568 0.923619
vt 0.395990 0.923619
vt 0.906856 0.901244
vt 0.906856 0.887971
vt 0.908151 0.887971
vt 0.908151 0.901245
vt 0.341319 0.234200
vt 0.359049 0.234335
vt 0.359049 0.248703
vt 0.376780 0.234470
vt 0.376780 0.248838
vt 0.990849 -0.000000
vt 0.990708 0.017730
vt 0.986891 0.018484
vt 0.987032 0.000753
vt 0.990567 0.035461
vt 0.986749 0.036214
vt 0.990425 0.053191
vt 0.986608 0.053945
vt 0.990284 0.106126
vt 0.986467 0.106879
vt 0.990425 0.123599
vt 0.986608 0.124352
vt 0.990567 0.141072
vt 0.986749 0.141825
vt 0.940333 0.503539
vt 0.940333 0.484854
vt 0.944208 0.485194
vt 0.944208 0.503878
vt 0.940333 0.466170
vt 0.944208 0.466509
vt 0.940333 0.447486
vt 0.944208 0.447825
vt 0.236223 0.263536
vt 0.236223 0.249168
vt 0.253696 0.249021
vt 0.253696 0.263389
vt 0.271169 0.248874
vt 0.271169 0.263241
vt 0.288642 0.248727
vt 0.288642 0.263094
vt 0.236223 0.234801
vt 0.253696 0.234653
vt 0.271169 0.234506
vt 0.288642 0.234359
vt 0.872247 0.711931
vt 0.879538 0.694327
vt 0.883023 0.694327
vt 0.875731 0.711931
vt 0.886830 0.676722
vt 0.890314 0.676722
vt 0.894122 0.659118
vt 0.897606 0.659117
vt 0.996923 0.235449
vt 0.996817 0.252962
vt 0.993023 0.251237
vt 0.993129 0.233724
vt 0.996711 0.270475
vt 0.992916 0.268750
vt 0.996605 0.287988
vt 0.992810 0.286263
vt 0.070052 0.524265
vt 0.381271 0.905213
vt 0.381271 0.887504
vt 0.382594 0.887504
vt 0.382594 0.905213
vt 0.045074 0.895512
vt 0.045074 0.908102
vt 0.043973 0.908139
vt 0.043973 0.895548
vt 0.381271 0.924267
vt 0.382594 0.924268
vt 0.070052 0.538633
vt 0.052539 0.538524
vt 0.052539 0.524155
vt 0.035026 0.538415
vt 0.035026 0.524046
vt 0.901414 0.782349
vt 0.904709 0.782349
vt 0.894122 0.764744
vt 0.897417 0.764744
vt 0.886830 0.747140
vt 0.890126 0.747140
vt 0.996499 0.340708
vt 0.992704 0.338983
vt 0.996605 0.358401
vt 0.992810 0.356676
vt 0.996711 0.376094
vt 0.992916 0.374369
vt 0.176032 0.523859
vt 0.158339 0.523962
vt 0.091016 0.900047
vt 0.093417 0.900047
vt 0.791943 0.532982
vt 0.791943 0.516169
vt 0.794344 0.516169
vt 0.794344 0.532982
vt 0.274666 0.940261
vt 0.272265 0.940260
vt 0.176032 0.538228
vt 0.158339 0.538331
vt 0.140645 0.538434
vt 0.140645 0.524065
vt 0.122952 0.538537
vt 0.122952 0.524168
vt 0.872247 0.887971
vt 0.879538 0.870367
vt 0.882834 0.870367
vt 0.875542 0.887971
vt 0.886830 0.852763
vt 0.890126 0.852764
vt 0.894122 0.835160
vt 0.897417 0.835160
vt 0.520386 0.261067
vt 0.536142 0.261076
vt 0.553490 0.261085
vt 0.569246 0.261094
vt 0.536142 0.250203
vt 0.520386 0.250194
vt 0.553490 0.250213
vt 0.569246 0.250221
vt 0.520623 0.303918
vt 0.536142 0.303926
vt 0.553490 0.303936
vt 0.569009 0.303945
vt 0.536142 0.293574
vt 0.520623 0.293566
vt 0.553490 0.293584
vt 0.569009 0.293593
vt 0.520054 0.347653
vt 0.536142 0.347662
vt 0.553490 0.347671
vt 0.569577 0.347680
vt 0.536142 0.336060
vt 0.520054 0.336051
vt 0.553490 0.336070
vt 0.569577 0.336079
vt 0.520268 0.390529
vt 0.536142 0.390538
vt 0.553490 0.390548
vt 0.569364 0.390557
vt 0.536142 0.379406
vt 0.520268 0.379397
vt 0.553490 0.379415
vt 0.569364 0.379424
vt 0.519726 0.434234
vt 0.536142 0.434244
vt 0.553490 0.434253
vt 0.569905 0.434262
vt 0.536142 0.421922
vt 0.519726 0.421913
vt 0.553490 0.421932
vt 0.569905 0.421941
vt 0.520155 0.476875
vt 0.536142 0.476883
vt 0.553490 0.476893
vt 0.569476 0.476902
vt 0.536142 0.465504
vt 0.520155 0.465495
vt 0.553490 0.465514
vt 0.569476 0.465523
vt 0.431526 0.261295
vt 0.447923 0.261287
vt 0.465764 0.261279
vt 0.482161 0.261272
vt 0.447923 0.250002
vt 0.431526 0.250009
vt 0.465764 0.249994
vt 0.482161 0.249986
vt 0.431243 0.304708
vt 0.447923 0.304700
vt 0.465764 0.304692
vt 0.482444 0.304685
vt 0.447923 0.292811
vt 0.431243 0.292818
vt 0.465764 0.292802
vt 0.482444 0.292795
vt 0.430949 0.348133
vt 0.447923 0.348125
vt 0.465764 0.348117
vt 0.482737 0.348109
vt 0.447923 0.335608
vt 0.430949 0.335615
vt 0.465764 0.335599
vt 0.482737 0.335592
vt 0.431312 0.390856
vt 0.447923 0.390848
vt 0.465764 0.390840
vt 0.482374 0.390832
vt 0.447923 0.379106
vt 0.431312 0.379114
vt 0.465764 0.379098
vt 0.482374 0.379090
vt 0.431244 0.434039
vt 0.447923 0.434032
vt 0.465764 0.434024
vt 0.482442 0.434016
vt 0.447923 0.422145
vt 0.431244 0.422152
vt 0.465764 0.422136
vt 0.482442 0.422129
vt 0.431182 0.477217
vt 0.447923 0.477209
vt 0.235469 0.409590
vt 0.233442 0.409590
vt 0.301763 0.887504
vt 0.303790 0.887504
vt 0.447923 0.465189
vt 0.431182 0.465197
vt 0.465764 0.465181
vt 0.482505 0.465173
vt 0.482505 0.477193
vt 0.341829 0.262391
vt 0.359049 0.262522
vt 0.376780 0.262657
vt 0.394000 0.262788
vt 0.359049 0.249251
vt 0.341829 0.249119
vt 0.376780 0.249386
vt 0.394000 0.249517
vt 0.343175 0.347160
vt 0.359049 0.347281
vt 0.376780 0.347416
vt 0.392654 0.347537
vt 0.359049 0.336903
vt 0.343175 0.336782
vt 0.376780 0.337038
vt 0.392654 0.337159
vt 0.342760 0.390706
vt 0.359049 0.390830
vt 0.394568 0.940679
vt 0.395990 0.940679
vt 0.376780 0.390966
vt 0.393070 0.391090
vt 0.359049 0.379559
vt 0.342760 0.379435
vt 0.376780 0.379695
vt 0.393070 0.379819
vt 0.342749 0.433821
vt 0.359049 0.433945
vt 0.376780 0.434080
vt 0.393081 0.434204
vt 0.359049 0.422650
vt 0.342749 0.422526
vt 0.376780 0.422786
vt 0.393081 0.422910
vt 0.255277 0.347857
vt 0.271169 0.347723
vt 0.288642 0.347576
vt 0.304534 0.347442
vt 0.271169 0.336804
vt 0.255277 0.336937
vt 0.288642 0.336656
vt 0.304534 0.336522
vt 0.255604 0.390601
vt 0.271169 0.390470
vt 0.288642 0.390323
vt 0.304208 0.390192
vt 0.271169 0.380262
vt 0.255604 0.380393
vt 0.288642 0.380115
vt 0.304208 0.379984
vt 0.255008 0.434358
vt 0.271169 0.434222
vt 0.288642 0.434075
vt 0.304803 0.433939
vt 0.271169 0.422716
vt 0.255008 0.422852
vt 0.288642 0.422569
vt 0.304803 0.422432
vt 0.255031 0.477437
vt 0.271169 0.477301
vt 0.288642 0.477153
vt 0.304781 0.477017
vt 0.271169 0.465843
vt 0.255031 0.465979
vt 0.288642 0.465696
vt 0.304781 0.465560
vt 0.068842 0.511205
vt 0.052539 0.511103
vt 0.035026 0.510994
vt 0.018723 0.510892
vt 0.052539 0.522839
vt 0.068842 0.522940
vt 0.035026 0.522729
vt 0.018723 0.522628
vt 0.068006 0.425896
vt 0.052539 0.425800
vt 0.035026 0.425691
vt 0.019559 0.425594
vt 0.052539 0.435717
vt 0.068006 0.435813
vt 0.035026 0.435607
vt 0.019559 0.435511
vt 0.069242 0.381454
vt 0.052539 0.381350
vt 0.035026 0.381240
vt 0.018324 0.381136
vt 0.052539 0.393954
vt 0.069242 0.394058
vt 0.035026 0.393845
vt 0.018324 0.393741
vt 0.068815 0.295702
vt 0.052539 0.295601
vt 0.035026 0.295492
vt 0.018750 0.295390
vt 0.052539 0.307277
vt 0.068815 0.307379
vt 0.035026 0.307168
vt 0.018750 0.307067
vt 0.156293 0.468702
vt 0.140645 0.468793
vt 0.122952 0.468896
vt 0.107304 0.468987
vt 0.140645 0.478756
vt 0.156293 0.478665
vt 0.122952 0.478859
vt 0.107304 0.478950
vt 0.156699 0.511368
vt 0.140645 0.511462
vt 0.122952 0.511564
vt 0.106898 0.511658
vt 0.140645 0.522300
vt 0.156699 0.522207
vt 0.122952 0.522403
vt 0.106898 0.522496
vt 0.157095 0.381621
vt 0.140645 0.381717
vt 0.122952 0.381819
vt 0.936953 0.176049
vt 0.936952 0.195103
vt 0.934551 0.195103
vt 0.934551 0.176049
vt 0.140645 0.393407
vt 0.157095 0.393311
vt 0.122952 0.393510
vt 0.106503 0.393605
vt 0.106503 0.381915
vt 0.156257 0.339422
vt 0.140645 0.339512
vt 0.122952 0.339615
vt 0.794344 0.532982
vt 0.794344 0.516169
vt 0.796745 0.516169
vt 0.796745 0.532982
vt 0.140645 0.349398
vt 0.156257 0.349307
vt 0.936953 0.214157
vt 0.934551 0.214157
vt 0.107340 0.349592
vt 0.122952 0.349501
vt 0.107340 0.339706
vt 0.157017 0.295492
vt 0.140645 0.295587
vt 0.122952 0.295690
vt 0.106580 0.295785
vt 0.140645 0.307111
vt 0.157017 0.307015
vt 0.122952 0.307214
vt 0.106580 0.307309
vt 0.393146 0.887504
vt 0.393146 0.904810
vt 0.391744 0.904810
vt 0.391744 0.887504
vt 0.390343 0.923865
vt 0.391744 0.923865
vt 0.178233 0.908260
vt 0.178233 0.897401
vt 0.179400 0.897362
vt 0.179400 0.908221
vt 0.390343 0.941171
vt 0.391744 0.941171
vt 0.181053 0.897365
vt 0.181053 0.907715
vt 0.180631 0.907712
vt 0.180631 0.897362
vt 0.217865 0.273177
vt 0.217865 0.290847
vt 0.217410 0.290847
vt 0.217410 0.273177
vt 0.187232 0.897362
vt 0.187232 0.907701
vt 0.374830 0.904550
vt 0.374830 0.887504
vt 0.181781 0.897371
vt 0.181781 0.907721
vt 0.377303 0.940650
vt 0.376521 0.940650
vt 0.377303 0.887504
vt 0.376521 0.887504
vt 0.217833 0.345246
vt 0.217833 0.356845
vt 0.217410 0.356842
vt 0.217410 0.345243
vt 0.217410 0.308518
vt 0.217410 0.290847
vt 0.217865 0.290847
vt 0.217865 0.308518
vt 0.376067 0.940650
vt 0.217410 0.327572
vt 0.217865 0.327572
vt 0.376067 0.904550
vt 0.376067 0.887504
vt 0.217410 0.345243
vt 0.217865 0.345243
vt 0.376067 0.923605
vt 0.217865 0.236452
vt 0.217865 0.254122
vt 0.217410 0.254122
vt 0.217410 0.236452
vt 0.376067 0.940650
vt 0.322865 0.904940
vt 0.324748 0.904940
vt 0.324748 0.923995
vt 0.192915 0.905818
vt 0.192915 0.894700
vt 0.194482 0.894648
vt 0.194482 0.905766
vt 0.324748 0.941431
vt 0.297460 0.924590
vt 0.297460 0.942620
vt 0.295938 0.942620
vt 0.295938 0.924590
vt 0.297460 0.887504
vt 0.297460 0.905535
vt 0.295938 0.905535
vt 0.295938 0.887504
vt 0.195709 0.844972
vt 0.195709 0.832666
vt 0.196976 0.832624
vt 0.196976 0.844930
vt 0.371006 0.905064
vt 0.371006 0.887504
vt 0.372048 0.887504
vt 0.372048 0.905064
vt 0.189303 0.897369
vt 0.189303 0.908747
vt 0.188333 0.908739
vt 0.188333 0.897362
vt 0.373090 0.941678
vt 0.372048 0.941678
vt 0.373090 0.887504
vt 0.657040 0.891954
vt 0.657040 0.909795
vt 0.655865 0.909794
vt 0.655865 0.891953
vt 0.657040 0.926536
vt 0.655865 0.927635
vt 0.291924 0.905016
vt 0.291924 0.887504
vt 0.293950 0.887505
vt 0.293950 0.905016
vt 0.331794 0.899232
vt 0.331794 0.887504
vt 0.333781 0.887524
vt 0.333781 0.899252
vt 0.287870 0.924373
vt 0.285844 0.924373
vt 0.887725 0.484468
vt 0.887725 0.465413
vt 0.889752 0.465414
vt 0.889752 0.484468
vt 0.291924 0.924070
vt 0.293950 0.924070
vt 0.890760 0.887971
vt 0.890760 0.899711
vt 0.888901 0.899726
vt 0.888901 0.887986
vt 0.287870 0.942186
vt 0.285844 0.942186
vt 0.887725 0.503522
vt 0.889752 0.503522
vt 0.291924 0.941582
vt 0.293950 0.941582
vt 0.281790 0.887504
vt 0.281790 0.905384
vt 0.279764 0.905384
vt 0.279764 0.887504
vt 0.283817 0.905318
vt 0.283817 0.887505
vt 0.285844 0.887505
vt 0.285844 0.905318
vt 0.336136 0.899377
vt 0.336136 0.887504
vt 0.338123 0.887524
vt 0.338123 0.899397
vt 0.301763 0.887504
vt 0.301763 0.905017
vt 0.299736 0.905017
vt 0.299736 0.887504
vt 0.281790 0.924439
vt 0.279764 0.924439
vt 0.283817 0.924372
vt 0.285844 0.924373
vt 0.886699 0.887971
vt 0.886699 0.899856
vt 0.884841 0.899871
vt 0.884841 0.887986
vt 0.301763 0.924072
vt 0.299736 0.924072
vt 0.281790 0.942320
vt 0.279764 0.942320
vt 0.283817 0.942186
vt 0.285844 0.942186
vt 0.301763 0.941585
vt 0.299736 0.941585
vt 0.887725 0.428232
vt 0.887725 0.410104
vt 0.889752 0.410104
vt 0.889752 0.428232
vt 0.341443 0.899510
vt 0.341443 0.887504
vt 0.343430 0.887524
vt 0.343430 0.899530
vt 0.283817 0.887504
vt 0.283817 0.905319
vt 0.281790 0.905319
vt 0.281790 0.887504
vt 0.879137 0.899242
vt 0.879137 0.887971
vt 0.881124 0.887991
vt 0.881124 0.899262
vt 0.887725 0.447286
vt 0.889752 0.447286
vt 0.882982 0.887971
vt 0.882982 0.899989
vt 0.881124 0.900004
vt 0.881124 0.887986
vt 0.283817 0.924374
vt 0.281790 0.924374
vt 0.903579 0.887971
vt 0.903579 0.899254
vt 0.901720 0.899270
vt 0.901720 0.887986
vt 0.887725 0.465413
vt 0.889752 0.465413
vt 0.283817 0.942189
vt 0.281790 0.942189
vt 0.705878 0.909234
vt 0.705878 0.891503
vt 0.707426 0.891491
vt 0.707426 0.909222
vt 0.395990 0.887504
vt 0.397412 0.887504
vt 0.398834 0.941595
vt 0.398834 0.924077
vt 0.400256 0.924077
vt 0.400256 0.941595
vt 0.038306 0.906785
vt 0.038306 0.895512
vt 0.039600 0.895513
vt 0.039600 0.906786
vt 0.398834 0.905022
vt 0.400256 0.905022
vt 0.036999 0.906784
vt 0.036999 0.895512
vt 0.038306 0.895520
vt 0.038306 0.906792
vt 0.398834 0.887504
vt 0.400256 0.887504
vt 0.401678 0.925065
vt 0.401678 0.943571
vt 0.400256 0.943571
vt 0.400256 0.925065
vt 0.047535 0.906809
vt 0.047535 0.895512
vt 0.048830 0.895512
vt 0.048830 0.906809
vt 0.468241 0.231572
vt 0.468241 0.230023
vt 0.469535 0.230024
vt 0.469535 0.231572
vt 0.401678 0.906010
vt 0.400256 0.906010
vt 0.035692 0.906807
vt 0.035692 0.895512
vt 0.036999 0.895520
vt 0.036999 0.906816
vt 0.466934 0.231564
vt 0.466934 0.230016
vt 0.468241 0.230024
vt 0.468241 0.231572
vt 0.401678 0.887504
vt 0.400256 0.887504
vt 0.818019 0.514507
vt 0.818019 0.533561
vt 0.816597 0.533561
vt 0.816597 0.514507
vt 0.394568 0.923618
vt 0.394568 0.940677
vt 0.393146 0.940677
vt 0.393146 0.923618
vt 0.941755 0.232116
vt 0.941755 0.213610
vt 0.943177 0.213610
vt 0.943177 0.232116
vt 0.394568 0.904564
vt 0.393146 0.904564
vt 0.941755 0.194555
vt 0.943177 0.194555
vt 0.394568 0.887504
vt 0.393146 0.887504
vt 0.941755 0.176049
vt 0.943177 0.176049
vt 0.350385 0.887504
vt 0.350385 0.905010
vt 0.348964 0.905010
vt 0.348964 0.887504
vt 0.894823 0.899431
vt 0.894823 0.887971
vt 0.896684 0.887971
vt 0.896684 0.899430
vt 0.311742 0.904835
vt 0.309754 0.904835
vt 0.898530 0.899440
vt 0.898530 0.887981
vt 0.900376 0.887971
vt 0.900376 0.899429
vt 0.311742 0.887505
vt 0.309754 0.887505
vt 0.315718 0.923534
vt 0.315718 0.940509
vt 0.313730 0.940509
vt 0.313730 0.923534
vt 0.307766 0.941219
vt 0.307766 0.923889
vt 0.309754 0.923889
vt 0.309754 0.941219
vt 0.315718 0.904479
vt 0.313730 0.904479
vt 0.307766 0.904835
vt 0.309754 0.904835
vt 0.315718 0.887504
vt 0.313730 0.887504
vt 0.307766 0.887504
vt 0.309754 0.887504
vt 0.295938 0.924183
vt 0.295938 0.941807
vt 0.293950 0.941807
vt 0.293950 0.924183
vt 0.311742 0.940508
vt 0.311742 0.923533
vt 0.313730 0.923533
vt 0.313730 0.940508
vt 0.903579 0.898893
vt 0.903579 0.887972
vt 0.905440 0.887971
vt 0.905440 0.898892
vt 0.295938 0.905128
vt 0.293950 0.905128
vt 0.311742 0.904479
vt 0.313730 0.904479
vt 0.197835 0.905579
vt 0.197835 0.894658
vt 0.199681 0.894648
vt 0.199681 0.905568
vt 0.295938 0.887504
vt 0.293950 0.887504
vt 0.311742 0.887504
vt 0.313730 0.887504
vt 0.307766 0.941759
vt 0.305778 0.941759
vt 0.297748 0.941806
vt 0.299736 0.941806
vt 0.048830 0.895422
vt 0.034461 0.895512
vt 0.034461 0.877998
vt 0.048830 0.877909
vt 0.034461 0.860485
vt 0.048830 0.860395
vt 0.034461 0.842971
vt 0.048830 0.842882
vt 0.378626 0.887504
vt 0.383916 0.887504
vt 0.385239 0.887504
vt 0.389020 0.924732
vt 0.389020 0.942904
vt 0.387697 0.942904
vt 0.387697 0.924732
vt 0.797846 0.516169
vt 0.797846 0.530521
vt 0.796745 0.530558
vt 0.796745 0.516206
vt 0.944499 0.176049
vt 0.943177 0.176049
vt 0.378626 0.940216
vt 0.378626 0.923387
vt 0.379949 0.923387
vt 0.379949 0.940216
vt 0.046305 0.907246
vt 0.046305 0.895512
vt 0.047535 0.895521
vt 0.047535 0.907256
vt 0.389020 0.905677
vt 0.387697 0.905677
vt 0.378626 0.904333
vt 0.379949 0.904333
vt 0.177133 0.897362
vt 0.177133 0.909084
vt 0.176032 0.909120
vt 0.176032 0.897398
vt 0.389020 0.887504
vt 0.387697 0.887504
vt 0.378626 0.887504
vt 0.379949 0.887504
vt 0.234146 0.522066
vt 0.234146 0.503012
vt 0.235469 0.503012
vt 0.235469 0.522067
vt 0.381271 0.924268
vt 0.381271 0.941976
vt 0.379948 0.941976
vt 0.379948 0.924267
vt 0.389020 0.942904
vt 0.390343 0.924732
vt 0.390343 0.942904
vt 0.234146 0.483957
vt 0.235469 0.483957
vt 0.179400 0.907278
vt 0.179400 0.897362
vt 0.180631 0.897371
vt 0.180631 0.907287
vt 0.381271 0.905213
vt 0.379949 0.905213
vt 0.389020 0.905677
vt 0.390343 0.905677
vt 0.234146 0.464902
vt 0.235469 0.464902
vt 0.188333 0.897362
vt 0.188333 0.907267
vt 0.187232 0.907304
vt 0.187232 0.897398
vt 0.381271 0.887504
vt 0.379948 0.887504
vt 0.389020 0.887504
vt 0.390343 0.887504
vt 0.381271 0.941976
vt 0.382594 0.941976
vt 0.034461 0.908116
vt 0.034461 0.895512
vt 0.035692 0.895521
vt 0.035692 0.908125
vt 0.680750 0.892898
vt 0.680750 0.876449
vt 0.682090 0.875213
vt 0.682090 0.892906
vt 0.882520 0.502471
vt 0.882520 0.486859
vt 0.884761 0.484791
vt 0.884761 0.502484
vt 0.872634 0.502414
vt 0.872634 0.520107
vt 0.870393 0.520094
vt 0.870393 0.502401
vt 0.224448 0.411991
vt 0.222206 0.412008
vt 0.222206 0.409607
vt 0.224448 0.409590
vt 0.887116 0.491012
vt 0.887116 0.505364
vt 0.884761 0.505341
vt 0.884761 0.490988
vt 0.090829 0.842882
vt 0.088428 0.842882
vt 0.336136 0.887528
vt 0.336136 0.897479
vt 0.333781 0.897456
vt 0.333781 0.887504
vt 0.226687 0.411850
vt 0.226687 0.409609
vt 0.228889 0.409590
vt 0.228889 0.411831
vt 0.936952 0.230535
vt 0.936952 0.212819
vt 0.939354 0.212819
vt 0.939354 0.230535
vt 0.226687 0.411944
vt 0.224448 0.411967
vt 0.224448 0.409612
vt 0.226687 0.409590
vt 0.936952 0.193764
vt 0.939354 0.193764
vt 0.936952 0.176049
vt 0.939354 0.176049
vt 0.262142 0.924190
vt 0.262142 0.941821
vt 0.259741 0.941821
vt 0.259741 0.924190
vt 0.193448 0.844356
vt 0.193448 0.832666
vt 0.195650 0.844337
vt 0.262142 0.905136
vt 0.259741 0.905136
vt 0.199330 0.832647
vt 0.199330 0.844324
vt 0.196976 0.844301
vt 0.196976 0.832624
vt 0.262142 0.887504
vt 0.259741 0.887504
vt 0.939354 0.230368
vt 0.939354 0.212736
vt 0.941755 0.212736
vt 0.941755 0.230368
vt 0.939354 0.193681
vt 0.941755 0.193681
vt 0.468273 0.234065
vt 0.466934 0.234053
vt 0.466934 0.231851
vt 0.468273 0.231863
vt 0.266945 0.923847
vt 0.266945 0.941136
vt 0.264544 0.941136
vt 0.264544 0.923847
vt 0.939354 0.176049
vt 0.941755 0.176049
vt 0.231240 0.411991
vt 0.229901 0.412001
vt 0.229901 0.409600
vt 0.231240 0.409590
vt 0.266945 0.904793
vt 0.264544 0.904793
vt 0.355858 0.899045
vt 0.355858 0.887523
vt 0.358060 0.887504
vt 0.358060 0.899027
vt 0.266945 0.887505
vt 0.264544 0.887505
vt 0.192795 0.832671
vt 0.192795 0.844182
vt 0.190441 0.844158
vt 0.190441 0.832648
vt 0.262142 0.941139
vt 0.262142 0.923849
vt 0.264544 0.923849
vt 0.264544 0.941139
vt 0.262142 0.904794
vt 0.264544 0.904794
vt 0.791942 0.513928
vt 0.791942 0.532982
vt 0.789541 0.532982
vt 0.789541 0.513928
vt 0.262143 0.887504
vt 0.264544 0.887504
vt 0.329713 0.906559
vt 0.329713 0.923371
vt 0.327312 0.923371
vt 0.327312 0.906559
vt 0.343430 0.898360
vt 0.343430 0.887523
vt 0.345632 0.887504
vt 0.345632 0.898342
vt 0.329713 0.887505
vt 0.327312 0.887504
vt 0.936952 0.233211
vt 0.934551 0.233211
vt 0.360414 0.887528
vt 0.360414 0.898354
vt 0.358060 0.898330
vt 0.358060 0.887504
vt 0.901262 0.412443
vt 0.889948 0.412529
vt 0.891183 0.410204
vt 0.902497 0.410117
vt 0.914325 0.799949
vt 0.950785 0.887971
vt 0.948461 0.887981
vt 0.912001 0.799959
vt 0.928974 0.088029
vt 0.965433 0.176049
vt 0.963398 0.176042
vt 0.926939 0.088023
vt 0.178608 0.667134
vt 0.177911 0.756336
vt 0.176798 0.758351
vt 0.177495 0.669149
vt 0.177887 0.659910
vt 0.179139 0.662195
vt 0.177528 0.664730
vt 0.176276 0.662445
vt 0.180951 0.324474
vt 0.217410 0.412497
vt 0.214798 0.412501
vt 0.178339 0.324478
vt 0.189924 0.667227
vt 0.189227 0.756429
vt 0.948649 0.623717
vt 0.912190 0.535697
vt 0.914452 0.535889
vt 0.950911 0.623909
vt 0.368804 0.887504
vt 0.368804 0.898821
vt 0.366524 0.900303
vt 0.366524 0.888986
vt 0.901262 0.501098
vt 0.902497 0.498773
vt 0.188461 0.843166
vt 0.177145 0.843072
vt 0.965433 0.000007
vt 0.963398 0.000000
vt 0.945068 0.505385
vt 0.944208 0.410117
vt 0.946234 0.411142
vt 0.947094 0.506410
vt 0.926408 0.322086
vt 0.889948 0.234065
vt 0.892538 0.234078
vt 0.928998 0.322100
vt 0.190441 0.489584
vt 0.179139 0.489473
vt 0.177887 0.487188
vt 0.189189 0.487299
vt 0.760813 0.521850
vt 0.758763 0.520199
vt 0.761612 0.519083
vt 0.763663 0.520735
vt 0.177284 0.582876
vt 0.176032 0.580591
vt 0.950785 0.711931
vt 0.948461 0.711942
vt 0.952766 0.535697
vt 0.964068 0.535809
vt 0.962213 0.629212
vt 0.950911 0.629100
vt 0.964068 0.708530
vt 0.952766 0.708419
vt 0.465477 0.071420
vt 0.465476 0.166695
vt 0.398109 0.234065
vt 0.302836 0.234065
vt 0.235469 0.166695
vt 0.235469 0.071420
vt 0.302837 0.004050
vt 0.398109 0.004050
vt 0.950785 0.887972
vt 0.987245 0.799951
vt 0.989274 0.799959
vt 0.952814 0.887980
vt 0.998887 0.890247
vt 0.997623 0.801788
vt 0.998736 0.803804
vt 1.000000 0.892263
vt 0.931033 0.322094
vt 0.967492 0.410113
vt 0.965457 0.410107
vt 0.928998 0.322087
vt 0.997427 0.714221
vt 0.998540 0.716237
vt 0.353832 0.899915
vt 0.353832 0.888600
vt 0.355858 0.887504
vt 0.355858 0.898820
vt 0.222206 0.409590
vt 0.222206 0.411897
vt 0.219935 0.412112
vt 0.219935 0.409805
vt 0.176032 0.845088
vt 0.351807 0.898821
vt 0.351807 0.887504
vt 0.353832 0.888601
vt 0.353832 0.899917
vt 0.176008 0.840464
vt 0.176008 0.935737
vt 0.173991 0.936802
vt 0.173991 0.841528
vt 0.950785 0.711931
vt 0.952814 0.711939
vt 0.967492 0.234071
vt 0.965457 0.234065
vt 0.977279 0.176032
vt 0.965963 0.176034
vt 0.965433 0.087568
vt 0.976748 0.087566
vt 0.965963 0.000002
vt 0.977279 -0.000000
vt 0.176032 0.324475
vt 0.212491 0.236453
vt 0.214798 0.236456
vt 0.212491 0.412498
vt 0.758763 0.532978
vt 0.761612 0.531862
vt 0.889948 0.410104
vt 0.892538 0.410117
vt 0.217410 0.236452
vt 0.190441 0.662306
vt 0.188830 0.664841
vt 0.975458 0.711796
vt 0.964144 0.711711
vt 0.964068 0.624342
vt 0.975382 0.624428
vt 0.965414 0.535697
vt 0.976728 0.535783
vt 0.976652 0.622121
vt 0.976728 0.709489
vt 0.304294 0.000000
vt 0.399566 -0.000000
vt 0.398783 0.001871
vt 0.303510 0.001871
vt 0.466934 0.067370
vt 0.466150 0.069241
vt 0.944208 0.507544
vt 0.946234 0.508569
vt 0.912190 0.711739
vt 0.914452 0.711931
vt 0.176032 0.666857
vt 0.177145 0.664841
vt 0.998887 0.711931
vt 1.000000 0.713948
vt 0.366524 0.888983
vt 0.366524 0.900299
vt 0.364247 0.898820
vt 0.364247 0.887504
vt 0.818188 0.534308
vt 0.824257 0.476163
vt 0.827020 0.476461
vt 0.820951 0.534605
vt 0.828303 0.437400
vt 0.830326 0.418019
vt 0.833089 0.418317
vt 0.831066 0.437698
vt 0.989791 0.370117
vt 0.989791 0.350632
vt 0.992598 0.350643
vt 0.992598 0.370128
vt 0.989791 0.311663
vt 0.992598 0.311674
vt 0.142977 0.840718
vt 0.133065 0.841047
vt 0.135414 0.779270
vt 0.144738 0.779788
vt 0.909562 0.488738
vt 0.911924 0.510844
vt 0.909718 0.511102
vt 0.907357 0.488997
vt 0.113241 0.841706
vt 0.093417 0.842366
vt 0.093417 0.783978
vt 0.114415 0.781624
vt 0.115167 0.740682
vt 0.093417 0.745053
vt 0.093417 0.725591
vt 0.115543 0.720211
vt 0.217873 0.372863
vt 0.217873 0.353378
vt 0.219935 0.353360
vt 0.219935 0.372845
vt 0.217873 0.314409
vt 0.219935 0.314391
vt 0.996923 0.535086
vt 0.996923 0.476626
vt 0.999004 0.476630
vt 0.999004 0.535091
vt 0.996923 0.437653
vt 0.996923 0.418166
vt 0.999004 0.418170
vt 0.999004 0.437657
vt 0.023354 0.842181
vt 0.000000 0.841947
vt 0.000000 0.783560
vt 0.024567 0.781469
vt 0.024995 0.739843
vt 0.000000 0.744635
vt 0.000000 0.725172
vt 0.025209 0.719030
vt 0.070063 0.842648
vt 0.046708 0.842415
vt 0.049134 0.779379
vt 0.071275 0.781937
vt 0.345632 0.905457
vt 0.345632 0.887508
vt 0.346976 0.887504
vt 0.346976 0.905454
vt 0.879137 0.887971
vt 0.879137 0.905172
vt 0.877803 0.905173
vt 0.877803 0.887972
vt 0.037406 0.559741
vt 0.032763 0.538743
vt 0.069238 0.880173
vt 0.067030 0.879822
vt 0.172713 0.742417
vt 0.154815 0.739364
vt 0.155192 0.718893
vt 0.172713 0.722955
vt 0.172713 0.839729
vt 0.152889 0.840388
vt 0.154063 0.780306
vt 0.172713 0.781342
vt 0.737492 0.880351
vt 0.734486 0.881015
vt 0.172713 0.563908
vt 0.153196 0.562250
vt 0.152889 0.539402
vt 0.172713 0.538743
vt 0.172713 0.684030
vt 0.154678 0.675392
vt 0.154421 0.653642
vt 0.172713 0.664567
vt 0.184833 0.218810
vt 0.167990 0.235652
vt 0.093417 0.745570
vt 0.071703 0.740310
vt 0.071918 0.719498
vt 0.093417 0.726107
vt 0.093417 0.842882
vt 0.093417 0.784494
vt 0.327312 0.887504
vt 0.324748 0.888873
vt 0.093417 0.687182
vt 0.093417 0.667720
vt 0.235469 0.166004
vt 0.814481 0.533487
vt 0.814481 0.517242
vt 0.816597 0.517316
vt 0.816597 0.533561
vt 0.650915 0.482452
vt 0.650915 0.508436
vt 0.632542 0.526809
vt 0.606559 0.526809
vt 0.588186 0.508436
vt 0.588186 0.482452
vt 0.606559 0.464078
vt 0.632542 0.464078
vt 0.227394 0.504793
vt 0.231867 0.487188
vt 0.234063 0.487519
vt 0.229590 0.505124
vt 0.136166 0.757790
vt 0.114791 0.761153
vt 0.136918 0.736311
vt 0.071489 0.761124
vt 0.093417 0.765032
vt 0.154439 0.759835
vt 0.172713 0.761880
vt 0.341443 0.887523
vt 0.341443 0.905258
vt 0.340110 0.905239
vt 0.340110 0.887504
vt 0.049562 0.757215
vt 0.024781 0.760656
vt 0.049990 0.735051
vt 0.252188 0.889025
vt 0.252991 0.912504
vt 0.251564 0.912429
vt 0.250761 0.888950
vt 0.000000 0.764097
vt 0.996923 0.457139
vt 0.999004 0.457144
vt 0.217873 0.333893
vt 0.219935 0.333876
vt 0.093417 0.764516
vt 0.254418 0.912296
vt 0.255006 0.888949
vt 0.256692 0.887504
vt 0.256104 0.910851
vt 0.145303 0.758813
vt 0.145867 0.737837
vt 0.989791 0.331148
vt 0.992598 0.331159
vt 0.826280 0.456782
vt 0.829043 0.457080
vt 0.026377 0.779456
vt 0.049147 0.777517
vt 0.069456 0.779865
vt 0.026555 0.762281
vt 0.069634 0.762670
vt 0.049538 0.759090
vt 0.116123 0.779552
vt 0.135441 0.777383
vt 0.144045 0.777861
vt 0.152648 0.778340
vt 0.152931 0.761565
vt 0.116413 0.762785
vt 0.136141 0.759687
vt 0.144536 0.760626
vt 0.050347 0.715559
vt 0.027677 0.721083
vt 0.050419 0.712888
vt 0.027514 0.736734
vt 0.069336 0.721392
vt 0.069174 0.737053
vt 0.050042 0.732415
vt 0.137654 0.717021
vt 0.117428 0.721925
vt 0.137670 0.714831
vt 0.145592 0.718864
vt 0.146431 0.716862
vt 0.153263 0.736920
vt 0.153530 0.720708
vt 0.117150 0.738124
vt 0.136937 0.734138
vt 0.145100 0.735529
vt 0.112160 0.694820
vt 0.130904 0.683511
vt 0.806127 0.517242
vt 0.806127 0.534046
vt 0.803998 0.534108
vt 0.803998 0.517305
vt 0.072844 0.698241
vt 0.093417 0.706645
vt 0.154935 0.697142
vt 0.172713 0.703492
vt 0.025610 0.697984
vt 0.052272 0.689837
vt 0.268435 0.931462
vt 0.266945 0.911056
vt 0.268374 0.911038
vt 0.269864 0.931444
vt 0.217873 0.411832
vt 0.217873 0.392347
vt 0.219935 0.392330
vt 0.219935 0.411814
vt 0.989791 0.389602
vt 0.992598 0.389613
vt 0.832349 0.398637
vt 0.835112 0.398935
vt 0.142919 0.690327
vt 0.816047 0.496820
vt 0.814436 0.507448
vt 0.812231 0.507707
vt 0.813842 0.497078
vt 0.093417 0.706128
vt 0.996923 0.398679
vt 0.999004 0.398683
vt 0.000000 0.705710
vt 0.268435 0.887522
vt 0.269864 0.887504
vt 0.027565 0.678099
vt 0.027242 0.695789
vt 0.071335 0.695876
vt 0.072115 0.677946
vt 0.052349 0.688118
vt 0.054010 0.668549
vt 0.153330 0.693768
vt 0.153079 0.676778
vt 0.110976 0.670049
vt 0.113860 0.691371
vt 0.130746 0.681015
vt 0.124701 0.655008
vt 0.142038 0.687392
vt 0.138890 0.665893
vt 0.317846 0.887591
vt 0.318540 0.909182
vt 0.316411 0.909096
vt 0.315718 0.887504
vt 0.781130 0.517225
vt 0.781130 0.532900
vt 0.779797 0.532901
vt 0.779797 0.517226
vt 0.876459 0.905198
vt 0.876459 0.887977
vt 0.877804 0.887971
vt 0.877804 0.905192
vt 0.274666 0.913333
vt 0.275887 0.887508
vt 0.277317 0.887505
vt 0.276095 0.913330
vt 0.250503 0.931485
vt 0.249076 0.931410
vt 0.258121 0.887522
vt 0.259741 0.911262
vt 0.258312 0.911244
vt 0.256692 0.887504
vt 0.913353 0.488738
vt 0.914289 0.515700
vt 0.912859 0.515711
vt 0.911924 0.488749
vt 0.900376 0.903662
vt 0.900376 0.887977
vt 0.901720 0.887971
vt 0.901720 0.903656
vt 0.258121 0.931460
vt 0.256692 0.931442
vt 0.275887 0.932395
vt 0.277317 0.932391
vt 0.252991 0.912371
vt 0.253579 0.889025
vt 0.913353 0.533999
vt 0.911924 0.534010
vt 0.255264 0.931487
vt 0.256692 0.931412
vt 0.317846 0.924343
vt 0.315718 0.924257
vt 0.814481 0.517242
vt 0.814481 0.533476
vt 0.812351 0.533539
vt 0.812351 0.517305
vt 0.910743 0.521729
vt 0.909562 0.532614
vt 0.907357 0.532872
vt 0.908538 0.521987
vt 0.229631 0.520224
vt 0.231826 0.520555
vt 0.902497 0.510759
vt 0.905151 0.488738
vt 0.907357 0.488998
vt 0.904702 0.511018
vt 0.403781 0.907937
vt 0.403781 0.928371
vt 0.401678 0.929082
vt 0.401677 0.908649
vt 0.903824 0.521439
vt 0.906030 0.521698
vt 0.249879 0.910983
vt 0.249076 0.887504
vt 0.806127 0.534137
vt 0.806127 0.517242
vt 0.808243 0.517308
vt 0.808243 0.534202
vt 0.245007 0.909481
vt 0.246871 0.887504
vt 0.249076 0.887764
vt 0.247212 0.909740
vt 0.777668 0.532983
vt 0.777668 0.517308
vt 0.245939 0.920433
vt 0.248144 0.920693
vt 0.814436 0.464078
vt 0.817657 0.486192
vt 0.815452 0.486450
vt 0.812231 0.464336
vt 0.801883 0.534261
vt 0.801883 0.517242
vt 0.803997 0.517338
vt 0.803997 0.534357
vt 0.808243 0.534051
vt 0.808243 0.517242
vt 0.810359 0.517315
vt 0.810359 0.534124
vt 0.777668 0.515703
vt 0.777668 0.532983
vt 0.774206 0.532649
vt 0.774206 0.515369
vt 0.051336 0.622736
vt 0.025799 0.632951
vt 0.025188 0.610012
vt 0.046693 0.601737
vt 0.763662 0.532907
vt 0.763662 0.514149
vt 0.767114 0.514220
vt 0.767114 0.532978
vt 0.042049 0.580739
vt 0.024577 0.587073
vt 0.996923 0.334509
vt 0.999004 0.334514
vt 0.996923 0.309313
vt 0.999004 0.309317
vt 0.996923 0.284117
vt 0.999004 0.284121
vt -0.000000 0.641620
vt 0.000000 0.616455
vt 0.000000 0.591290
vt 0.952092 0.410117
vt 0.952217 0.430875
vt 0.950184 0.431906
vt 0.950184 0.410825
vt 0.952343 0.451632
vt 0.950184 0.452987
vt 0.952469 0.472390
vt 0.950184 0.474068
vt 0.154114 0.630794
vt 0.172713 0.639402
vt 0.153808 0.607946
vt 0.172713 0.614237
vt 0.153502 0.585098
vt 0.172713 0.589072
vt 0.841283 0.298577
vt 0.844035 0.298468
vt 0.835509 0.282476
vt 0.838261 0.282367
vt 0.829736 0.266375
vt 0.832487 0.266266
vt 0.138189 0.617924
vt 0.122263 0.605055
vt 0.127155 0.589237
vt 0.140482 0.598592
vt 0.385266 0.917157
vt 0.385239 0.903102
vt 0.387670 0.902939
vt 0.387697 0.916994
vt 0.142775 0.579259
vt 0.132048 0.573420
vt 0.989791 0.535055
vt 0.989791 0.509861
vt 0.992598 0.509872
vt 0.992598 0.535066
vt 0.989791 0.484667
vt 0.992598 0.484678
vt 0.989791 0.459474
vt 0.992598 0.459485
vt 0.277317 0.912455
vt 0.277327 0.887504
vt 0.279764 0.887555
vt 0.279753 0.912505
vt 0.246871 0.931386
vt 0.249076 0.931646
vt 0.905151 0.532119
vt 0.907357 0.532379
vt 0.403781 0.887504
vt 0.401677 0.888216
vt 0.231867 0.535655
vt 0.234063 0.535985
vt 0.739605 0.875213
vt 0.736620 0.875908
vt 0.136511 0.635636
vt 0.153031 0.650249
vt 0.122853 0.607643
vt 0.119040 0.620197
vt 0.152849 0.631907
vt 0.137598 0.619566
vt 0.133003 0.576453
vt 0.129476 0.588256
vt 0.151876 0.604004
vt 0.151756 0.586656
vt 0.141218 0.596498
vt 0.142143 0.581417
vt 0.216837 0.460175
vt 0.216857 0.471438
vt 0.214450 0.471055
vt 0.214431 0.459792
vt 0.277327 0.936066
vt 0.279764 0.936117
vt 0.362328 0.901799
vt 0.362328 0.888169
vt 0.364247 0.887504
vt 0.364247 0.901134
vt 0.320976 0.887538
vt 0.320983 0.908077
vt 0.318547 0.908043
vt 0.318540 0.887504
vt 0.216837 0.483313
vt 0.214431 0.482930
vt 0.799856 0.517242
vt 0.799856 0.535590
vt 0.797863 0.535738
vt 0.797863 0.517391
vt 0.360414 0.901035
vt 0.360414 0.888182
vt 0.362328 0.887504
vt 0.362328 0.900357
vt 0.385266 0.887667
vt 0.387697 0.887504
vt 0.320976 0.929335
vt 0.318540 0.929302
vt 0.812351 0.517242
vt 0.812351 0.534597
vt 0.810359 0.534755
vt 0.810359 0.517400
vt 0.028264 0.653026
vt 0.053743 0.642545
vt 0.049966 0.625385
vt 0.044426 0.600517
vt 0.040637 0.583329
vt 0.027747 0.634268
vt 0.026554 0.588429
vt 0.027066 0.607203
vt 0.767115 0.532856
vt 0.767115 0.515369
vt 0.770746 0.515490
vt 0.770746 0.532978
vt 0.737362 0.527692
vt 0.737362 0.508916
vt 0.740814 0.508994
vt 0.740814 0.527770
vt 0.774206 0.515711
vt 0.774206 0.533023
vt 0.770746 0.532680
vt 0.770746 0.515369
vt 0.730097 0.535049
vt 0.730097 0.509081
vt 0.733727 0.508916
vt 0.733727 0.534884
vt 0.784739 0.518497
vt 0.784739 0.532544
vt 0.781130 0.532983
vt 0.781130 0.518937
vt 0.737362 0.508946
vt 0.737362 0.531340
vt 0.733727 0.531310
vt 0.733727 0.508916
s 0
usemtl Glass
f 110/1/1 111/2/1 416/3/1 439/4/1
f 97/5/2 31/6/2 415/7/2 414/8/2
f 734/9/3 15/10/3 115/11/3 738/12/3
f 79/13/4 78/14/4 361/15/4 327/16/4
f 140/17/5 39/18/5 254/19/5 302/20/5
f 154/21/5 40/22/5 256/23/5 305/24/5
f 53/25/6 173/26/6 483/27/6 484/28/6
f 153/29/4 152/30/4 376/31/4 143/32/4
f 64/33/7 22/34/7 328/35/7 358/36/7
f 1/37/8 682/38/8 683/39/8 684/40/8 685/41/8 3/42/8 630/43/8 631/44/8 632/45/8 633/46/8 5/47/8 1784/48/8 163/49/8 1798/50/8 7/51/8 1805/52/8 162/53/8 1988/54/8 1791/55/8 9/56/8 890/57/8 891/58/8 892/59/8 893/60/8 11/61/8 838/62/8 839/63/8 840/64/8 841/65/8 13/66/8 786/67/8 787/68/8 788/69/8 789/70/8 15/10/8 734/9/8 735/71/8 736/72/8 737/73/8
f 93/74/4 92/75/4 364/76/4 325/77/4
f 78/14/7 21/78/7 326/79/7 361/15/7
f 152/30/9 1/80/9 87/81/9 376/31/9
f 1120/82/10 16/83/10 114/84/10 1124/85/10
f 107/86/4 106/87/4 367/88/4 323/89/4
f 92/75/7 20/90/7 324/91/7 364/76/7
f 786/67/11 13/66/11 128/92/11 790/93/11
f 121/94/4 120/95/4 370/96/4 72/97/4
f 75/98/12 74/99/12 359/100/12 329/101/12
f 106/87/13 19/102/13 322/103/13 367/88/13
f 40/22/14 141/104/14 255/105/14 256/23/14
f 74/106/15 75/107/15 269/108/15 289/109/15
f 39/18/14 127/110/14 253/111/14 254/19/14
f 159/112/16 13/113/16 242/114/16 244/115/16
f 88/116/15 89/117/15 271/118/15 292/119/15
f 145/120/17 52/121/17 280/122/17 279/123/17
f 14/124/18 74/106/18 289/109/18 243/125/18
f 38/126/14 113/127/14 251/128/14 252/129/14
f 102/130/15 103/131/15 273/132/15 295/133/15
f 1152/134/19 14/135/19 243/136/19 1156/137/19
f 47/138/20 88/116/20 292/119/20 270/139/20
f 131/140/17 51/141/17 278/142/17 277/143/17
f 30/144/21 96/145/21 436/146/21 413/147/21
f 124/148/1 125/149/1 418/150/1 442/151/1
f 31/6/21 110/1/21 439/4/21 415/7/21
f 83/152/2 30/144/2 413/147/2 412/153/2
f 153/154/22 17/155/22 91/156/22 104/157/22
f 64/158/23 65/159/23 133/160/23 428/161/23
f 138/162/1 139/163/1 420/164/1 445/165/1
f 32/166/24 124/148/24 442/151/24 417/167/24
f 69/168/2 29/169/2 411/170/2 410/171/2
f 78/172/23 79/173/23 396/174/23 431/175/23
f 152/176/23 153/154/23 104/157/23 448/177/23
f 22/178/25 64/158/25 428/161/25 397/179/25
f 1785/180/26 164/181/26 108/182/26 1788/183/26
f 1988/54/27 162/53/27 95/184/27 1990/185/27
f 1798/50/28 163/49/28 149/186/28 1799/187/28
f 58/188/29 52/189/29 46/190/29 40/191/29 34/192/29 28/193/29 17/194/29
f 57/195/29 51/196/29 45/197/29 39/198/29 33/199/29 27/200/29 18/201/29
f 56/202/29 50/203/29 44/204/29 38/205/29 32/206/29 26/207/29 19/208/29
f 193/209/30 192/210/30 529/211/30 481/212/30
f 54/213/6 193/209/6 481/212/6 482/214/6
f 1095/215/31 16/216/31 472/217/31 1111/218/31
f 135/219/4 134/220/4 373/221/4 86/222/4
f 13/223/32 159/224/32 129/225/32 128/226/32
f 89/227/33 88/228/33 362/229/33 331/230/33
f 120/95/13 18/231/13 73/232/13 370/96/13
f 116/233/15 117/234/15 275/235/15 298/236/15
f 37/237/34 99/238/34 249/239/34 250/240/34
f 48/241/20 102/130/20 295/133/20 272/242/20
f 838/62/35 11/61/35 238/243/35 842/244/35
f 33/245/24 138/162/24 445/165/24 419/246/24
f 92/247/23 93/248/23 394/249/23 434/250/23
f 21/251/25 78/172/25 431/175/25 395/252/25
f 1/253/36 152/176/36 448/177/36 161/254/36
f 106/255/23 107/256/23 392/257/23 437/258/23
f 20/259/25 92/247/25 434/250/25 393/260/25
f 151/261/37 5/262/37 119/263/37 105/264/37
f 150/265/1 151/261/1 105/264/1 447/266/1
f 117/234/17 50/267/17 276/268/17 275/235/17
f 130/269/15 131/140/15 277/143/15 301/270/15
f 49/271/20 116/233/20 298/236/20 274/272/20
f 36/273/34 85/274/34 247/275/34 248/276/34
f 52/277/38 145/278/38 339/279/38 340/280/38
f 74/99/39 14/281/39 101/282/39 359/100/39
f 103/283/40 102/284/40 365/285/40 333/286/40
f 134/220/13 17/287/13 142/288/13 373/221/13
f 120/289/23 121/290/23 76/291/23 440/292/23
f 19/293/41 106/255/41 437/258/41 391/294/41
f 1064/295/42 6/296/42 118/297/42 1068/298/42
f 34/299/24 150/265/24 447/266/24 421/300/24
f 103/131/43 49/271/43 274/272/43 273/132/43
f 71/301/44 70/302/44 287/303/44 245/304/44
f 144/305/15 145/120/15 279/123/15 304/306/15
f 50/267/45 130/269/45 301/270/45 276/268/45
f 88/228/46 47/307/46 330/308/46 362/229/46
f 51/309/38 131/310/38 337/311/38 338/312/38
f 117/313/40 116/314/40 368/315/40 335/316/40
f 102/284/47 48/317/47 332/318/47 365/285/47
f 134/319/23 135/320/23 90/321/23 443/322/23
f 18/323/41 120/289/41 440/292/41 77/324/41
f 630/43/48 3/42/48 160/325/48 634/326/48
f 17/155/41 134/319/41 443/322/41 91/156/41
f 35/327/34 71/301/34 245/304/34 246/328/34
f 1180/329/49 12/330/49 239/331/49 1184/332/49
f 85/274/44 84/333/44 290/334/44 247/275/44
f 158/335/15 159/112/15 244/115/15 307/336/15
f 50/337/38 117/313/38 335/316/38 336/338/38
f 131/310/40 130/339/40 371/340/40 337/311/40
f 2/341/50 65/342/50 157/343/50 156/344/50
f 116/314/47 49/345/47 334/346/47 368/315/47
f 65/159/51 2/347/51 146/348/51 133/160/51
f 79/173/52 22/178/52 397/179/52 396/174/52
f 1036/349/53 4/350/53 147/351/53 1040/352/53
f 93/248/52 21/251/52 395/252/52 394/249/52
f 89/117/43 48/241/43 272/242/43 271/118/43
f 70/302/54 10/353/54 240/354/54 287/303/54
f 51/141/45 144/305/45 304/306/45 278/142/45
f 99/238/44 98/355/44 293/356/44 249/239/44
f 49/345/47 103/283/47 333/286/47 334/346/47
f 145/278/40 144/357/40 374/358/40 339/279/40
f 22/34/55 79/13/55 327/16/55 328/35/55
f 130/339/56 50/337/56 336/338/56 371/340/56
f 682/38/57 1/37/57 161/359/57 686/360/57
f 139/163/58 34/299/58 421/300/58 420/164/58
f 68/361/1 69/168/1 410/171/1 430/362/1
f 107/256/52 20/259/52 393/260/52 392/257/52
f 890/57/59 9/56/59 237/363/59 894/364/59
f 84/333/60 35/327/60 246/328/60 290/334/60
f 52/121/45 158/335/45 307/336/45 280/122/45
f 75/107/43 47/138/43 270/139/43 269/108/43
f 159/224/40 158/365/40 377/366/40 129/225/40
f 48/317/47 89/227/47 331/230/47 332/318/47
f 144/357/56 51/309/56 338/312/56 374/358/56
f 21/78/55 93/74/55 325/77/55 326/79/55
f 125/149/58 33/245/58 419/246/58 418/150/58
f 82/367/1 83/152/1 412/153/1 433/368/1
f 6/369/61 68/361/61 430/362/61 118/370/61
f 121/290/22 19/293/22 391/294/22 76/291/22
f 113/127/44 112/371/44 296/372/44 251/128/44
f 98/355/60 36/273/60 248/276/60 293/356/60
f 9/373/62 155/374/62 236/375/62 237/376/62
f 127/110/44 126/377/44 299/378/44 253/111/44
f 158/365/56 52/277/56 340/280/56 377/366/56
f 47/307/63 75/98/63 329/101/63 330/308/63
f 20/90/55 107/86/55 323/89/55 324/91/55
f 19/102/64 121/94/64 72/97/64 322/103/64
f 1971/379/65 61/380/65 66/381/65 1979/382/65
f 1805/52/66 7/51/66 81/383/66 1807/384/66
f 1951/385/67 59/386/67 2052/387/67 2053/388/67
f 1415/389/68 1184/390/68 239/391/68 288/392/68
f 1375/393/69 1156/394/69 243/395/69 289/396/69
f 889/397/70 849/398/70 280/399/70 307/400/70
f 1399/401/70 853/402/70 278/403/70 304/404/70
f 873/405/71 857/406/71 276/407/71 301/408/71
f 297/409/72 262/410/72 316/411/72 317/412/72 318/413/72 281/414/72 274/415/72 298/416/72 1391/417/72 1390/418/72 1389/419/72 1388/420/72
f 294/421/73 260/422/73 312/423/73 313/424/73 282/425/73 272/426/73 295/427/73 1383/428/73 1382/429/73 1381/430/73 1380/431/73
f 291/432/72 258/433/72 308/434/72 309/435/72 283/436/72 270/437/72 292/438/72 977/439/72 976/440/72 975/441/72
f 941/442/74 901/443/74 268/444/74 306/445/74
f 1439/446/74 905/447/74 266/448/74 303/449/74
f 1431/450/74 909/451/74 264/452/74 300/453/74
f 296/454/75 250/455/75 319/456/75 320/457/75 321/458/75 284/459/75 262/410/75 297/409/75 1423/460/75 1422/461/75 1421/462/75 1420/463/75
f 293/464/76 248/465/76 314/466/76 315/467/76 285/468/76 260/422/76 294/421/76 1003/469/76 1002/470/76 1001/471/76 1000/472/76
f 290/473/77 246/474/77 310/475/77 311/476/77 286/477/77 258/433/77 291/432/77 1407/478/77 1406/479/77 1405/480/77 1404/481/77
f 258/433/78 257/482/78 1368/483/78 1369/484/78 1370/485/78 1371/486/78 269/487/78 270/437/78 283/436/78 309/435/78 308/434/78
f 1371/486/70 1375/393/70 289/396/70 269/487/70
f 246/474/79 245/488/79 1408/489/79 1409/490/79 1410/491/79 1411/492/79 257/482/79 258/433/79 286/477/79 311/476/79 310/475/79
f 1411/492/74 1415/389/74 288/392/74 257/482/74
f 248/465/79 247/493/79 1400/494/79 1401/495/79 1402/496/79 1403/497/79 259/498/79 260/422/79 285/468/79 315/467/79 314/466/79
f 1403/497/74 1407/478/74 291/432/74 259/498/74
f 260/422/72 259/498/72 972/499/72 973/500/72 974/501/72 271/502/72 272/426/72 282/425/72 313/424/72 312/423/72
f 974/501/80 977/439/80 292/438/80 271/502/80
f 250/455/81 249/503/81 996/504/81 997/505/81 998/506/81 999/507/81 261/508/81 262/410/81 284/459/81 321/458/81 320/457/81 319/456/81
f 999/507/82 1003/469/82 294/421/82 261/508/82
f 262/410/72 261/508/72 1376/509/72 1377/510/72 1378/511/72 1379/512/72 273/513/72 274/415/72 281/414/72 318/413/72 317/412/72 316/411/72
f 1379/512/70 1383/428/70 295/427/70 273/513/70
f 909/451/83 1419/514/83 263/515/83 264/452/83
f 1419/514/84 1423/460/84 297/409/84 263/515/84
f 857/406/70 1387/516/70 275/517/70 276/407/70
f 1387/516/70 1391/417/70 298/416/70 275/517/70
f 905/447/83 1427/518/83 265/519/83 266/448/83
f 1427/518/84 1431/450/84 300/453/84 265/519/84
f 853/402/85 869/520/85 277/521/85 278/403/85
f 869/520/86 873/405/86 301/408/86 277/521/86
f 901/443/74 1435/522/74 267/523/74 268/444/74
f 1435/522/74 1439/446/74 303/449/74 267/523/74
f 849/398/70 1395/524/70 279/525/70 280/399/70
f 1395/524/70 1399/401/70 304/404/70 279/525/70
f 897/526/87 937/527/87 241/528/87 238/529/87
f 937/527/74 941/442/74 306/445/74 241/528/74
f 845/530/88 885/531/88 244/532/88 242/533/88
f 885/531/70 889/397/70 307/400/70 244/532/70
f 155/374/44 154/21/44 305/24/44 236/375/44
f 126/377/5 38/126/5 252/129/5 299/378/5
f 141/104/44 140/17/44 302/20/44 255/105/44
f 112/371/60 37/237/60 250/240/60 296/372/60
f 777/534/89 749/535/89 73/536/89 86/537/89
f 785/538/89 745/539/89 142/540/89 143/541/89
f 1135/542/90 1124/543/90 114/544/90 360/545/90
f 1311/546/91 1096/547/91 156/548/91 157/549/91
f 1335/550/89 753/551/89 322/552/89 72/553/89
f 369/554/92 346/555/92 385/556/92 386/557/92 387/558/92 353/559/92 324/560/92 323/561/92 1327/562/92 1326/563/92 1325/564/92 1324/565/92
f 366/566/93 344/567/93 381/568/93 382/569/93 354/570/93 326/571/93 325/572/93 1319/573/93 1318/574/93 1317/575/93 1316/576/93
f 363/577/94 342/578/94 379/579/94 380/580/94 355/581/94 328/582/94 327/583/94 963/584/94 962/585/94 961/586/94
f 837/587/95 797/588/95 352/589/95 378/590/95
f 1367/591/95 801/592/95 350/593/95 375/594/95
f 1359/595/95 805/596/95 348/597/95 372/598/95
f 368/599/96 334/600/96 388/601/96 389/602/96 390/603/96 356/604/96 346/555/96 369/554/96 1351/605/96 1350/606/96 1349/607/96 1348/608/96
f 365/609/97 332/610/97 383/611/97 384/612/97 357/613/97 344/567/97 366/566/97 1343/614/97 1342/615/97 1341/616/97 1340/617/97
f 192/210/30 191/618/30 528/619/30 529/211/30
f 342/578/98 341/620/98 1304/621/98 1305/622/98 1306/623/98 1307/624/98 358/625/98 328/582/98 355/581/98 380/580/98 379/579/98
f 1307/624/89 1311/546/89 157/549/89 358/625/89
f 55/626/99 215/627/99 479/628/99 480/629/99
f 1131/630/100 1135/542/100 360/545/100 341/620/100
f 332/610/96 331/631/96 978/632/96 979/633/96 980/634/96 343/635/96 344/567/96 357/613/96 384/612/96 383/611/96
f 980/634/101 983/636/101 363/577/101 343/635/101
f 344/567/92 343/635/92 958/637/92 959/638/92 960/639/92 361/640/92 326/571/92 354/570/92 382/569/92 381/568/92
f 960/639/102 963/584/102 327/583/102 361/640/102
f 334/600/96 333/641/96 1336/642/96 1337/643/96 1338/644/96 1339/645/96 345/646/96 346/555/96 356/604/96 390/603/96 389/602/96 388/601/96
f 1339/645/95 1343/614/95 366/566/95 345/646/95
f 346/555/92 345/646/92 1312/647/92 1313/648/92 1314/649/92 1315/650/92 364/651/92 324/560/92 353/559/92 387/558/92 386/557/92 385/556/92
f 1315/650/89 1319/573/89 325/572/89 364/651/89
f 805/596/95 1347/652/95 347/653/95 348/597/95
f 1347/652/95 1351/605/95 369/554/95 347/653/95
f 753/551/89 1323/654/89 367/655/89 322/552/89
f 1323/654/89 1327/562/89 323/561/89 367/655/89
f 801/592/95 1355/656/95 349/657/95 350/593/95
f 1355/656/95 1359/595/95 372/598/95 349/657/95
f 749/535/89 1331/658/89 370/659/89 73/536/89
f 1331/658/89 1335/550/89 72/553/89 370/659/89
f 797/588/95 1363/660/95 351/661/95 352/589/95
f 1363/660/95 1367/591/95 375/594/95 351/661/95
f 745/539/89 773/662/89 373/663/89 142/540/89
f 773/662/89 777/534/89 86/537/89 373/663/89
f 793/664/103 833/665/103 100/666/103 115/667/103
f 833/665/95 837/587/95 378/590/95 100/666/95
f 741/668/104 781/669/104 376/670/104 87/671/104
f 781/669/89 785/538/89 143/541/89 376/670/89
f 65/342/4 64/33/4 358/36/4 157/343/4
f 17/287/64 153/29/64 143/32/64 142/288/64
f 1092/672/105 2/673/105 156/674/105 1096/675/105
f 18/231/64 135/219/64 86/222/64 73/232/64
f 1263/676/106 1040/677/106 147/678/106 429/679/106
f 1215/680/107 1068/681/107 118/682/107 430/683/107
f 681/684/108 641/685/108 421/686/108 447/687/108
f 1255/688/108 645/689/108 419/690/108 445/691/108
f 1247/692/108 649/693/108 417/694/108 442/695/108
f 438/696/109 403/697/109 457/698/109 458/699/109 459/700/109 422/701/109 415/702/109 439/703/109 1239/704/109 1238/705/109 1237/706/109 1236/707/109
f 435/708/110 401/709/110 453/710/110 454/711/110 423/712/110 413/713/110 436/714/110 1231/715/110 1230/716/110 1229/717/110 1228/718/110
f 432/719/110 399/720/110 449/721/110 450/722/110 424/723/110 411/724/110 433/725/110 1223/726/110 1222/727/110 1221/728/110 1220/729/110
f 733/730/111 693/731/111 409/732/111 446/733/111
f 1303/734/111 697/735/111 407/736/111 444/737/111
f 1295/738/111 701/739/111 405/740/111 441/741/111
f 392/742/112 393/743/112 460/744/112 461/745/112 462/746/112 425/747/112 403/697/112 438/696/112 1287/748/112 1286/749/112 1285/750/112 1284/751/112
f 394/752/113 395/753/113 455/754/113 456/755/113 426/756/113 401/709/113 435/708/113 1279/757/113 1278/758/113 1277/759/113 1276/760/113
f 396/761/113 397/762/113 451/763/113 452/764/113 427/765/113 399/720/113 432/719/113 1271/766/113 1270/767/113 1269/768/113 1268/769/113
f 399/720/114 398/770/114 1208/771/114 1209/772/114 1210/773/114 1211/774/114 410/775/114 411/724/114 424/723/114 450/722/114 449/721/114
f 1211/774/108 1215/680/108 430/683/108 410/775/108
f 397/762/115 428/776/115 1256/777/115 1257/778/115 1258/779/115 1259/780/115 398/770/115 399/720/115 427/765/115 452/764/115 451/763/115
f 1259/780/111 1263/676/111 429/679/111 398/770/111
f 395/753/115 431/781/115 1264/782/115 1265/783/115 1266/784/115 1267/785/115 400/786/115 401/709/115 426/756/115 456/755/115 455/754/115
f 1267/785/111 1271/766/111 432/719/111 400/786/111
f 401/709/114 400/786/114 1216/787/114 1217/788/114 1218/789/114 1219/790/114 412/791/114 413/713/114 423/712/114 454/711/114 453/710/114
f 1219/790/108 1223/726/108 433/725/108 412/791/108
f 393/743/112 434/792/112 1272/793/112 1273/794/112 1274/795/112 1275/796/112 402/797/112 403/697/112 425/747/112 462/746/112 461/745/112 460/744/112
f 1275/796/111 1279/757/111 435/708/111 402/797/111
f 403/697/109 402/797/109 1224/798/109 1225/799/109 1226/800/109 1227/801/109 414/802/109 415/702/109 422/701/109 459/700/109 458/699/109 457/698/109
f 1227/801/108 1231/715/108 436/714/108 414/802/108
f 701/739/111 1283/803/111 404/804/111 405/740/111
f 1283/803/111 1287/748/111 438/696/111 404/804/111
f 649/693/108 1235/805/108 416/806/108 417/694/108
f 1235/805/108 1239/704/108 439/703/108 416/806/108
f 697/735/111 1291/807/111 406/808/111 407/736/111
f 1291/807/111 1295/738/111 441/741/111 406/808/111
f 645/689/108 1243/809/108 418/810/108 419/690/108
f 1243/809/108 1247/692/108 442/695/108 418/810/108
f 693/731/116 1299/811/116 408/812/116 409/732/116
f 1299/811/117 1303/734/117 444/737/117 408/812/117
f 641/685/108 1251/813/108 420/814/108 421/686/108
f 1251/813/108 1255/688/108 445/691/108 420/814/108
f 689/815/118 729/816/118 132/817/118 160/818/118
f 729/816/111 733/730/111 446/733/111 132/817/111
f 637/819/119 677/820/119 105/821/119 119/822/119
f 677/820/108 681/684/108 447/687/108 105/821/108
f 135/320/22 18/323/22 77/324/22 90/321/22
f 29/169/21 82/367/21 433/368/21 411/170/21
f 96/145/1 97/5/1 414/8/1 436/146/1
f 111/2/58 32/166/58 417/167/58 416/3/58
f 1899/823/120 1901/824/120 2052/825/120 1801/826/120
f 1897/827/121 1871/828/121 123/829/121 2051/830/121
f 1967/831/122 1963/832/122 109/833/122 1788/834/122
f 1877/835/123 63/836/123 123/837/123 1871/838/123
f 1800/839/124 62/840/124 137/841/124 1801/842/124
f 1955/843/125 167/844/125 109/845/125 1963/846/125
f 1784/48/126 5/47/126 136/847/126 1787/848/126
f 1770/849/127 7/850/127 148/851/127 1768/852/127
f 1905/853/128 1879/854/128 80/855/128 1806/856/128
f 2002/857/129 1907/858/129 2017/859/129 2015/860/129
f 2014/861/130 1983/862/130 463/863/130 1992/864/130
f 1804/865/131 60/866/131 2017/867/131 1806/868/131
f 1975/869/132 165/870/132 463/871/132 1983/872/132
f 1775/873/133 9/874/133 94/875/133 1783/876/133
f 1792/877/134 166/878/134 464/879/134 1795/880/134
f 1875/881/135 62/882/135 80/883/135 1879/884/135
f 468/885/136 467/885/136 573/885/136 574/885/136
f 567/886/137 563/887/137 569/888/137 570/889/137 987/890/137 566/891/137 565/892/137 568/893/137 986/894/137 985/895/137 984/896/137
f 563/887/138 562/897/138 1140/898/138 1141/899/138 1142/900/138 1143/901/138 564/902/138 565/892/138 566/891/138 987/890/138 570/889/138 569/888/138
f 194/903/139 42/904/139 494/905/139 530/906/139
f 195/907/140 194/903/140 530/906/140 531/908/140
f 196/909/140 195/907/140 531/908/140 487/910/140
f 197/911/141 36/912/141 532/913/141 533/914/141
f 49/915/142 219/916/142 485/917/142 486/918/142
f 198/919/143 197/911/143 533/914/143 534/920/143
f 48/921/144 196/909/144 487/910/144 488/922/144
f 199/923/143 198/919/143 534/920/143 493/924/143
f 47/925/144 176/926/144 489/927/144 490/928/144
f 200/929/145 24/930/145 506/931/145 535/932/145
f 1131/933/146 341/934/146 564/935/146 1143/936/146
f 201/937/147 200/929/147 535/932/147 536/938/147
f 202/939/147 201/937/147 536/938/147 499/940/147
f 203/941/148 21/942/148 476/943/148 537/944/148
f 43/945/149 223/946/149 491/947/149 492/948/149
f 204/949/150 203/941/150 537/944/150 538/950/150
f 362/229/151 330/308/151 563/951/151 567/952/151
f 205/953/150 204/949/150 538/950/150 505/954/150
f 42/904/152 199/923/152 493/924/152 494/905/152
f 36/955/153 206/956/153 539/957/153 532/958/153
f 41/959/152 179/960/152 495/961/152 496/962/152
f 342/963/154 363/964/154 568/965/154 565/966/154
f 208/967/155 55/626/155 480/629/155 540/968/155
f 981/969/156 362/970/156 567/886/156 984/896/156
f 31/971/157 227/972/157 497/973/157 498/974/157
f 209/975/158 208/967/158 540/968/158 541/976/158
f 30/977/159 202/939/159 499/940/159 500/978/159
f 210/979/158 209/975/158 541/976/158 542/980/158
f 29/981/159 182/982/159 501/983/159 502/984/159
f 211/985/158 210/979/158 542/980/158 473/986/158
f 212/987/160 49/988/160 486/989/160 543/990/160
f 213/991/30 212/987/30 543/990/30 544/992/30
f 214/993/30 213/991/30 544/992/30 545/994/30
f 25/995/161 231/996/161 503/997/161 504/998/161
f 215/627/30 214/993/30 545/994/30 479/628/30
f 24/930/162 205/953/162 505/954/162 506/931/162
f 216/999/163 43/945/163 492/948/163 546/1000/163
f 23/1001/162 185/1002/162 507/1003/162 508/1004/162
f 217/1005/140 216/999/140 546/1000/140 547/1006/140
f 168/1007/164 53/25/164 484/28/164 512/1008/164
f 218/1009/140 217/1005/140 547/1006/140 548/1010/140
f 169/1011/158 168/1007/158 512/1008/158 513/1012/158
f 330/308/165 329/101/165 562/1013/165 563/951/165
f 219/916/140 218/1009/140 548/1010/140 485/917/140
f 170/1014/158 169/1011/158 513/1012/158 477/1015/158
f 220/1016/166 37/1017/166 549/1018/166 550/1019/166
f 171/1020/167 47/1021/167 490/1022/167 514/1023/167
f 1039/1024/168 2/1025/168 466/1026/168 1055/1027/168
f 221/1028/143 220/1016/143 550/1019/143 551/1029/143
f 172/1030/30 171/1020/30 514/1023/30 515/1031/30
f 222/1032/143 221/1028/143 551/1029/143 552/1033/143
f 173/26/30 172/1030/30 515/1031/30 483/27/30
f 223/946/143 222/1032/143 552/1033/143 491/947/143
f 174/1034/139 41/959/139 496/962/139 516/1035/139
f 224/1036/169 25/995/169 504/998/169 553/1037/169
f 175/1038/140 174/1034/140 516/1035/140 517/1039/140
f 341/1040/170 342/963/170 565/966/170 564/1041/170
f 1067/1042/171 4/1043/171 465/1044/171 1083/1045/171
f 225/1046/147 224/1036/147 553/1037/147 554/1047/147
f 176/926/140 175/1038/140 517/1039/140 489/927/140
f 226/1048/147 225/1046/147 554/1047/147 555/1049/147
f 177/1050/141 35/1051/141 518/1052/141 519/1053/141
f 227/972/147 226/1048/147 555/1049/147 497/973/147
f 178/1054/143 177/1050/143 519/1053/143 520/1055/143
f 469/885/172 10/885/172 589/885/172 592/885/172
f 228/1056/173 20/1057/173 474/1058/173 556/1059/173
f 179/960/143 178/1054/143 520/1055/143 495/961/143
f 235/1060/174 31/1061/174 498/1062/174 509/1063/174
f 229/1064/150 228/1056/150 556/1059/150 557/1065/150
f 180/1066/145 23/1001/145 508/1004/145 521/1067/145
f 230/1068/150 229/1064/150 557/1065/150 558/1069/150
f 207/1070/175 30/1071/175 500/1072/175 510/1073/175
f 181/1074/147 180/1066/147 521/1067/147 522/1075/147
f 10/885/176 8/885/176 587/885/176 589/885/176
f 231/996/150 230/1068/150 558/1069/150 503/997/150
f 187/1076/175 29/1077/175 502/1078/175 511/1079/175
f 182/982/147 181/1074/147 522/1075/147 501/983/147
f 37/1080/177 232/1081/177 559/1082/177 549/1083/177
f 183/1084/148 22/1085/148 478/1086/148 523/1087/148
f 184/1088/150 183/1084/150 523/1087/150 524/1089/150
f 1183/1090/178 10/1091/178 469/1092/178 1199/1093/178
f 233/1094/179 234/1095/179 561/1096/179 560/1097/179
f 185/1002/150 184/1088/150 524/1089/150 507/1003/150
f 234/1095/180 235/1060/180 509/1063/180 561/1096/180
f 35/1098/153 186/1099/153 525/1100/153 518/1101/153
f 20/1102/181 211/985/181 473/986/181 474/1103/181
f 1155/1104/182 12/1105/182 470/1106/182 1171/1107/182
f 21/1108/183 190/1109/183 475/1110/183 476/1111/183
f 22/1112/183 170/1014/183 477/1015/183 478/1113/183
f 188/1114/164 54/213/164 482/214/164 526/1115/164
f 189/1116/158 188/1114/158 526/1115/158 527/1117/158
f 1123/1118/184 14/1119/184 471/1120/184 1139/1121/184
f 190/1109/158 189/1116/158 527/1117/158 475/1110/158
f 191/618/167 48/1122/167 488/1123/167 528/619/167
f 1087/885/185 571/885/185 579/885/185 1091/885/185
f 1055/885/186 466/885/186 572/885/186 1059/885/186
f 1111/885/187 472/885/187 578/885/187 1115/885/187
f 1171/885/188 470/885/188 576/885/188 1175/885/188
f 469/885/189 468/885/189 574/885/189 575/885/189
f 1083/885/190 465/885/190 571/885/190 1087/885/190
f 1139/885/191 471/885/191 577/885/191 1147/885/191
f 1199/885/192 469/885/192 575/885/192 1203/885/192
f 1147/885/185 577/885/185 585/885/185 1151/885/185
f 1203/885/185 575/885/185 583/885/185 1207/885/185
f 574/885/185 573/885/185 581/885/185 582/885/185
f 1059/885/185 572/885/185 580/885/185 1063/885/185
f 1115/885/185 578/885/185 586/885/185 1119/885/185
f 1175/885/185 576/885/185 584/885/185 1179/885/185
f 575/885/185 574/885/185 582/885/185 583/885/185
f 592/885/193 589/885/193 595/885/193 598/885/193
f 589/885/194 587/885/194 593/885/194 595/885/194
f 467/885/195 468/885/195 590/885/195 591/885/195
f 8/885/196 6/885/196 588/885/196 587/885/196
f 6/885/197 467/885/197 591/885/197 588/885/197
f 468/885/198 469/885/198 592/885/198 590/885/198
f 596/1124/199 598/1125/199 604/1126/199 602/1127/199
f 593/1128/200 594/1129/200 600/1130/200 599/1131/200
f 588/885/201 591/885/201 597/885/201 594/885/201
f 591/885/202 590/885/202 596/885/202 597/885/202
f 587/885/203 588/885/203 594/885/203 593/885/203
f 590/885/204 592/885/204 598/885/204 596/885/204
f 599/1132/205 600/1133/205 603/1134/205 602/1127/205
f 601/1135/206 599/1132/206 602/1127/206 604/1126/206
f 595/1136/207 593/1137/207 599/1138/207 601/1139/207
f 598/1140/208 595/1141/208 601/1142/208 604/1143/208
f 594/1144/209 597/1145/209 603/1146/209 600/1147/209
f 597/1148/210 596/1149/210 602/1150/210 603/1151/210
f 605/1152/8 606/1153/8 607/1154/8 608/1155/8 609/1156/8 610/1157/8 611/1158/8 612/1159/8 613/1160/8 614/1161/8 615/1162/8 616/1163/8
f 617/1164/211 618/1165/211 619/1166/211 620/1167/211 621/1168/211 623/1169/211 624/1170/211 625/1171/211 626/1172/211 627/1173/211 628/1174/211 629/1175/211
f 132/817/212 446/733/212 678/1176/212 674/1177/212
f 674/1177/213 678/1176/213 679/1178/213 675/1179/213
f 675/1179/213 679/1178/213 680/1180/213 676/1181/213
f 676/1181/213 680/1180/213 681/684/213 677/820/213
f 160/818/214 132/817/214 674/1177/214 634/1182/214
f 634/1182/215 674/1177/215 675/1179/215 635/1183/215
f 635/1183/215 675/1179/215 676/1181/215 636/1184/215
f 636/1184/215 676/1181/215 677/820/215 637/819/215
f 408/812/212 444/737/212 1252/1185/212 1248/1186/212
f 669/1187/216 668/1188/216 1491/1189/216 1493/1190/216
f 671/1191/217 672/1192/217 1490/1193/217 1488/1194/217
f 666/1195/218 670/1196/218 1494/1197/218 1492/1198/218
f 409/732/212 408/812/212 1248/1186/212 638/1199/212
f 638/1199/213 1248/1186/213 1249/1200/213 639/1201/213
f 639/1201/213 1249/1200/213 1250/1202/213 640/1203/213
f 640/1203/213 1250/1202/213 1251/813/213 641/685/213
f 406/808/212 441/741/212 1244/1204/212 1240/1205/212
f 665/1206/219 661/1207/219 1485/1208/219 1487/1209/219
f 659/1210/220 658/1211/220 1484/1212/220 1481/1213/220
f 661/1214/221 660/1215/221 1483/1216/221 1485/1217/221
f 407/736/212 406/808/212 1240/1205/212 642/1218/212
f 642/1218/213 1240/1205/213 1241/1219/213 643/1220/213
f 643/1220/213 1241/1219/213 1242/1221/213 644/1222/213
f 644/1222/213 1242/1221/213 1243/809/213 645/689/213
f 404/804/212 438/696/212 1236/707/212 1232/1223/212
f 654/1224/222 655/1225/222 1472/1226/222 1478/1227/222
f 656/1228/223 657/1229/223 1479/1230/223 1474/1231/223
f 657/1232/224 653/1233/224 1477/1234/224 1479/1235/224
f 405/740/212 404/804/212 1232/1223/212 646/1236/212
f 646/1236/213 1232/1223/213 1233/1237/213 647/1238/213
f 647/1238/213 1233/1237/213 1234/1239/213 648/1240/213
f 648/1240/213 1234/1239/213 1235/805/213 649/693/213
f 441/741/212 405/740/212 646/1236/212 1244/1204/212
f 1244/1204/213 646/1236/213 647/1238/213 1245/1241/213
f 1245/1241/213 647/1238/213 648/1240/213 1246/1242/213
f 1246/1242/213 648/1240/213 649/693/213 1247/692/213
f 444/737/212 407/736/212 642/1218/212 1252/1185/212
f 1252/1185/213 642/1218/213 643/1220/213 1253/1243/213
f 1253/1243/213 643/1220/213 644/1222/213 1254/1244/213
f 1254/1244/213 644/1222/213 645/689/213 1255/688/213
f 446/733/212 409/732/212 638/1199/212 678/1176/212
f 678/1176/213 638/1199/213 639/1201/213 679/1178/213
f 679/1178/213 639/1201/213 640/1203/213 680/1180/213
f 680/1180/213 640/1203/213 641/685/213 681/684/213
f 5/47/225 633/46/225 637/1245/225 119/1246/225
f 633/46/226 632/45/226 636/1247/226 637/1245/226
f 632/45/226 631/44/226 635/1248/226 636/1247/226
f 631/44/226 630/43/226 634/326/226 635/1248/226
f 448/1249/227 104/1250/227 730/1251/227 726/1252/227
f 726/1252/228 730/1251/228 731/1253/228 727/1254/228
f 727/1254/228 731/1253/228 732/1255/228 728/1256/228
f 728/1256/228 732/1255/228 733/730/228 729/816/228
f 161/1257/229 448/1249/229 726/1252/229 686/1258/229
f 686/1258/230 726/1252/230 727/1254/230 687/1259/230
f 687/1259/230 727/1254/230 728/1256/230 688/1260/230
f 688/1260/230 728/1256/230 729/816/230 689/815/230
f 443/1261/227 90/1262/227 1300/1263/227 1296/1264/227
f 714/1265/231 715/1266/231 1503/1267/231 1541/1268/231
f 719/1269/232 718/1270/232 1543/1271/232 1500/1272/232
f 708/1273/233 709/1274/233 1538/1275/233 1509/1276/233
f 91/1277/227 443/1261/227 1296/1264/227 690/1278/227
f 690/1278/234 1296/1264/234 1297/1279/234 691/1280/234
f 691/1280/235 1297/1279/235 1298/1281/235 692/1282/235
f 692/1282/236 1298/1281/236 1299/811/236 693/731/236
f 440/1283/227 76/1284/227 1292/1285/227 1288/1286/227
f 713/1287/237 712/1288/237 1506/1289/237 1540/1290/237
f 1027/1291/238 1023/1292/238 1532/1293/238 1534/1294/238
f 707/1295/239 708/1273/239 1509/1276/239 1507/1296/239
f 77/1297/227 440/1283/227 1288/1286/227 694/1298/227
f 694/1298/228 1288/1286/228 1289/1299/228 695/1300/228
f 695/1300/228 1289/1299/228 1290/1301/228 696/1302/228
f 696/1302/228 1290/1301/228 1291/807/228 697/735/228
f 437/1303/227 392/742/227 1284/751/227 1280/1304/227
f 712/1288/240 711/1305/240 1504/1306/240 1506/1289/240
f 1020/1307/241 1024/1308/241 1533/1309/241 1531/1310/241
f 706/1311/242 707/1295/242 1507/1296/242 1537/1312/242
f 391/1313/227 437/1303/227 1280/1304/227 698/1314/227
f 698/1314/228 1280/1304/228 1281/1315/228 699/1316/228
f 699/1316/228 1281/1315/228 1282/1317/228 700/1318/228
f 700/1318/228 1282/1317/228 1283/803/228 701/739/228
f 76/1284/227 391/1313/227 698/1314/227 1292/1285/227
f 1292/1285/228 698/1314/228 699/1316/228 1293/1319/228
f 1293/1319/228 699/1316/228 700/1318/228 1294/1320/228
f 1294/1320/228 700/1318/228 701/739/228 1295/738/228
f 90/1262/227 77/1297/227 694/1298/227 1300/1263/227
f 1300/1263/228 694/1298/228 695/1300/228 1301/1321/228
f 1301/1321/228 695/1300/228 696/1302/228 1302/1322/228
f 1302/1322/228 696/1302/228 697/735/228 1303/734/228
f 104/1250/227 91/1277/227 690/1278/227 730/1251/227
f 730/1251/228 690/1278/228 691/1280/228 731/1253/228
f 731/1253/228 691/1280/228 692/1282/228 732/1255/228
f 732/1255/228 692/1282/228 693/731/228 733/730/228
f 3/42/243 685/41/243 689/1323/243 160/325/243
f 685/41/244 684/40/244 688/1324/244 689/1323/244
f 684/40/244 683/39/244 687/1325/244 688/1324/244
f 683/39/244 682/38/244 686/360/244 687/1325/244
f 100/666/245 378/590/245 782/1326/245 778/1327/245
f 778/1327/246 782/1326/246 783/1328/246 779/1329/246
f 779/1329/246 783/1328/246 784/1330/246 780/1331/246
f 780/1331/246 784/1330/246 785/538/246 781/669/246
f 115/667/247 100/666/247 778/1327/247 738/1332/247
f 738/1332/248 778/1327/248 779/1329/248 739/1333/248
f 739/1333/248 779/1329/248 780/1331/248 740/1334/248
f 740/1334/248 780/1331/248 781/669/248 741/668/248
f 351/661/245 375/594/245 774/1335/245 770/1336/245
f 770/1336/246 774/1335/246 775/1337/246 771/1338/246
f 771/1338/246 775/1337/246 776/1339/246 772/1340/246
f 772/1340/246 776/1339/246 777/534/246 773/662/246
f 352/589/245 351/661/245 770/1336/245 742/1341/245
f 742/1341/246 770/1336/246 771/1338/246 743/1342/246
f 743/1342/246 771/1338/246 772/1340/246 744/1343/246
f 744/1343/246 772/1340/246 773/662/246 745/539/246
f 349/657/245 372/598/245 1332/1344/245 1328/1345/245
f 765/1346/249 764/1347/249 1551/1348/249 1577/1349/249
f 1019/1350/250 1015/1351/250 1569/1352/250 1571/1353/250
f 759/1354/251 760/1355/251 1554/1356/251 1552/1357/251
f 350/593/245 349/657/245 1328/1345/245 746/1358/245
f 746/1358/246 1328/1345/246 1329/1359/246 747/1360/246
f 747/1360/246 1329/1359/246 1330/1361/246 748/1362/246
f 748/1362/246 1330/1361/246 1331/658/246 749/535/246
f 347/653/245 369/554/245 1324/565/245 1320/1363/245
f 1012/1364/252 1016/1365/252 1570/1366/252 1568/1367/252
f 758/1368/253 759/1354/253 1552/1357/253 1574/1369/253
f 348/597/245 347/653/245 1320/1363/245 750/1370/245
f 750/1370/254 1320/1363/254 1321/1371/254 751/1372/254
f 751/1372/255 1321/1371/255 1322/1373/255 752/1374/255
f 752/1374/256 1322/1373/256 1323/654/256 753/551/256
f 372/598/245 348/597/245 750/1370/245 1332/1344/245
f 1332/1344/246 750/1370/246 751/1372/246 1333/1375/246
f 1333/1375/246 751/1372/246 752/1374/246 1334/1376/246
f 1334/1376/246 752/1374/246 753/551/246 1335/550/246
f 378/590/245 352/589/245 742/1341/245 782/1326/245
f 782/1326/246 742/1341/246 743/1342/246 783/1328/246
f 783/1328/246 743/1342/246 744/1343/246 784/1330/246
f 784/1330/246 744/1343/246 745/539/246 785/538/246
f 375/594/245 350/593/245 746/1358/245 774/1335/245
f 774/1335/246 746/1358/246 747/1360/246 775/1337/246
f 775/1337/246 747/1360/246 748/1362/246 776/1339/246
f 776/1339/246 748/1362/246 749/535/246 777/534/246
f 1/37/257 737/73/257 741/1377/257 87/1378/257
f 737/73/258 736/72/258 740/1379/258 741/1377/258
f 736/72/258 735/71/258 739/1380/258 740/1379/258
f 735/71/258 734/9/258 738/12/258 739/1380/258
f 129/1381/259 377/1382/259 834/1383/259 830/1384/259
f 830/1384/260 834/1383/260 835/1385/260 831/1386/260
f 831/1386/260 835/1385/260 836/1387/260 832/1388/260
f 832/1388/260 836/1387/260 837/587/260 833/665/260
f 128/1389/261 129/1381/261 830/1384/261 790/1390/261
f 790/1390/262 830/1384/262 831/1386/262 791/1391/262
f 791/1391/262 831/1386/262 832/1388/262 792/1392/262
f 792/1392/262 832/1388/262 833/665/262 793/664/262
f 339/1393/259 374/1394/259 1364/1395/259 1360/1396/259
f 1005/1397/263 1004/1398/263 1596/1399/263 1593/1400/263
f 828/1401/264 829/1402/264 1611/1403/264 1582/1404/264
f 821/1405/265 817/1406/265 1605/1407/265 1607/1408/265
f 340/1409/259 339/1393/259 1360/1396/259 794/1410/259
f 794/1410/260 1360/1396/260 1361/1411/260 795/1412/260
f 795/1412/260 1361/1411/260 1362/1413/260 796/1414/260
f 796/1414/260 1362/1413/260 1363/660/260 797/588/260
f 337/1415/259 371/1416/259 1356/1417/259 1352/1418/259
f 827/1419/266 828/1401/266 1582/1404/266 1580/1420/266
f 814/1421/267 818/1422/267 1606/1423/267 1604/1424/267
f 826/1425/268 827/1419/268 1580/1420/268 1610/1426/268
f 338/1427/259 337/1415/259 1352/1418/259 798/1428/259
f 798/1428/260 1352/1418/260 1353/1429/260 799/1430/260
f 799/1430/260 1353/1429/260 1354/1431/260 800/1432/260
f 800/1432/260 1354/1431/260 1355/656/260 801/592/260
f 335/1433/259 368/599/259 1348/608/259 1344/1434/259
f 820/1435/264 821/1436/264 1607/1437/264 1586/1438/264
f 825/1439/269 824/1440/269 1583/1441/269 1609/1442/269
f 813/1443/265 809/1444/265 1601/1445/265 1603/1446/265
f 336/1447/259 335/1433/259 1344/1434/259 802/1448/259
f 802/1448/260 1344/1434/260 1345/1449/260 803/1450/260
f 803/1450/260 1345/1449/260 1346/1451/260 804/1452/260
f 804/1452/260 1346/1451/260 1347/652/260 805/596/260
f 371/1416/259 336/1447/259 802/1448/259 1356/1417/259
f 1356/1417/260 802/1448/260 803/1450/260 1357/1453/260
f 1357/1453/260 803/1450/260 804/1452/260 1358/1454/260
f 1358/1454/260 804/1452/260 805/596/260 1359/595/260
f 374/1394/259 338/1427/259 798/1428/259 1364/1395/259
f 1364/1395/260 798/1428/260 799/1430/260 1365/1455/260
f 1365/1455/260 799/1430/260 800/1432/260 1366/1456/260
f 1366/1456/260 800/1432/260 801/592/260 1367/591/260
f 377/1382/259 340/1409/259 794/1410/259 834/1383/259
f 834/1383/260 794/1410/260 795/1412/260 835/1385/260
f 835/1385/260 795/1412/260 796/1414/260 836/1387/260
f 836/1387/260 796/1414/260 797/588/260 837/587/260
f 15/10/270 789/70/270 793/1457/270 115/11/270
f 789/70/271 788/69/271 792/1458/271 793/1457/271
f 788/69/271 787/68/271 791/1459/271 792/1458/271
f 787/68/271 786/67/271 790/93/271 791/1459/271
f 241/528/272 306/445/272 886/1460/272 882/1461/272
f 882/1461/273 886/1460/273 887/1462/273 883/1463/273
f 883/1463/273 887/1462/273 888/1464/273 884/1465/273
f 884/1465/273 888/1464/273 889/397/273 885/531/273
f 238/529/274 241/528/274 882/1461/274 842/1466/274
f 842/1466/275 882/1461/275 883/1463/275 843/1467/275
f 843/1467/275 883/1463/275 884/1465/275 844/1468/275
f 844/1468/275 884/1465/275 885/531/275 845/530/275
f 267/523/272 303/449/272 1396/1469/272 1392/1470/272
f 868/1471/276 867/1472/276 1613/1473/276 1614/1474/276
f 1165/1475/277 1166/1476/277 1634/1477/277 1632/1478/277
f 990/1479/278 989/1480/278 1629/1481/278 1631/1482/278
f 268/444/272 267/523/272 1392/1470/272 846/1483/272
f 846/1483/273 1392/1470/273 1393/1484/273 847/1485/273
f 847/1485/273 1393/1484/273 1394/1486/273 848/1487/273
f 848/1487/273 1394/1486/273 1395/524/273 849/398/273
f 265/519/279 300/453/279 870/1488/279 866/1489/279
f 867/1472/280 866/1490/280 1612/1491/280 1613/1473/280
f 1164/1492/281 1165/1475/281 1632/1478/281 1638/1493/281
f 989/1480/282 988/1494/282 1640/1495/282 1629/1481/282
f 266/448/283 265/519/283 866/1489/283 850/1496/283
f 850/1496/284 866/1489/284 867/1497/284 851/1498/284
f 851/1498/285 867/1497/285 868/1499/285 852/1500/285
f 852/1500/286 868/1499/286 869/520/286 853/402/286
f 263/515/272 297/409/272 1388/420/272 1384/1501/272
f 866/1502/287 870/1503/287 1616/1504/287 1612/1505/287
f 1163/1506/288 1162/1507/288 1635/1508/288 1637/1509/288
f 881/1510/289 877/1511/289 1649/1512/289 1651/1513/289
f 264/452/272 263/515/272 1384/1501/272 854/1514/272
f 854/1514/273 1384/1501/273 1385/1515/273 855/1516/273
f 855/1516/273 1385/1515/273 1386/1517/273 856/1518/273
f 856/1518/273 1386/1517/273 1387/516/273 857/406/273
f 300/453/290 264/452/290 854/1514/290 870/1488/290
f 870/1488/291 854/1514/291 855/1516/291 871/1519/291
f 871/1519/275 855/1516/275 856/1518/275 872/1520/275
f 872/1520/292 856/1518/292 857/406/292 873/405/292
f 303/449/272 266/448/272 850/1496/272 1396/1469/272
f 1396/1469/273 850/1496/273 851/1498/273 1397/1521/273
f 1397/1521/273 851/1498/273 852/1500/273 1398/1522/273
f 1398/1522/273 852/1500/273 853/402/273 1399/401/273
f 306/445/272 268/444/272 846/1483/272 886/1460/272
f 886/1460/273 846/1483/273 847/1485/273 887/1462/273
f 887/1462/273 847/1485/273 848/1487/273 888/1464/273
f 888/1464/273 848/1487/273 849/398/273 889/397/273
f 13/66/293 841/65/293 845/1523/293 242/1524/293
f 841/65/294 840/64/294 844/1525/294 845/1523/294
f 840/64/294 839/63/294 843/1526/294 844/1525/294
f 839/63/294 838/62/294 842/244/294 843/1526/294
f 236/1527/295 305/1528/295 938/1529/295 934/1530/295
f 934/1530/296 938/1529/296 939/1531/296 935/1532/296
f 935/1532/296 939/1531/296 940/1533/296 936/1534/296
f 936/1534/296 940/1533/296 941/442/296 937/527/296
f 237/1535/297 236/1527/297 934/1530/297 894/1536/297
f 894/1536/298 934/1530/298 935/1532/298 895/1537/298
f 895/1537/298 935/1532/298 936/1534/298 896/1538/298
f 896/1538/298 936/1534/298 937/527/298 897/526/298
f 255/1539/295 302/1540/295 1436/1541/295 1432/1542/295
f 964/1543/299 968/1544/299 1688/1545/299 1686/1546/299
f 911/1547/300 910/1548/300 1694/1549/300 1667/1550/300
f 1426/1551/301 920/1552/301 1665/1553/301 1654/1554/301
f 256/1555/295 255/1539/295 1432/1542/295 898/1556/295
f 898/1556/296 1432/1542/296 1433/1557/296 899/1558/296
f 899/1558/296 1433/1557/296 1434/1559/296 900/1560/296
f 900/1560/296 1434/1559/296 1435/522/296 901/443/296
f 253/1561/295 299/1562/295 1428/1563/295 1424/1564/295
f 970/1565/302 971/1566/302 1689/1567/302 1672/1568/302
f 1429/1569/303 1430/1570/303 1657/1571/303 1656/1572/303
f 969/1573/304 970/1565/304 1672/1568/304 1670/1574/304
f 254/1575/295 253/1561/295 1424/1564/295 902/1576/295
f 902/1576/296 1424/1564/296 1425/1577/296 903/1578/296
f 903/1578/305 1425/1577/305 1426/1579/305 904/1580/305
f 904/1580/306 1426/1579/306 1427/518/306 905/447/306
f 251/1581/295 296/454/295 1420/463/295 1416/1582/295
f 996/1583/299 1000/1584/299 1678/1585/299 1674/1586/299
f 968/1587/307 969/1573/307 1670/1574/307 1688/1588/307
f 1002/1589/308 1003/1590/308 1681/1591/308 1680/1592/308
f 252/1593/295 251/1581/295 1416/1582/295 906/1594/295
f 906/1594/296 1416/1582/296 1417/1595/296 907/1596/296
f 907/1596/305 1417/1595/305 1418/1597/305 908/1598/305
f 908/1598/306 1418/1597/306 1419/514/306 909/451/306
f 299/1562/295 252/1593/295 906/1594/295 1428/1563/295
f 1428/1563/309 906/1594/309 907/1596/309 1429/1599/309
f 1429/1599/310 907/1596/310 908/1598/310 1430/1600/310
f 1430/1600/311 908/1598/311 909/451/311 1431/450/311
f 302/1540/295 254/1575/295 902/1576/295 1436/1541/295
f 1436/1541/296 902/1576/296 903/1578/296 1437/1601/296
f 1437/1601/296 903/1578/296 904/1580/296 1438/1602/296
f 1438/1602/296 904/1580/296 905/447/296 1439/446/296
f 305/1528/295 256/1555/295 898/1556/295 938/1529/295
f 938/1529/296 898/1556/296 899/1558/296 939/1531/296
f 939/1531/296 899/1558/296 900/1560/296 940/1533/296
f 940/1533/296 900/1560/296 901/443/296 941/442/296
f 11/61/312 893/60/312 897/1603/312 238/243/312
f 893/60/313 892/59/313 896/1604/313 897/1603/313
f 892/59/313 891/58/313 895/1605/313 896/1604/313
f 891/58/313 890/57/313 894/364/313 895/1605/313
f 431/781/227 396/761/227 1268/769/227 1264/782/227
f 721/1606/314 1299/1607/314 1498/1608/314 1544/1609/314
f 711/1305/315 710/1610/315 1539/1611/315 1504/1306/315
f 1026/1612/316 1027/1613/316 1534/1614/316 1517/1615/316
f 400/786/212 432/719/212 1220/729/212 1216/787/212
f 953/1616/317 952/1617/317 1451/1618/317 1453/1619/317
f 955/1620/318 956/1621/318 1450/1622/318 1448/1623/318
f 950/1624/319 954/1625/319 1454/1626/319 1452/1627/319
f 343/635/320 363/577/320 961/586/320 958/637/320
f 958/637/246 961/586/246 962/585/246 959/638/246
f 959/638/246 962/585/246 963/584/246 960/639/246
f 247/493/295 290/473/295 1404/481/295 1400/494/295
f 925/1628/321 921/1629/321 1699/1630/321 1701/1631/321
f 967/1632/322 966/1633/322 1673/1634/322 1687/1635/322
f 1427/1636/323 1426/1637/323 1654/1638/323 1655/1639/323
f 259/498/324 291/432/324 975/441/324 972/499/324
f 972/499/273 975/441/273 976/440/273 973/500/273
f 973/500/273 976/440/273 977/439/273 974/501/273
f 363/577/325 983/636/325 986/894/325 568/893/325
f 983/636/30 982/1640/30 985/895/30 986/894/30
f 982/1640/30 981/969/30 984/896/30 985/895/30
f 331/631/326 362/970/326 981/969/326 978/632/326
f 978/632/327 981/969/327 982/1640/327 979/633/327
f 979/633/327 982/1640/327 983/636/327 980/634/327
f 261/508/272 294/421/272 1380/431/272 1376/509/272
f 1162/1507/328 1161/1641/328 1633/1642/328 1635/1508/328
f 874/1643/329 878/1644/329 1650/1645/329 1648/1646/329
f 1161/1641/330 1160/1647/330 1636/1648/330 1633/1642/330
f 249/503/331 293/464/331 1000/472/331 996/504/331
f 1001/1649/304 1002/1589/304 1680/1592/304 1679/1650/304
f 918/1651/299 922/1652/299 1700/1653/299 1698/1654/299
f 966/1633/332 965/1655/332 1671/1656/332 1673/1634/332
f 333/641/259 365/609/259 1340/617/259 1336/642/259
f 819/1657/266 820/1435/266 1586/1438/266 1584/1658/266
f 824/1440/333 823/1659/333 1581/1660/333 1583/1441/333
f 806/1661/267 810/1662/267 1602/1663/267 1600/1664/267
f 345/646/245 366/566/245 1316/576/245 1312/647/245
f 763/1665/334 762/1666/334 1576/1667/334 1549/1668/334
f 1018/1669/335 1019/1670/335 1571/1671/335 1558/1672/335
f 757/1673/336 756/1674/336 1555/1675/336 1573/1676/336
f 434/792/227 394/752/227 1276/760/227 1272/793/227
f 705/1677/337 704/1678/337 1510/1679/337 1536/1680/337
f 949/1681/238 945/1682/238 1528/1683/238 1530/1684/238
f 1025/1685/239 1026/1612/239 1517/1615/239 1515/1686/239
f 402/797/212 435/708/212 1228/718/212 1224/798/212
f 1451/1618/276 1449/1687/276 1465/1688/276 1467/1689/276
f 1449/1687/338 1452/1690/338 1468/1691/338 1465/1688/338
f 1028/1692/339 1032/1693/339 1462/1694/339 1460/1695/339
f 571/885/185 1056/885/185 1060/885/185 579/885/185
f 1056/885/185 1057/885/185 1061/885/185 1060/885/185
f 1057/885/185 1058/885/185 1062/885/185 1061/885/185
f 1058/885/185 1059/885/185 1063/885/185 1062/885/185
f 465/885/340 1052/885/340 1056/885/340 571/885/340
f 1052/885/341 1053/885/341 1057/885/341 1056/885/341
f 1053/885/341 1054/885/341 1058/885/341 1057/885/341
f 1054/885/342 1055/885/342 1059/885/342 1058/885/342
f 4/1043/343 1036/1696/343 1052/1697/343 465/1044/343
f 1036/1696/344 1037/1698/344 1053/1699/344 1052/1697/344
f 1037/1698/344 1038/1700/344 1054/1701/344 1053/1699/344
f 1038/1700/344 1039/1024/344 1055/1027/344 1054/1701/344
f 428/776/227 133/1702/227 1260/1703/227 1256/777/227
f 704/1678/240 703/1704/240 1508/1705/240 1510/1679/240
f 942/1706/241 946/1707/241 1529/1708/241 1527/1709/241
f 1297/1710/345 719/1711/345 1500/1712/345 1496/1713/345
f 133/1702/346 146/1714/346 1043/1715/346 1260/1703/346
f 1260/1703/347 1043/1715/347 1042/1716/347 1261/1717/347
f 1261/1717/347 1042/1716/347 1041/1718/347 1262/1719/347
f 1262/1719/347 1041/1718/347 1040/677/347 1263/676/347
f 2/1720/348 1039/1721/348 1043/1722/348 146/1723/348
f 1039/1721/349 1038/1724/349 1042/1725/349 1043/1722/349
f 1038/1724/349 1037/1726/349 1041/1727/349 1042/1725/349
f 1037/1726/349 1036/349/349 1040/352/349 1041/1727/349
f 467/885/350 1080/885/350 1084/885/350 573/885/350
f 1080/885/351 1081/885/351 1085/885/351 1084/885/351
f 1081/885/351 1082/885/351 1086/885/351 1085/885/351
f 1082/885/351 1083/885/351 1087/885/351 1086/885/351
f 573/885/185 1084/885/185 1088/885/185 581/885/185
f 1084/885/185 1085/885/185 1089/885/185 1088/885/185
f 1085/885/185 1086/885/185 1090/885/185 1089/885/185
f 1086/885/185 1087/885/185 1091/885/185 1090/885/185
f 6/1728/352 1064/1729/352 1080/1730/352 467/1731/352
f 1064/1729/353 1065/1732/353 1081/1733/353 1080/1730/353
f 1065/1732/353 1066/1734/353 1082/1735/353 1081/1733/353
f 1066/1734/353 1067/1042/353 1083/1045/353 1082/1735/353
f 398/770/212 429/679/212 1212/1736/212 1208/771/212
f 1078/1737/354 1079/1738/354 1447/1739/354 1442/1740/354
f 1079/1741/355 1075/1742/355 1445/1743/355 1447/1744/355
f 1073/1745/356 1072/1746/356 1444/1747/356 1441/1748/356
f 429/679/357 147/678/357 1071/1749/357 1212/1736/357
f 1212/1736/358 1071/1749/358 1070/1750/358 1213/1751/358
f 1213/1751/358 1070/1750/358 1069/1752/358 1214/1753/358
f 1214/1753/358 1069/1752/358 1068/681/358 1215/680/358
f 4/350/359 1067/1754/359 1071/1755/359 147/351/359
f 1067/1754/360 1066/1756/360 1070/1757/360 1071/1755/360
f 1066/1756/360 1065/1758/360 1069/1759/360 1070/1757/360
f 1065/1758/360 1064/295/360 1068/298/360 1069/1759/360
f 572/885/185 1112/885/185 1116/885/185 580/885/185
f 1112/885/185 1113/885/185 1117/885/185 1116/885/185
f 1113/885/185 1114/885/185 1118/885/185 1117/885/185
f 1114/885/185 1115/885/185 1119/885/185 1118/885/185
f 466/885/361 1108/885/361 1112/885/361 572/885/361
f 1108/885/362 1109/885/362 1113/885/362 1112/885/362
f 1109/885/362 1110/885/362 1114/885/362 1113/885/362
f 1110/885/362 1111/885/362 1115/885/362 1114/885/362
f 16/83/363 1095/1760/363 1099/1761/363 114/84/363
f 1095/1760/364 1094/1762/364 1098/1763/364 1099/1761/364
f 1094/1762/364 1093/1764/364 1097/1765/364 1098/1763/364
f 1093/1764/364 1092/672/364 1096/675/364 1097/1765/364
f 341/620/365 360/545/365 1308/1766/365 1304/621/365
f 1107/1767/366 1103/1768/366 1565/1769/366 1567/1770/366
f 1017/1771/251 1018/1669/251 1558/1672/251 1556/1772/251
f 1100/1773/367 1104/1774/367 1566/1775/367 1564/1776/367
f 360/545/368 114/544/368 1099/1777/368 1308/1766/368
f 1308/1766/369 1099/1777/369 1098/1778/369 1309/1779/369
f 1309/1779/369 1098/1778/369 1097/1780/369 1310/1781/369
f 1310/1781/369 1097/1780/369 1096/547/369 1311/546/369
f 2/1782/370 1092/1783/370 1108/1784/370 466/1785/370
f 1092/1783/371 1093/1786/371 1109/1787/371 1108/1784/371
f 1093/1786/371 1094/1788/371 1110/1789/371 1109/1787/371
f 1094/1788/371 1095/215/371 1111/218/371 1110/1789/371
f 578/885/185 1144/885/185 1148/885/185 586/885/185
f 1144/885/185 1145/885/185 1149/885/185 1148/885/185
f 1145/885/185 1146/885/185 1150/885/185 1149/885/185
f 1146/885/185 1147/885/185 1151/885/185 1150/885/185
f 472/885/372 1136/885/372 1144/885/372 578/885/372
f 1136/885/373 1137/885/373 1145/885/373 1144/885/373
f 1137/885/373 1138/885/373 1146/885/373 1145/885/373
f 1138/885/373 1139/885/373 1147/885/373 1146/885/373
f 16/216/374 1120/1790/374 1136/1791/374 472/217/374
f 1120/1790/375 1121/1792/375 1137/1793/375 1136/1791/375
f 1121/1792/375 1122/1794/375 1138/1795/375 1137/1793/375
f 1122/1794/375 1123/1118/375 1139/1121/375 1138/1795/375
f 329/1796/376 1128/1797/376 1140/1798/376 562/1799/376
f 1128/1797/377 1129/1800/377 1141/1801/377 1140/1798/377
f 1129/1800/377 1130/1802/377 1142/1803/377 1141/1801/377
f 1130/1802/377 1131/933/377 1143/936/377 1142/1803/377
f 329/1804/378 359/1805/378 1132/1806/378 1128/1807/378
f 1128/1807/379 1132/1806/379 1133/1808/379 1129/1809/379
f 1129/1809/379 1133/1808/379 1134/1810/379 1130/1811/379
f 1130/1811/379 1134/1810/379 1135/542/379 1131/630/379
f 359/1805/380 101/1812/380 1127/1813/380 1132/1806/380
f 1132/1806/381 1127/1813/381 1126/1814/381 1133/1808/381
f 1133/1808/381 1126/1814/381 1125/1815/381 1134/1810/381
f 1134/1810/381 1125/1815/381 1124/543/381 1135/542/381
f 14/1816/382 1123/1817/382 1127/1818/382 101/1819/382
f 1123/1817/383 1122/1820/383 1126/1821/383 1127/1818/383
f 1122/1820/383 1121/1822/383 1125/1823/383 1126/1821/383
f 1121/1822/383 1120/82/383 1124/85/383 1125/1823/383
f 577/885/185 1172/885/185 1176/885/185 585/885/185
f 1172/885/185 1173/885/185 1177/885/185 1176/885/185
f 1173/885/185 1174/885/185 1178/885/185 1177/885/185
f 1174/885/185 1175/885/185 1179/885/185 1178/885/185
f 471/885/384 1168/885/384 1172/885/384 577/885/384
f 1168/885/385 1169/885/385 1173/885/385 1172/885/385
f 1169/885/385 1170/885/385 1174/885/385 1173/885/385
f 1170/885/385 1171/885/385 1175/885/385 1174/885/385
f 14/1824/386 1152/1825/386 1168/1826/386 471/1827/386
f 1152/1825/387 1153/1828/387 1169/1829/387 1168/1826/387
f 1153/1828/387 1154/1830/387 1170/1831/387 1169/1829/387
f 1154/1830/387 1155/1104/387 1171/1107/387 1170/1831/387
f 257/482/272 288/392/272 1372/1832/272 1368/483/272
f 880/1833/388 881/1834/388 1651/1835/388 1622/1836/388
f 865/1837/289 861/1838/289 1645/1839/289 1647/1840/289
f 879/1841/389 880/1833/389 1622/1836/389 1620/1842/389
f 288/392/390 239/391/390 1159/1843/390 1372/1832/390
f 1372/1832/285 1159/1843/285 1158/1844/285 1373/1845/285
f 1373/1845/285 1158/1844/285 1157/1846/285 1374/1847/285
f 1374/1847/285 1157/1846/285 1156/394/285 1375/393/285
f 12/330/391 1155/1848/391 1159/1849/391 239/331/391
f 1155/1848/392 1154/1850/392 1158/1851/392 1159/1849/392
f 1154/1850/392 1153/1852/392 1157/1853/392 1158/1851/392
f 1153/1852/392 1152/134/392 1156/137/392 1157/1853/392
f 576/885/185 1200/885/185 1204/885/185 584/885/185
f 1200/885/185 1201/885/185 1205/885/185 1204/885/185
f 1201/885/185 1202/885/185 1206/885/185 1205/885/185
f 1202/885/185 1203/885/185 1207/885/185 1206/885/185
f 470/885/393 1196/885/393 1200/885/393 576/885/393
f 1196/885/394 1197/885/394 1201/885/394 1200/885/394
f 1197/885/394 1198/885/394 1202/885/394 1201/885/394
f 1198/885/394 1199/885/394 1203/885/394 1202/885/394
f 12/1105/395 1180/1854/395 1196/1855/395 470/1106/395
f 1180/1854/396 1181/1856/396 1197/1857/396 1196/1855/396
f 1181/1856/396 1182/1858/396 1198/1859/396 1197/1857/396
f 1182/1858/396 1183/1090/396 1199/1093/396 1198/1859/396
f 245/488/295 287/1860/295 1412/1861/295 1408/489/295
f 1000/1862/397 1001/1649/397 1679/1650/397 1678/1863/397
f 924/1864/398 925/1865/398 1701/1866/398 1664/1867/398
f 965/1655/399 964/1868/399 1686/1869/399 1671/1656/399
f 287/1860/400 240/1870/400 1187/1871/400 1412/1861/400
f 1412/1861/401 1187/1871/401 1186/1872/401 1413/1873/401
f 1413/1873/401 1186/1872/401 1185/1874/401 1414/1875/401
f 1414/1875/401 1185/1874/401 1184/390/401 1415/389/401
f 10/1876/402 1183/1877/402 1187/1878/402 240/1879/402
f 1183/1877/403 1182/1880/403 1186/1881/403 1187/1878/403
f 1182/1880/403 1181/1882/403 1185/1883/403 1186/1881/403
f 1181/1882/403 1180/329/403 1184/332/403 1185/1883/403
f 1072/1884/404 1073/1885/404 1209/772/404 1208/771/404
f 1073/1885/405 1074/1886/405 1210/773/405 1209/772/405
f 1074/1886/406 1075/1887/406 1211/774/406 1210/773/406
f 1077/1888/407 1076/1889/407 1212/1736/407 1213/1751/407
f 1078/1890/408 1077/1888/408 1213/1751/408 1214/1753/408
f 1079/1891/409 1078/1890/409 1214/1753/409 1215/680/409
f 1076/1889/410 1072/1884/410 1208/771/410 1212/1736/410
f 1075/1887/411 1079/1891/411 1215/680/411 1211/774/411
f 950/1892/412 951/1893/412 1217/788/412 1216/787/412
f 951/1893/413 952/1894/413 1218/789/413 1217/788/413
f 952/1894/414 953/1895/414 1219/790/414 1218/789/414
f 955/1896/415 954/1897/415 1220/729/415 1221/728/415
f 956/1898/416 955/1896/416 1221/728/416 1222/727/416
f 957/1899/417 956/1898/417 1222/727/417 1223/726/417
f 954/1897/418 950/1892/418 1216/787/418 1220/729/418
f 953/1895/419 957/1899/419 1223/726/419 1219/790/419
f 1028/1900/420 1029/1901/420 1225/799/420 1224/798/420
f 1029/1901/421 1030/1902/421 1226/800/421 1225/799/421
f 1030/1902/422 1031/1903/422 1227/801/422 1226/800/422
f 1033/1904/423 1032/1905/423 1228/718/423 1229/717/423
f 1034/1906/424 1033/1904/424 1229/717/424 1230/716/424
f 1035/1907/425 1034/1906/425 1230/716/425 1231/715/425
f 1032/1905/426 1028/1900/426 1224/798/426 1228/718/426
f 1031/1903/427 1035/1907/427 1231/715/427 1227/801/427
f 650/1908/428 651/1909/428 1233/1237/428 1232/1223/428
f 651/1909/429 652/1910/429 1234/1239/429 1233/1237/429
f 652/1910/430 653/1911/430 1235/805/430 1234/1239/430
f 655/1912/431 654/1913/431 1236/707/431 1237/706/431
f 656/1914/432 655/1912/432 1237/706/432 1238/705/432
f 657/1915/433 656/1914/433 1238/705/433 1239/704/433
f 654/1913/434 650/1908/434 1232/1223/434 1236/707/434
f 653/1911/435 657/1915/435 1239/704/435 1235/805/435
f 658/1916/436 659/1917/436 1241/1219/436 1240/1205/436
f 659/1917/437 660/1918/437 1242/1221/437 1241/1219/437
f 660/1918/438 661/1919/438 1243/809/438 1242/1221/438
f 663/1920/439 662/1921/439 1244/1204/439 1245/1241/439
f 664/1922/440 663/1920/440 1245/1241/440 1246/1242/440
f 665/1923/441 664/1922/441 1246/1242/441 1247/692/441
f 662/1921/442 658/1916/442 1240/1205/442 1244/1204/442
f 661/1919/443 665/1923/443 1247/692/443 1243/809/443
f 666/1924/444 667/1925/444 1249/1200/444 1248/1186/444
f 667/1925/445 668/1926/445 1250/1202/445 1249/1200/445
f 668/1926/446 669/1927/446 1251/813/446 1250/1202/446
f 671/1928/447 670/1929/447 1252/1185/447 1253/1243/447
f 672/1930/448 671/1928/448 1253/1243/448 1254/1244/448
f 673/1931/449 672/1930/449 1254/1244/449 1255/688/449
f 670/1929/450 666/1924/450 1248/1186/450 1252/1185/450
f 669/1927/451 673/1931/451 1255/688/451 1251/813/451
f 1044/1932/452 1045/1933/452 1257/778/452 1256/777/452
f 1045/1933/453 1046/1934/453 1258/779/453 1257/778/453
f 1046/1934/454 1047/1935/454 1259/780/454 1258/779/454
f 1049/1936/455 1048/1937/455 1260/1703/455 1261/1717/455
f 1050/1938/456 1049/1936/456 1261/1717/456 1262/1719/456
f 1051/1939/457 1050/1938/457 1262/1719/457 1263/676/457
f 1048/1937/458 1044/1932/458 1256/777/458 1260/1703/458
f 1047/1935/459 1051/1939/459 1263/676/459 1259/780/459
f 942/1940/460 943/1941/460 1265/783/460 1264/782/460
f 943/1941/461 944/1942/461 1266/784/461 1265/783/461
f 944/1942/462 945/1943/462 1267/785/462 1266/784/462
f 947/1944/463 946/1945/463 1268/769/463 1269/768/463
f 948/1946/464 947/1944/464 1269/768/464 1270/767/464
f 949/1947/465 948/1946/465 1270/767/465 1271/766/465
f 946/1945/466 942/1940/466 1264/782/466 1268/769/466
f 945/1943/467 949/1947/467 1271/766/467 1267/785/467
f 1020/1948/468 1021/1949/468 1273/794/468 1272/793/468
f 1021/1949/469 1022/1950/469 1274/795/469 1273/794/469
f 1022/1950/470 1023/1951/470 1275/796/470 1274/795/470
f 1025/1952/471 1024/1953/471 1276/760/471 1277/759/471
f 1026/1954/472 1025/1952/472 1277/759/472 1278/758/472
f 1027/1955/473 1026/1954/473 1278/758/473 1279/757/473
f 1024/1953/474 1020/1948/474 1272/793/474 1276/760/474
f 1023/1951/475 1027/1955/475 1279/757/475 1275/796/475
f 702/1956/476 703/1957/476 1281/1315/476 1280/1304/476
f 703/1957/477 704/1958/477 1282/1317/477 1281/1315/477
f 704/1958/478 705/1959/478 1283/803/478 1282/1317/478
f 707/1960/479 706/1961/479 1284/751/479 1285/750/479
f 708/1962/480 707/1960/480 1285/750/480 1286/749/480
f 709/1963/481 708/1962/481 1286/749/481 1287/748/481
f 706/1961/482 702/1956/482 1280/1304/482 1284/751/482
f 705/1959/483 709/1963/483 1287/748/483 1283/803/483
f 710/1964/484 711/1965/484 1289/1299/484 1288/1286/484
f 711/1965/485 712/1966/485 1290/1301/485 1289/1299/485
f 712/1966/486 713/1967/486 1291/807/486 1290/1301/486
f 715/1968/487 714/1969/487 1292/1285/487 1293/1319/487
f 716/1970/488 715/1968/488 1293/1319/488 1294/1320/488
f 717/1971/489 716/1970/489 1294/1320/489 1295/738/489
f 714/1969/490 710/1964/490 1288/1286/490 1292/1285/490
f 713/1967/491 717/1971/491 1295/738/491 1291/807/491
f 718/1972/492 719/1973/492 1297/1279/492 1296/1264/492
f 1024/1974/493 1025/1685/493 1515/1686/493 1533/1975/493
f 703/1704/494 702/1976/494 1535/1977/494 1508/1705/494
f 723/1978/495 722/1979/495 1300/1263/495 1301/1321/495
f 724/1980/496 723/1978/496 1301/1321/496 1302/1322/496
f 725/1981/497 724/1980/497 1302/1322/497 1303/734/497
f 722/1979/498 718/1972/498 1296/1264/498 1300/1263/498
f 721/1982/499 725/1981/499 1303/734/499 1299/811/499
f 1100/1983/500 1101/1984/500 1305/622/500 1304/621/500
f 1101/1984/501 1102/1985/501 1306/623/501 1305/622/501
f 1102/1985/502 1103/1986/502 1307/624/502 1306/623/502
f 1105/1987/503 1104/1988/503 1308/1766/503 1309/1779/503
f 1106/1989/504 1105/1987/504 1309/1779/504 1310/1781/504
f 1107/1990/505 1106/1989/505 1310/1781/505 1311/546/505
f 1104/1988/506 1100/1983/506 1304/621/506 1308/1766/506
f 1103/1986/507 1107/1990/507 1311/546/507 1307/624/507
f 1012/1991/508 1013/1992/508 1313/648/508 1312/647/508
f 1013/1992/509 1014/1993/509 1314/649/509 1313/648/509
f 1014/1993/510 1015/1994/510 1315/650/510 1314/649/510
f 1017/1995/511 1016/1996/511 1316/576/511 1317/575/511
f 1018/1997/512 1017/1995/512 1317/575/512 1318/574/512
f 1019/1998/513 1018/1997/513 1318/574/513 1319/573/513
f 1016/1996/514 1012/1991/514 1312/647/514 1316/576/514
f 1015/1994/515 1019/1998/515 1319/573/515 1315/650/515
f 754/1999/516 755/2000/516 1321/1371/516 1320/1363/516
f 1016/2001/517 1017/1771/517 1556/1772/517 1570/2002/517
f 756/2003/518 757/2004/518 1323/654/518 1322/1373/518
f 759/2005/519 758/2006/519 1324/565/519 1325/564/519
f 760/2007/520 759/2005/520 1325/564/520 1326/563/520
f 761/2008/521 760/2007/521 1326/563/521 1327/562/521
f 758/2006/522 754/1999/522 1320/1363/522 1324/565/522
f 757/2004/523 761/2008/523 1327/562/523 1323/654/523
f 762/2009/524 763/2010/524 1329/1359/524 1328/1345/524
f 763/2010/525 764/2011/525 1330/1361/525 1329/1359/525
f 764/2011/526 765/2012/526 1331/658/526 1330/1361/526
f 767/2013/527 766/2014/527 1332/1344/527 1333/1375/527
f 768/2015/528 767/2013/528 1333/1375/528 1334/1376/528
f 769/2016/529 768/2015/529 1334/1376/529 1335/550/529
f 766/2014/530 762/2009/530 1328/1345/530 1332/1344/530
f 765/2012/531 769/2016/531 1335/550/531 1331/658/531
f 1004/2017/532 1005/2018/532 1337/643/532 1336/642/532
f 1005/2018/533 1006/2019/533 1338/644/533 1337/643/533
f 1006/2019/534 1007/2020/534 1339/645/534 1338/644/534
f 1009/2021/535 1008/2022/535 1340/617/535 1341/616/535
f 1010/2023/536 1009/2021/536 1341/616/536 1342/615/536
f 1011/2024/537 1010/2023/537 1342/615/537 1343/614/537
f 1008/2022/538 1004/2017/538 1336/642/538 1340/617/538
f 1007/2020/539 1011/2024/539 1343/614/539 1339/645/539
f 806/2025/540 807/2026/540 1345/1449/540 1344/1434/540
f 807/2026/541 808/2027/541 1346/1451/541 1345/1449/541
f 808/2027/542 809/2028/542 1347/652/542 1346/1451/542
f 811/2029/543 810/2030/543 1348/608/543 1349/607/543
f 812/2031/544 811/2029/544 1349/607/544 1350/606/544
f 813/2032/545 812/2031/545 1350/606/545 1351/605/545
f 810/2030/546 806/2025/546 1344/1434/546 1348/608/546
f 809/2028/547 813/2032/547 1351/605/547 1347/652/547
f 814/2033/548 815/2034/548 1353/1429/548 1352/1418/548
f 815/2034/549 816/2035/549 1354/1431/549 1353/1429/549
f 816/2035/550 817/2036/550 1355/656/550 1354/1431/550
f 819/2037/551 818/2038/551 1356/1417/551 1357/1453/551
f 820/2039/552 819/2037/552 1357/1453/552 1358/1454/552
f 821/2040/553 820/2039/553 1358/1454/553 1359/595/553
f 818/2038/554 814/2033/554 1352/1418/554 1356/1417/554
f 817/2036/555 821/2040/555 1359/595/555 1355/656/555
f 822/2041/556 823/2042/556 1361/1411/556 1360/1396/556
f 823/2042/557 824/2043/557 1362/1413/557 1361/1411/557
f 824/2043/558 825/2044/558 1363/660/558 1362/1413/558
f 827/2045/559 826/2046/559 1364/1395/559 1365/1455/559
f 828/2047/560 827/2045/560 1365/1455/560 1366/1456/560
f 829/2048/561 828/2047/561 1366/1456/561 1367/591/561
f 826/2046/562 822/2041/562 1360/1396/562 1364/1395/562
f 825/2044/563 829/2048/563 1367/591/563 1363/660/563
f 1160/2049/564 1161/2050/564 1369/484/564 1368/483/564
f 1161/2050/565 1162/2051/565 1370/485/565 1369/484/565
f 1162/2051/566 1163/2052/566 1371/486/566 1370/485/566
f 1165/2053/567 1164/2054/567 1372/1832/567 1373/1845/567
f 1166/2055/568 1165/2053/568 1373/1845/568 1374/1847/568
f 1167/2056/569 1166/2055/569 1374/1847/569 1375/393/569
f 1164/2054/219 1160/2049/219 1368/483/219 1372/1832/219
f 1163/2052/570 1167/2056/570 1375/393/570 1371/486/570
f 988/2057/571 989/2058/571 1377/510/571 1376/509/571
f 989/2058/572 990/2059/572 1378/511/572 1377/510/572
f 990/2059/573 991/2060/573 1379/512/573 1378/511/573
f 993/2061/574 992/2062/574 1380/431/574 1381/430/574
f 994/2063/575 993/2061/575 1381/430/575 1382/429/575
f 995/2064/576 994/2063/576 1382/429/576 1383/428/576
f 992/2062/577 988/2057/577 1376/509/577 1380/431/577
f 991/2060/578 995/2064/578 1383/428/578 1379/512/578
f 858/2065/579 859/2066/579 1385/1515/579 1384/1501/579
f 859/2066/580 860/2067/580 1386/1517/580 1385/1515/580
f 860/2067/581 861/2068/581 1387/516/581 1386/1517/581
f 863/2069/582 862/2070/582 1388/420/582 1389/419/582
f 864/2071/583 863/2069/583 1389/419/583 1390/418/583
f 865/2072/584 864/2071/584 1390/418/584 1391/417/584
f 862/2070/585 858/2065/585 1384/1501/585 1388/420/585
f 861/2068/586 865/2072/586 1391/417/586 1387/516/586
f 874/2073/587 875/2074/587 1393/1484/587 1392/1470/587
f 875/2074/588 876/2075/588 1394/1486/588 1393/1484/588
f 876/2075/589 877/2076/589 1395/524/589 1394/1486/589
f 879/2077/590 878/2078/590 1396/1469/590 1397/1521/590
f 880/2079/591 879/2077/591 1397/1521/591 1398/1522/591
f 881/2080/592 880/2079/592 1398/1522/592 1399/401/592
f 878/2078/593 874/2073/593 1392/1470/593 1396/1469/593
f 877/2076/594 881/2080/594 1399/401/594 1395/524/594
f 964/2081/595 965/2082/595 1401/495/595 1400/494/595
f 965/2082/596 966/2083/596 1402/496/596 1401/495/596
f 966/2083/597 967/2084/597 1403/497/597 1402/496/597
f 969/2085/598 968/2086/598 1404/481/598 1405/480/598
f 970/2087/599 969/2085/599 1405/480/599 1406/479/599
f 971/2088/600 970/2087/600 1406/479/600 1407/478/600
f 968/2086/601 964/2081/601 1400/494/601 1404/481/601
f 967/2084/602 971/2088/602 1407/478/602 1403/497/602
f 1188/2089/603 1189/2090/603 1409/490/603 1408/489/603
f 1189/2090/604 1190/2091/604 1410/491/604 1409/490/604
f 1190/2091/605 1191/2092/605 1411/492/605 1410/491/605
f 1193/2093/606 1192/2094/606 1412/1861/606 1413/1873/606
f 1194/2095/607 1193/2093/607 1413/1873/607 1414/1875/607
f 1195/2096/608 1194/2095/608 1414/1875/608 1415/389/608
f 1192/2094/609 1188/2089/609 1408/489/609 1412/1861/609
f 1191/2092/610 1195/2096/610 1415/389/610 1411/492/610
f 910/2097/611 911/2098/611 1417/1595/611 1416/1582/611
f 911/2098/612 912/2099/612 1418/1597/612 1417/1595/612
f 999/2100/613 998/2101/613 1676/2102/613 1677/2103/613
f 915/2104/614 914/2105/614 1420/463/614 1421/462/614
f 916/2106/615 915/2104/615 1421/462/615 1422/461/615
f 917/2107/616 916/2106/616 1422/461/616 1423/460/616
f 914/2105/617 910/2097/617 1416/1582/617 1420/463/617
f 913/2108/618 917/2107/618 1423/460/618 1419/514/618
f 918/2109/619 919/2110/619 1425/1577/619 1424/1564/619
f 919/2110/620 920/2111/620 1426/1579/620 1425/1577/620
f 922/2112/621 923/2113/621 1662/2114/621 1700/2115/621
f 923/2116/622 922/2117/622 1428/1563/622 1429/1599/622
f 998/2101/332 997/2118/332 1675/2119/332 1676/2102/332
f 925/2120/623 924/2121/623 1430/1600/623 1431/450/623
f 922/2117/624 918/2109/624 1424/1564/624 1428/1563/624
f 921/2122/625 925/2120/625 1431/450/625 1427/518/625
f 926/2123/626 927/2124/626 1433/1557/626 1432/1542/626
f 927/2124/627 928/2125/627 1434/1559/627 1433/1557/627
f 928/2125/628 929/2126/628 1435/522/628 1434/1559/628
f 931/2127/629 930/2128/629 1436/1541/629 1437/1601/629
f 932/2129/630 931/2127/630 1437/1601/630 1438/1602/630
f 933/2130/631 932/2129/631 1438/1602/631 1439/446/631
f 930/2128/632 926/2123/632 1432/1542/632 1436/1541/632
f 929/2126/633 933/2130/633 1439/446/633 1435/522/633
f 1076/2131/634 1077/2132/634 1440/2133/634 1446/2134/634
f 1074/2135/635 1073/1745/635 1441/1748/635 1443/2136/635
f 1072/2137/636 1076/2138/636 1446/2139/636 1444/2140/636
f 1077/2132/637 1078/1737/637 1442/1740/637 1440/2133/637
f 1075/2141/638 1074/2135/638 1443/2136/638 1445/2142/638
f 1455/2143/246 1453/2144/246 1469/2145/246 1471/2146/246
f 1034/2147/639 1035/2148/639 1463/2149/639 1458/2150/639
f 1452/1627/640 1454/1626/640 1470/2151/640 1468/2152/640
f 951/2153/641 950/2154/641 1452/1690/641 1449/1687/641
f 957/2155/642 953/2156/642 1453/2144/642 1455/2143/642
f 956/1621/643 957/2157/643 1455/2158/643 1450/1622/643
f 954/2159/644 955/1620/644 1448/1623/644 1454/2160/644
f 952/1617/645 951/2153/645 1449/1687/645 1451/1618/645
f 1035/2161/646 1031/2162/646 1461/2163/646 1463/2164/646
f 1029/2165/647 1028/2166/647 1460/2167/647 1457/2168/647
f 1453/1619/648 1451/1618/648 1467/1689/648 1469/2169/648
f 1030/2170/649 1029/2165/649 1457/2168/649 1459/2171/649
f 1454/2160/650 1448/1623/650 1464/2172/650 1470/2173/650
f 1031/2174/651 1030/2170/651 1459/2171/651 1461/2175/651
f 1448/1623/8 1450/1622/8 1466/2176/8 1464/2172/8
f 1032/2177/652 1033/2178/652 1456/2179/652 1462/2180/652
f 1450/1622/653 1455/2158/653 1471/2181/653 1466/2176/653
f 1033/2178/654 1034/2147/654 1458/2150/654 1456/2179/654
f 652/1228/655 651/2182/655 1473/2183/655 1475/2184/655
f 650/2185/656 654/2186/656 1478/2187/656 1476/2188/656
f 655/1225/657 656/1228/657 1474/1231/657 1472/1226/657
f 653/1229/658 652/1228/658 1475/2184/658 1477/2189/658
f 664/2190/659 665/2191/659 1487/2192/659 1482/2193/659
f 662/2194/660 663/2195/660 1480/2196/660 1486/2197/660
f 660/1215/661 659/1210/661 1481/1213/661 1483/1216/661
f 658/2198/662 662/2199/662 1486/2200/662 1484/2201/662
f 663/2195/663 664/2190/663 1482/2193/663 1480/2196/663
f 667/2202/664 666/2203/664 1492/2204/664 1489/2205/664
f 673/2206/665 669/2207/665 1493/2208/665 1495/2209/665
f 672/1192/666 673/2210/666 1495/2211/666 1490/1193/666
f 670/2212/667 671/1191/667 1488/1194/667 1494/2204/667
f 668/1188/668 667/2202/668 1489/2205/668 1491/1189/668
f 1500/2213/669 1502/2214/669 1497/2215/669 1496/2216/669
f 1502/2214/670 1544/2217/670 1498/2218/670 1497/2215/670
f 1045/2219/671 1044/2220/671 1523/2221/671 1520/2222/671
f 702/2223/241 706/2224/241 1537/2225/241 1535/2226/241
f 715/1266/239 716/2227/239 1505/2228/239 1503/1267/239
f 1298/2229/672 1297/2230/672 1496/2231/672 1497/2232/672
f 1046/2233/240 1045/2219/240 1520/2222/240 1522/2234/240
f 709/2235/238 705/2236/238 1536/2237/238 1538/2238/238
f 716/2227/673 717/2239/673 1542/2240/673 1505/2228/673
f 1299/2241/674 1298/2229/674 1497/2232/674 1498/2242/674
f 1047/2243/675 1046/2233/675 1522/2234/675 1524/2244/675
f 722/2245/676 723/2246/676 1499/2247/676 1545/2248/676
f 943/2249/315 942/2250/315 1527/2251/315 1512/2252/315
f 710/2253/241 714/2254/241 1541/2255/241 1539/2256/241
f 1048/2257/677 1049/2258/677 1519/2259/677 1525/2260/677
f 723/2246/239 724/2261/239 1501/2262/239 1499/2247/239
f 944/2263/240 943/2249/240 1512/2252/240 1514/2264/240
f 717/2265/238 713/2266/238 1540/2267/238 1542/2268/238
f 1049/2258/239 1050/2269/239 1521/2270/239 1519/2259/239
f 724/2261/678 725/2271/678 1546/2272/678 1501/2262/678
f 945/2273/237 944/2263/237 1514/2264/237 1528/2274/237
f 1050/2269/679 1051/2275/679 1526/2276/679 1521/2270/679
f 1021/2277/680 1020/2278/680 1531/2279/680 1516/2280/680
f 718/2281/241 722/2282/241 1545/2283/241 1543/2284/241
f 946/2285/231 947/2286/231 1511/2287/231 1529/2288/231
f 1044/2289/241 1048/2290/241 1525/2291/241 1523/2292/241
f 1022/2293/240 1021/2277/240 1516/2280/240 1518/2294/240
f 725/2295/681 721/2296/681 1544/2297/681 1546/2298/681
f 947/2286/239 948/2299/239 1513/2300/239 1511/2287/239
f 1051/2301/238 1047/2302/238 1524/2303/238 1526/2304/238
f 1023/2305/682 1022/2293/682 1518/2294/682 1532/2306/682
f 948/2299/673 949/2307/673 1530/2308/673 1513/2300/673
f 1553/2309/246 1555/2310/246 1547/2311/246 720/2312/246
f 760/1355/683 761/2313/683 1575/2314/683 1554/1356/683
f 766/2315/253 767/2316/253 1548/2317/253 1578/2318/253
f 754/2319/252 758/2320/252 1574/2321/252 1572/2322/252
f 767/2316/251 768/2323/251 1550/2324/251 1548/2317/251
f 761/2325/366 757/2326/366 1573/2327/366 1575/2328/366
f 768/2323/684 769/2329/684 1579/2330/684 1550/2324/684
f 1101/2331/685 1100/2332/685 1564/2333/685 1561/2334/685
f 762/2335/252 766/2336/252 1578/2337/252 1576/2338/252
f 1321/2339/686 755/2340/686 1553/2341/686 720/2342/686
f 1102/2343/687 1101/2331/687 1561/2334/687 1563/2344/687
f 769/2345/366 765/2346/366 1577/2347/366 1579/2348/366
f 756/2349/688 1322/2350/688 1547/2351/688 1555/2352/688
f 1103/2353/689 1102/2343/689 1563/2344/689 1565/2354/689
f 1322/2355/690 1321/2356/690 720/2357/690 1547/2358/690
f 1013/2359/691 1012/2360/691 1568/2361/691 1557/2362/691
f 1104/2363/692 1105/2364/692 1560/2365/692 1566/2366/692
f 1014/2367/687 1013/2359/687 1557/2362/687 1559/2368/687
f 1105/2364/251 1106/2369/251 1562/2370/251 1560/2365/251
f 1015/2371/693 1014/2367/693 1559/2368/693 1569/2372/693
f 1106/2369/694 1107/2373/694 1567/2374/694 1562/2370/694
f 755/2375/695 754/2376/695 1572/2377/695 1553/2378/695
f 822/2379/267 826/2380/267 1610/2381/267 1608/2382/267
f 1006/2383/333 1005/1397/333 1593/1400/333 1595/2384/333
f 829/2385/265 825/2386/265 1609/2387/265 1611/2388/265
f 1007/2389/696 1006/2383/696 1595/2384/696 1597/2390/696
f 807/2391/697 806/2392/697 1600/2393/697 1589/2394/697
f 1008/2395/698 1009/2396/698 1592/2397/698 1598/2398/698
f 808/2399/333 807/2391/333 1589/2394/333 1591/2400/333
f 1009/2396/266 1010/2401/266 1594/2402/266 1592/2397/266
f 809/2403/699 808/2399/699 1591/2400/699 1601/2404/699
f 1010/2401/700 1011/2405/700 1599/2406/700 1594/2402/700
f 815/2407/701 814/2408/701 1604/2409/701 1585/2410/701
f 810/2411/702 811/2412/702 1588/2413/702 1602/2414/702
f 1004/2415/267 1008/2416/267 1598/2417/267 1596/2418/267
f 816/2419/333 815/2407/333 1585/2410/333 1587/2420/333
f 811/2412/266 812/2421/266 1590/2422/266 1588/2413/266
f 1011/2423/265 1007/2424/265 1597/2425/265 1599/2426/265
f 817/2427/269 816/2419/269 1587/2420/269 1605/2428/269
f 812/2421/703 813/2429/703 1603/2430/703 1590/2422/703
f 823/1659/704 822/2431/704 1608/2432/704 1581/1660/704
f 818/2433/705 819/1657/705 1584/1658/705 1606/2434/705
f 1612/2435/706 1616/2436/706 1617/2437/706 1613/2438/706
f 1613/2438/273 1617/2437/273 1618/2439/273 1614/2440/273
f 1614/2440/707 1618/2439/707 1619/2441/707 1615/2442/707
f 991/2443/708 990/1479/708 1631/1482/708 1641/2159/708
f 1166/1476/388 1167/2444/388 1639/2445/388 1634/1477/388
f 859/2446/330 858/2447/330 1644/2448/330 1625/2449/330
f 873/2450/709 869/2451/709 1615/2452/709 1619/2453/709
f 869/2454/710 868/1471/710 1614/1474/710 1615/2455/710
f 992/2456/281 993/2457/281 1628/2458/281 1642/2459/281
f 1160/2460/329 1164/2461/329 1638/2462/329 1636/2463/329
f 860/2464/278 859/2446/278 1625/2449/278 1627/2465/278
f 993/2457/389 994/2466/389 1630/2467/389 1628/2458/389
f 1167/2468/289 1163/2469/289 1637/2470/289 1639/2471/289
f 861/2472/288 860/2464/288 1627/2465/288 1645/2473/288
f 994/2466/711 995/2474/711 1643/2475/711 1630/2467/711
f 870/2476/712 871/2477/712 1617/2478/712 1616/2479/712
f 875/2480/330 874/2481/330 1648/2482/330 1621/2483/330
f 862/2484/281 863/2446/281 1624/2485/281 1646/2486/281
f 871/2477/8 872/2487/8 1618/2488/8 1617/2478/8
f 988/2489/329 992/2490/329 1642/2491/329 1640/2492/329
f 876/2493/278 875/2480/278 1621/2483/278 1623/2494/278
f 863/2446/389 864/2495/389 1626/2496/389 1624/2485/389
f 872/2487/713 873/2497/713 1619/2498/713 1618/2488/713
f 995/2499/289 991/2500/289 1641/2501/289 1643/2502/289
f 877/2503/708 876/2493/708 1623/2494/708 1649/2504/708
f 864/2495/388 865/2505/388 1647/2506/388 1626/2496/388
f 878/2507/281 879/1841/281 1620/1842/281 1650/2508/281
f 858/2509/329 862/2510/329 1646/2511/329 1644/2512/329
f 1669/2513/714 1695/2514/714 1653/2515/714 1652/2516/714
f 1665/2517/715 1699/2518/715 1655/2519/715 1654/2520/715
f 1664/2521/296 1662/2522/296 1656/2523/296 1657/2524/296
f 921/2525/716 1427/2526/716 1655/2527/716 1699/2528/716
f 1003/2529/717 999/2530/717 1677/2531/717 1681/2532/717
f 912/2533/718 911/1547/718 1667/1550/718 1669/2534/718
f 971/2535/717 967/2536/717 1687/2537/717 1689/2538/717
f 923/2539/719 1429/2540/719 1656/2541/719 1662/2542/719
f 914/2543/720 915/2544/720 1666/2545/720 1696/2546/720
f 1430/2547/721 924/2548/721 1664/2549/721 1657/2550/721
f 915/2544/304 916/2551/304 1668/2552/304 1666/2545/304
f 916/2551/722 917/2553/722 1697/2554/722 1668/2552/722
f 927/2555/723 926/2556/723 1702/2557/723 1659/2558/723
f 910/2559/299 914/2560/299 1696/281/299 1694/2561/299
f 928/2562/332 927/2555/332 1659/2558/332 1661/2563/332
f 917/2564/724 913/2565/724 1695/2566/724 1697/2567/724
f 929/2568/725 928/2562/725 1661/2563/725 1703/2569/725
f 930/2570/726 931/2571/726 1658/2572/726 1704/2573/726
f 931/2571/304 932/2574/304 1660/2575/304 1658/2572/304
f 1418/2576/727 912/2577/727 1669/2578/727 1652/2579/727
f 1189/2580/728 1188/2581/728 1690/2582/728 1683/2583/728
f 932/2574/729 933/2584/729 1705/2585/729 1660/2575/729
f 913/2586/730 1419/2587/730 1653/2588/730 1695/2589/730
f 1190/2590/332 1189/2580/332 1683/2583/332 1685/2591/332
f 926/2592/299 930/2593/299 1704/2594/299 1702/2595/299
f 1191/2596/731 1190/2590/731 1685/2591/731 1691/2597/731
f 933/2598/717 929/2599/717 1703/2600/717 1705/2601/717
f 1192/2602/732 1193/2603/732 1682/2604/732 1692/2605/732
f 1193/2603/304 1194/2606/304 1684/2607/304 1682/2604/304
f 1419/2608/323 1418/2609/323 1652/2610/323 1653/2611/323
f 1194/2606/733 1195/2612/733 1693/2613/733 1684/2607/733
f 919/2614/734 918/2615/734 1698/2616/734 1663/2617/734
f 1188/2618/299 1192/2619/299 1692/2620/299 1690/2621/299
f 920/2622/718 919/2614/718 1663/2617/718 1665/2623/718
f 997/2118/735 996/2624/735 1674/2625/735 1675/2119/735
f 1195/2626/717 1191/2627/717 1691/2628/717 1693/2629/717
f 1706/2630/736 1707/2631/736 1725/2632/736 1722/2633/736
f 1709/2634/737 1711/2635/737 1727/2636/737 1724/2637/737
f 1728/2638/738 1729/2639/738 1742/2640/738 1741/2641/738
f 1722/2642/739 1723/2643/739 1739/2644/739 1738/2645/739
f 1729/2646/740 1714/2647/740 1747/2648/740 1752/2649/740
f 1730/2650/741 1729/2651/741 1752/2652/741 1753/2653/741
f 1722/2642/742 1725/2654/742 1724/2655/742 1723/2643/742
f 1721/2656/743 1707/2657/743 1755/2658/743 1760/2659/743
f 1707/2660/744 1706/2661/744 1716/2662/744 1755/2663/744
f 1720/2664/745 1706/2630/745 1722/2633/745 1732/2665/745
f 1723/2643/746 1724/2655/746 1727/2666/746 1726/2667/746
f 1726/2668/747 1728/2638/747 1741/2641/747 1740/2669/747
f 1732/2670/748 1722/2671/748 1762/2672/748 1756/2673/748
f 1717/2674/749 1719/2675/749 1751/2676/749 1749/2677/749
f 1711/2678/750 1710/2679/750 1726/2680/750 1727/2681/750
f 1718/2682/751 1731/2683/751 1754/2684/751 1750/2685/751
f 1712/2686/752 1714/2647/752 1729/2646/752 1728/2687/752
f 1710/2679/753 1712/2686/753 1728/2687/753 1726/2680/753
f 1707/2688/754 1709/2634/754 1724/2637/754 1725/2689/754
f 1733/2690/755 1708/2691/755 1735/2692/755 1734/2693/755
f 1734/2693/756 1735/2692/756 1737/2694/756 1736/2695/756
f 1738/2696/757 1739/2697/757 1740/2698/757 1741/2699/757 1742/2700/757 1743/2701/757 1744/2702/757 1745/2703/757
f 1714/2704/758 1712/2705/758 1734/2706/758 1736/2707/758
f 1729/2708/759 1730/2709/759 1743/2710/759 1742/2711/759
f 1713/2712/760 1715/2713/760 1737/2714/760 1735/2715/760
f 1730/2709/761 1731/2716/761 1744/2717/761 1743/2710/761
f 1715/2718/762 1714/2719/762 1736/2720/762 1737/2721/762
f 1731/2722/763 1718/2723/763 1759/2724/763 1761/2725/763
f 1723/2643/764 1726/2667/764 1740/2726/764 1739/2644/764
f 1710/2727/765 1711/2728/765 1708/2729/765 1733/2730/765
f 1706/2731/766 1720/2732/766 1757/2733/766 1716/2734/766
f 1712/2705/767 1710/2735/767 1733/2736/767 1734/2706/767
f 1711/2737/768 1713/2712/768 1735/2715/768 1708/2738/768
f 1747/2739/769 1746/2740/769 1749/2741/769 1748/2742/769
f 1748/2742/770 1749/2741/770 1751/2743/770 1750/2744/770
f 1748/2745/771 1750/2746/771 1754/2747/771 1753/2653/771
f 1747/2748/772 1748/2745/772 1753/2653/772 1752/2652/772
f 1719/2749/773 1718/2682/773 1750/2685/773 1751/2750/773
f 1715/2751/774 1717/2674/774 1749/2677/774 1746/2752/774
f 1731/2753/775 1730/2650/775 1753/2653/775 1754/2747/775
f 1714/2647/776 1715/2754/776 1746/2755/776 1747/2648/776
f 1759/2756/777 1758/2757/777 1760/2758/777 1757/2759/777
f 1757/2759/778 1760/2758/778 1755/2760/778 1716/2761/778
f 1759/2756/779 1757/2759/779 1756/2762/779 1761/2763/779
f 1761/2764/780 1756/2765/780 1764/2766/780 1763/2767/780
f 1756/2765/781 1762/2768/781 1765/2769/781 1764/2766/781
f 1745/2703/782 1744/2702/782 1763/2767/782 1764/2766/782
f 1720/2770/783 1732/2670/783 1756/2673/783 1757/2771/783
f 1719/2772/784 1721/2656/784 1760/2659/784 1758/2773/784
f 1722/2642/785 1738/2645/785 1765/2774/785 1762/2775/785
f 1744/2717/786 1731/2716/786 1761/2776/786 1763/2777/786
f 1738/2696/787 1745/2703/787 1764/2766/787 1765/2769/787
f 1718/2778/788 1719/2779/788 1758/2780/788 1759/2781/788
f 7/2782/789 1770/2783/789 1778/2784/789 81/2785/789
f 1825/2786/790 1771/2787/790 1779/2788/790 1833/2789/790
f 1883/2790/791 1774/2791/791 1782/2792/791 1887/2793/791
f 1829/2794/792 1775/873/792 1783/876/792 1837/2795/792
f 1990/2796/793 95/2797/793 1853/2798/793 1993/2799/793
f 1844/2800/794 1857/2801/794 1929/2802/794 1933/2803/794
f 1807/2804/795 81/2805/795 1778/2806/795 1852/2807/795
f 1868/2808/796 1833/2809/796 1779/2810/796 1864/2811/796
f 1874/2812/797 1771/2813/797 1769/2814/797 1872/2815/797
f 1824/2816/798 1770/849/798 1768/852/798 1822/2817/798
f 5/2818/799 1772/2819/799 1766/2820/799 136/2821/799
f 1827/2822/800 1773/2823/800 1767/2824/800 1821/2825/800
f 1787/2826/801 136/2827/801 1766/2828/801 1846/2829/801
f 1860/2830/802 1821/2831/802 1767/2832/802 1858/2833/802
f 1799/2834/803 149/2835/803 1847/2836/803 1848/2837/803
f 1893/2838/804 1892/2839/804 1924/2840/804 1925/2841/804
f 1789/2842/805 1838/2843/805 1914/2844/805 1912/2845/805
f 149/2835/806 1787/2826/806 1846/2829/806 1847/2836/806
f 163/49/807 1784/48/807 1787/848/807 149/186/807
f 1956/2846/808 1967/831/808 1788/834/808 108/2847/808
f 1901/824/809 1897/827/809 2051/830/809 2052/825/809
f 167/2848/810 1785/180/810 1788/183/810 109/2849/810
f 1836/2850/811 1867/2851/811 1866/2852/811 1782/2853/811
f 94/2854/812 1793/2855/812 1854/2856/812 1783/2857/812
f 1989/2858/813 1792/877/813 1795/880/813 1992/2859/813
f 1976/2860/814 1987/2861/814 1795/2862/814 464/2863/814
f 1886/2864/815 1903/2865/815 2016/2866/815 66/2867/815
f 9/56/816 1791/55/816 1793/2868/816 94/2869/816
f 1823/2870/817 1862/2871/817 1861/2872/817 1769/2873/817
f 148/2874/818 1799/2834/818 1848/2837/818 1768/2875/818
f 59/2876/819 1800/839/819 1801/842/819 2052/2877/819
f 1873/2878/820 1899/823/820 1801/826/820 137/2879/820
f 7/51/821 1798/50/821 1799/187/821 148/2880/821
f 1797/2881/822 1841/2882/822 1936/2883/822 1935/2884/822
f 95/2797/823 1807/2804/823 1852/2807/823 1853/2798/823
f 62/882/824 1804/865/824 1806/868/824 80/883/824
f 1907/858/825 1905/853/825 1806/856/825 2017/859/825
f 162/53/826 1805/52/826 1807/384/826 95/184/826
f 1810/2885/8 1811/2886/8 1812/2887/8 1813/2888/8 1814/2889/8 1815/2890/8 1816/2891/8 1817/2892/8
f 622/885/827 621/885/827 1818/885/827 1819/885/827
f 1880/2893/828 1894/2894/828 1942/2895/828 1938/2896/828
f 1834/2897/829 1856/2898/829 1868/2808/829 1835/2899/829
f 1768/2875/830 1848/2837/830 1850/2900/830 1822/2901/830
f 1822/2901/831 1850/2900/831 1862/2871/831 1823/2870/831
f 1783/2857/832 1854/2856/832 1855/2902/832 1837/2903/832
f 1837/2903/833 1855/2902/833 1867/2851/833 1836/2850/833
f 1888/2904/834 1889/2905/834 1923/2906/834 1922/2907/834
f 1831/2908/835 1849/2909/835 1860/2830/835 1830/2910/835
f 1790/2911/836 1776/2912/836 1910/2913/836 1916/2914/836
f 1850/2900/837 1831/2908/837 1830/2910/837 1862/2871/837
f 1846/2829/838 1766/2828/838 1820/2915/838 1849/2909/838
f 1849/2909/839 1820/2915/839 1821/2831/839 1860/2830/839
f 1772/2819/840 1826/2916/840 1820/2917/840 1766/2820/840
f 1826/2916/841 1827/2822/841 1821/2825/841 1820/2917/841
f 1771/2813/797 1825/2918/797 1823/2919/797 1769/2814/797
f 1825/2918/842 1824/2816/842 1822/2817/842 1823/2919/842
f 1852/2807/843 1778/2806/843 1832/2920/843 1856/2898/843
f 1856/2898/844 1832/2920/844 1833/2809/844 1868/2808/844
f 1911/2921/845 1917/2922/845 1947/2923/845 1945/2924/845
f 1995/2925/846 1834/2897/846 1835/2899/846 1996/2926/846
f 1774/2791/847 1828/2927/847 1836/2928/847 1782/2792/847
f 1828/2927/848 1829/2794/848 1837/2795/848 1836/2928/848
f 1770/2783/849 1824/2929/849 1832/2930/849 1778/2784/849
f 1824/2929/850 1825/2786/850 1833/2789/850 1832/2930/850
f 1789/2931/851 1777/2932/851 1847/2836/851 1846/2829/851
f 1777/2932/852 1802/2933/852 1848/2837/852 1847/2836/852
f 1838/2934/853 1789/2931/853 1846/2829/853 1849/2909/853
f 1802/2933/854 1842/2935/854 1850/2900/854 1848/2837/854
f 1851/2936/855 1838/2934/855 1849/2909/855 1831/2908/855
f 1842/2935/856 1851/2936/856 1831/2908/856 1850/2900/856
f 1808/2937/857 1780/2938/857 1853/2798/857 1852/2807/857
f 1997/2939/858 1796/2940/858 1854/2856/858 1993/2799/858
f 1796/2940/859 1840/2941/859 1855/2902/859 1854/2856/859
f 1844/2942/860 1808/2937/860 1852/2807/860 1856/2898/860
f 1857/2943/861 1844/2942/861 1856/2898/861 1834/2897/861
f 1998/2944/862 1857/2943/862 1834/2897/862 1995/2925/862
f 1776/2945/863 1790/2946/863 1858/2833/863 1859/2947/863
f 1790/2946/864 1839/2948/864 1860/2830/864 1858/2833/864
f 1803/2949/865 1776/2945/865 1859/2947/865 1861/2872/865
f 1843/2950/866 1803/2949/866 1861/2872/866 1862/2871/866
f 1839/2948/867 1863/2951/867 1830/2910/867 1860/2830/867
f 1863/2951/868 1843/2950/868 1862/2871/868 1830/2910/868
f 1781/2952/869 1809/2953/869 1864/2811/869 1865/2954/869
f 1999/2955/870 1781/2952/870 1865/2954/870 1994/2956/870
f 1841/2957/871 1797/2958/871 1866/2852/871 1867/2851/871
f 1809/2953/872 1845/2959/872 1868/2808/872 1864/2811/872
f 1845/2959/873 1869/2960/873 1835/2899/873 1868/2808/873
f 2000/2961/874 1841/2957/874 1867/2851/874 1996/2926/874
f 1865/2954/875 1864/2811/875 1904/2962/875 1906/2963/875
f 1808/2964/876 1844/2965/876 1933/2966/876 1930/2967/876
f 1769/2873/877 1861/2872/877 1898/2968/877 1872/2969/877
f 1872/2969/878 1898/2968/878 1899/823/878 1873/2878/878
f 1782/2853/879 1866/2852/879 1902/2970/879 1887/2971/879
f 1887/2971/880 1902/2970/880 1903/2865/880 1886/2864/880
f 1859/2947/881 1858/2833/881 1896/2972/881 1900/2973/881
f 1802/2974/882 1777/2975/882 1909/2976/882 1913/2977/882
f 62/2978/883 1875/2979/883 1873/2980/883 137/2981/883
f 1875/2979/884 1874/2812/884 1872/2815/884 1873/2980/884
f 61/380/885 1882/2982/885 1886/2983/885 66/381/885
f 1882/2982/886 1883/2790/886 1887/2793/886 1886/2983/886
f 1771/2787/887 1874/2984/887 1878/2985/887 1779/2788/887
f 1874/2984/888 1875/881/888 1879/884/888 1878/2985/888
f 1994/2956/889 1865/2954/889 1906/2963/889 2001/2986/889
f 1999/2987/890 1797/2988/890 1935/2989/890 2007/2990/890
f 1864/2811/891 1779/2810/891 1878/2991/891 1904/2962/891
f 1904/2962/892 1878/2991/892 1879/854/892 1905/853/892
f 1773/2823/893 1876/2992/893 1870/2993/893 1767/2824/893
f 1876/2992/894 1877/835/894 1871/838/894 1870/2993/894
f 1858/2833/895 1767/2832/895 1870/2994/895 1896/2972/895
f 1896/2972/896 1870/2994/896 1871/828/896 1897/827/896
f 1861/2872/897 1859/2947/897 1900/2973/897 1898/2968/897
f 1777/2975/898 1789/2995/898 1912/2996/898 1909/2976/898
f 1889/2997/899 1888/2998/899 1896/2972/899 1897/827/899
f 1892/2999/900 1893/3000/900 1899/823/900 1898/2968/900
f 1888/2998/901 1885/3001/901 1900/2973/901 1896/2972/901
f 1884/3002/902 1889/2997/902 1897/827/902 1901/824/902
f 1885/3001/903 1892/2999/903 1898/2968/903 1900/2973/903
f 1893/3000/904 1884/3002/904 1901/824/904 1899/823/904
f 1890/3003/905 1891/3004/905 1903/2865/905 1902/2970/905
f 1895/3005/906 1894/3006/906 1904/2962/906 1905/853/906
f 1894/3006/907 1880/3007/907 1906/2963/907 1904/2962/907
f 1881/3008/908 1895/3005/908 1905/853/908 1907/858/908
f 2003/3009/909 1890/3003/909 1902/2970/909 2001/2986/909
f 2004/3010/910 1881/3008/910 1907/858/910 2002/857/910
f 1894/3011/911 1895/3012/911 1943/3013/911 1942/3014/911
f 1839/3015/912 1790/3016/912 1916/3017/912 1917/3018/912
f 1842/3019/913 1802/3020/913 1913/3021/913 1915/3022/913
f 1885/3023/914 1888/3024/914 1922/3025/914 1921/3026/914
f 1776/2912/915 1803/3027/915 1918/3028/915 1910/2913/915
f 1838/3029/916 1851/3030/916 1908/3031/916 1914/3032/916
f 1889/3033/917 1884/3034/917 1920/3035/917 1923/3036/917
f 1803/3037/918 1843/3038/918 1919/3039/918 1918/3040/918
f 1851/3030/919 1842/3041/919 1915/3042/919 1908/3031/919
f 1892/3043/920 1885/3023/920 1921/3026/920 1924/3044/920
f 1863/3045/921 1839/3046/921 1917/2922/921 1911/2921/921
f 1884/3034/922 1893/3047/922 1925/3048/922 1920/3035/922
f 1843/3049/923 1863/3045/923 1911/2921/923 1919/3050/923
f 1895/3012/924 1881/3051/924 1939/3052/924 1943/3013/924
f 1845/3053/925 1809/3054/925 1934/3055/925 1937/3056/925
f 1998/3057/926 1840/3058/926 1932/3059/926 2006/3060/926
f 2003/3061/927 1880/2893/927 1938/2896/927 2009/3062/927
f 1869/3063/928 1845/3064/928 1937/3065/928 1926/3066/928
f 2004/3067/929 1891/3068/929 1941/3069/929 2010/3070/929
f 2000/3071/930 1869/3063/930 1926/3066/930 2008/3072/930
f 1916/2914/931 1910/2913/931 1944/3073/931 1946/3074/931
f 1910/3075/932 1911/3076/932 1945/3077/932 1944/3078/932
f 1780/3079/933 1808/3080/933 1930/3081/933 1928/3082/933
f 1917/3018/934 1916/3017/934 1946/3083/934 1947/3084/934
f 1997/3085/935 1780/3079/935 1928/3082/935 2005/3086/935
f 1809/3087/936 1781/3088/936 1927/3089/936 1934/3090/936
f 1891/3091/937 1890/3092/937 1940/3093/937 1941/3094/937
f 1840/3095/938 1796/3096/938 1931/3097/938 1932/3098/938
f 1959/3099/939 122/3100/939 2060/3101/939 2061/3102/939
f 2053/3103/940 2056/3104/940 2057/3105/940 2055/3106/940
f 1786/3107/941 1964/3108/941 2064/3109/941 2059/3110/941
f 2054/3111/942 2058/3112/942 1967/831/942 1956/2846/942
f 63/836/943 1952/3113/943 1960/3114/943 123/837/943
f 1952/3113/944 1953/3115/944 1961/3116/944 1960/3114/944
f 1953/3115/945 1954/3117/945 1962/3118/945 1961/3116/945
f 1954/3117/946 1955/843/946 1963/846/946 1962/3118/946
f 2051/830/947 123/829/947 1960/3119/947 2056/3104/947
f 2056/3104/948 1960/3119/948 1961/3120/948 2057/3105/948
f 2057/3105/949 1961/3120/949 1962/3121/949 2058/3112/949
f 2058/3112/950 1962/3121/950 1963/832/950 1967/831/950
f 164/3122/951 1948/3123/951 1956/3124/951 108/3125/951
f 1948/3123/952 1949/3126/952 2054/3127/952 1956/3124/952
f 1949/3126/953 1950/3128/953 2055/3129/953 2054/3127/953
f 1950/3128/954 1951/385/954 2053/388/954 2055/3129/954
f 66/2867/955 2016/2866/955 2019/3130/955 1979/3131/955
f 1979/3131/956 2019/3130/956 2023/3132/956 1978/3133/956
f 1978/3133/957 2023/3132/957 2024/3134/957 1977/3135/957
f 1977/3135/958 2024/3134/958 1987/2861/958 1976/2860/958
f 60/866/959 1972/3136/959 2018/3137/959 2017/867/959
f 1972/3136/960 1973/3138/960 2021/3139/960 2018/3137/960
f 1973/3138/961 1974/3140/961 2022/3141/961 2021/3139/961
f 1974/3140/962 1975/869/962 1983/872/962 2022/3141/962
f 1984/885/963 1794/885/963 2029/885/963 2032/885/963
f 2020/3142/964 2018/3143/964 2021/3144/964 2025/3145/964
f 1985/3146/965 2012/3147/965 2039/3148/965 2043/3149/965
f 2026/3150/966 2022/3151/966 1983/862/966 2014/861/966
f 166/3152/967 1968/3153/967 1976/3154/967 464/3155/967
f 1968/3153/968 1969/3156/968 1977/3157/968 1976/3154/968
f 1969/3156/969 1970/3158/969 1978/3159/969 1977/3157/969
f 1970/3158/970 1971/379/970 1979/382/970 1978/3159/970
f 2024/3134/971 2026/3150/971 2014/861/971 1987/2861/971
f 2033/3160/972 2036/3161/972 2048/3162/972 2045/3163/972
f 2019/3130/973 2020/3142/973 2025/3145/973 2023/3132/973
f 1991/885/974 67/885/974 2030/885/974 2027/885/974
f 1796/3164/975 1997/3085/975 2005/3086/975 1931/3165/975
f 1841/3166/976 2000/3071/976 2008/3072/976 1936/3167/976
f 1881/3168/977 2004/3067/977 2010/3070/977 1939/3169/977
f 1890/3170/978 2003/3061/978 2009/3062/978 1940/3171/978
f 1857/2801/979 1998/3057/979 2006/3060/979 1929/2802/979
f 1891/3004/980 2004/3010/980 2002/857/980 1903/2865/980
f 1880/3007/981 2003/3009/981 2001/2986/981 1906/2963/981
f 1781/3088/982 1999/2987/982 2007/2990/982 1927/3089/982
f 1866/2852/983 1994/2956/983 2001/2986/983 1902/2970/983
f 1869/2960/984 2000/2961/984 1996/2926/984 1835/2899/984
f 1797/2958/985 1999/2955/985 1994/2956/985 1866/2852/985
f 1840/2941/986 1998/2944/986 1995/2925/986 1855/2902/986
f 1780/2938/987 1997/2939/987 1993/2799/987 1853/2798/987
f 1855/2902/988 1995/2925/988 1996/2926/988 1867/2851/988
f 165/3172/989 1989/2858/989 1992/2859/989 463/3173/989
f 1793/2855/990 1990/2796/990 1993/2799/990 1854/2856/990
f 1987/2861/991 2014/861/991 1992/864/991 1795/2862/991
f 1903/2865/992 2002/857/992 2015/860/992 2016/2866/992
f 1791/55/993 1988/54/993 1990/185/993 1793/2868/993
f 1991/3174/994 1794/3175/994 2016/2866/994 2015/860/994
f 1980/3176/995 67/3177/995 2017/859/995 2018/3143/995
f 1794/3175/996 1984/3178/996 2019/3130/996 2016/2866/996
f 1984/3178/997 2011/3179/997 2020/3142/997 2019/3130/997
f 67/3177/998 1991/3174/998 2015/860/998 2017/859/998
f 2011/3179/999 1980/3176/999 2018/3143/999 2020/3142/999
f 1982/3180/1000 1981/3181/1000 2021/3144/1000 2022/3151/1000
f 1985/3182/1001 1986/3183/1001 2024/3134/1001 2023/3132/1001
f 2012/3184/1002 1985/3182/1002 2023/3132/1002 2025/3145/1002
f 1986/3183/1003 2013/3185/1003 2026/3150/1003 2024/3134/1003
f 1981/3181/1004 2012/3184/1004 2025/3145/1004 2021/3144/1004
f 2013/3185/1005 1982/3180/1005 2022/3151/1005 2026/3150/1005
f 2028/885/1006 2032/885/1006 2038/885/1006 2034/885/1006
f 2031/885/1007 2028/885/1007 2034/885/1007 2037/885/1007
f 1794/885/1008 1991/885/1008 2027/885/1008 2029/885/1008
f 1980/885/1009 2011/885/1009 2028/885/1009 2031/885/1009
f 2011/885/1010 1984/885/1010 2032/885/1010 2028/885/1010
f 67/885/1011 1980/885/1011 2031/885/1011 2030/885/1011
f 1982/3186/1012 2013/3187/1012 2040/3188/1012 2042/3189/1012
f 2035/3190/1013 2033/3160/1013 2045/3163/1013 2047/3191/1013
f 2030/885/1014 2031/885/1014 2037/885/1014 2036/885/1014
f 2027/885/1015 2030/885/1015 2036/885/1015 2033/885/1015
f 2032/885/1016 2029/885/1016 2035/885/1016 2038/885/1016
f 2029/885/1017 2027/885/1017 2033/885/1017 2035/885/1017
f 2036/3192/1018 2037/3193/1018 2049/3194/1018 2048/3195/1018
f 2037/3196/1019 2034/3197/1019 2046/3198/1019 2049/3199/1019
f 2013/3187/1020 1986/3200/1020 2044/3201/1020 2040/3188/1020
f 2038/3202/1021 2035/3203/1021 2047/3204/1021 2050/3205/1021
f 1981/3206/1022 1982/3207/1022 2042/3208/1022 2041/3209/1022
f 2012/3147/1023 1981/3210/1023 2041/3211/1023 2039/3148/1023
f 2034/3197/1024 2038/3212/1024 2050/3213/1024 2046/3198/1024
f 1986/3214/1025 1985/3215/1025 2043/3216/1025 2044/3217/1025
f 1786/3218/1026 122/3219/1026 2052/825/1026 2051/830/1026
f 122/3219/1027 1959/3220/1027 2053/3103/1027 2052/825/1027
f 1958/3221/1028 1957/3222/1028 2054/3111/1028 2055/3106/1028
f 1964/3223/1029 1786/3218/1029 2051/830/1029 2056/3104/1029
f 1966/3224/1030 1965/3225/1030 2057/3105/1030 2058/3112/1030
f 1959/3220/1031 1964/3223/1031 2056/3104/1031 2053/3103/1031
f 1965/3225/1032 1958/3221/1032 2055/3106/1032 2057/3105/1032
f 1957/3222/1033 1966/3224/1033 2058/3112/1033 2054/3111/1033
f 1958/3226/1034 1965/3227/1034 2065/3228/1034 2063/3229/1034
f 1965/3230/1035 1966/3231/1035 2066/3232/1035 2065/3233/1035
f 1957/3234/1036 1958/3235/1036 2063/3236/1036 2062/3237/1036
f 122/3238/1037 1786/3239/1037 2059/3240/1037 2060/3241/1037
f 1966/3242/1038 1957/3243/1038 2062/3244/1038 2066/3245/1038
f 1964/3246/1039 1959/3247/1039 2061/3248/1039 2064/3249/1039
f 2176/1/1040 2505/4/1040 2482/3/1040 2177/2/1040
f 2163/5/1041 2480/8/1041 2481/7/1041 2097/6/1041
f 2800/9/1042 2804/12/1042 2181/11/1042 2081/10/1042
f 2145/13/1043 2393/16/1043 2427/15/1043 2144/14/1043
f 2206/17/1044 2368/20/1044 2320/19/1044 2105/18/1044
f 2220/21/1044 2371/24/1044 2322/23/1044 2106/22/1044
f 2119/25/1045 2550/28/1045 2549/27/1045 2239/26/1045
f 2219/29/1043 2209/32/1043 2442/31/1043 2218/30/1043
f 2130/33/1046 2424/36/1046 2394/35/1046 2088/34/1046
f 2067/37/276 2803/73/276 2802/72/276 2801/71/276 2800/9/276 2081/10/276 2855/70/276 2854/69/276 2853/68/276 2852/67/276 2079/66/276 2907/65/276 2906/64/276 2905/63/276 2904/62/276 2077/61/276 2959/60/276 2958/59/276 2957/58/276 2956/57/276 2075/56/276 3857/55/276 4054/54/276 2228/53/276 3871/52/276 2073/51/276 3864/50/276 2229/49/276 3850/48/276 2071/47/276 2699/46/276 2698/45/276 2697/44/276 2696/43/276 2069/42/276 2751/41/276 2750/40/276 2749/39/276 2748/38/276
f 2159/74/1043 2391/77/1043 2430/76/1043 2158/75/1043
f 2144/14/1046 2427/15/1046 2392/79/1046 2087/78/1046
f 2218/30/1047 2442/31/1047 2153/81/1047 2067/80/1047
f 3186/82/1048 3190/85/1048 2180/84/1048 2082/83/1048
f 2173/86/1043 2389/89/1043 2433/88/1043 2172/87/1043
f 2158/75/1046 2430/76/1046 2390/91/1046 2086/90/1046
f 2852/67/1049 2856/93/1049 2194/92/1049 2079/66/1049
f 2187/94/1043 2138/97/1043 2436/96/1043 2186/95/1043
f 2141/98/1050 2395/101/1050 2425/100/1050 2140/99/1050
f 2172/87/1051 2433/88/1051 2388/103/1051 2085/102/1051
f 2106/22/1052 2322/23/1052 2321/105/1052 2207/104/1052
f 2140/106/1053 2355/109/1053 2335/108/1053 2141/107/1053
f 2105/18/1052 2320/19/1052 2319/111/1052 2193/110/1052
f 2225/112/1054 2310/115/1054 2308/114/1054 2079/113/1054
f 2154/116/1053 2358/119/1053 2337/118/1053 2155/117/1053
f 2211/120/1055 2345/123/1055 2346/122/1055 2118/121/1055
f 2080/124/1056 2309/125/1056 2355/109/1056 2140/106/1056
f 2104/126/1052 2318/129/1052 2317/128/1052 2179/127/1052
f 2168/130/1053 2361/133/1053 2339/132/1053 2169/131/1053
f 3218/134/1057 3222/137/1057 2309/136/1057 2080/135/1057
f 2113/138/1058 2336/139/1058 2358/119/1058 2154/116/1058
f 2197/140/1055 2343/143/1055 2344/142/1055 2117/141/1055
f 2096/144/1059 2479/147/1059 2502/146/1059 2162/145/1059
f 2190/148/1040 2508/151/1040 2484/150/1040 2191/149/1040
f 2097/6/1059 2481/7/1059 2505/4/1059 2176/1/1059
f 2149/152/1041 2478/153/1041 2479/147/1041 2096/144/1041
f 2219/154/1060 2170/157/1060 2157/156/1060 2083/155/1060
f 2130/158/1061 2494/161/1061 2199/160/1061 2131/159/1061
f 2204/162/1040 2511/165/1040 2486/164/1040 2205/163/1040
f 2098/166/1062 2483/167/1062 2508/151/1062 2190/148/1062
f 2135/168/1041 2476/171/1041 2477/170/1041 2095/169/1041
f 2144/172/1061 2497/175/1061 2462/174/1061 2145/173/1061
f 2218/176/1061 2514/177/1061 2170/157/1061 2219/154/1061
f 2088/178/1063 2463/179/1063 2494/161/1063 2130/158/1063
f 3851/180/1064 3854/183/1064 2174/182/1064 2230/181/1064
f 4054/54/1065 4056/185/1065 2161/184/1065 2228/53/1065
f 3864/50/1066 3865/187/1066 2215/186/1066 2229/49/1066
f 2124/188/1067 2083/194/1067 2094/193/1067 2100/192/1067 2106/191/1067 2112/190/1067 2118/189/1067
f 2123/195/1067 2084/201/1067 2093/200/1067 2099/199/1067 2105/198/1067 2111/197/1067 2117/196/1067
f 2122/202/1067 2085/208/1067 2092/207/1067 2098/206/1067 2104/205/1067 2110/204/1067 2116/203/1067
f 2259/209/377 2547/212/377 2595/211/377 2258/210/377
f 2120/213/1045 2548/214/1045 2547/212/1045 2259/209/1045
f 3161/215/1068 3177/218/1068 2538/217/1068 2082/216/1068
f 2201/219/1043 2152/222/1043 2439/221/1043 2200/220/1043
f 2079/223/1069 2194/226/1069 2195/225/1069 2225/224/1069
f 2155/227/1070 2397/230/1070 2428/229/1070 2154/228/1070
f 2186/95/1051 2436/96/1051 2139/232/1051 2084/231/1051
f 2182/233/1053 2364/236/1053 2341/235/1053 2183/234/1053
f 2103/237/1071 2316/240/1071 2315/239/1071 2165/238/1071
f 2114/241/1058 2338/242/1058 2361/133/1058 2168/130/1058
f 2904/62/1072 2908/244/1072 2304/243/1072 2077/61/1072
f 2099/245/1062 2485/246/1062 2511/165/1062 2204/162/1062
f 2158/247/1061 2500/250/1061 2460/249/1061 2159/248/1061
f 2087/251/1063 2461/252/1063 2497/175/1063 2144/172/1063
f 2067/253/1073 2227/254/1073 2514/177/1073 2218/176/1073
f 2172/255/1061 2503/258/1061 2458/257/1061 2173/256/1061
f 2086/259/1063 2459/260/1063 2500/250/1063 2158/247/1063
f 2217/261/1074 2171/264/1074 2185/263/1074 2071/262/1074
f 2216/265/1040 2513/266/1040 2171/264/1040 2217/261/1040
f 2183/234/1055 2341/235/1055 2342/268/1055 2116/267/1055
f 2196/269/1053 2367/270/1053 2343/143/1053 2197/140/1053
f 2115/271/1058 2340/272/1058 2364/236/1058 2182/233/1058
f 2102/273/1071 2314/276/1071 2313/275/1071 2151/274/1071
f 2118/277/1075 2406/280/1075 2405/279/1075 2211/278/1075
f 2140/99/1076 2425/100/1076 2167/282/1076 2080/281/1076
f 2169/283/1077 2399/286/1077 2431/285/1077 2168/284/1077
f 2200/220/1051 2439/221/1051 2208/288/1051 2083/287/1051
f 2186/289/1061 2506/292/1061 2142/291/1061 2187/290/1061
f 2085/293/1078 2457/294/1078 2503/258/1078 2172/255/1078
f 3130/295/1079 3134/298/1079 2184/297/1079 2072/296/1079
f 2100/299/1062 2487/300/1062 2513/266/1062 2216/265/1062
f 2169/131/1080 2339/132/1080 2340/272/1080 2115/271/1080
f 2137/301/1081 2311/304/1081 2353/303/1081 2136/302/1081
f 2210/305/1053 2370/306/1053 2345/123/1053 2211/120/1053
f 2116/267/1082 2342/268/1082 2367/270/1082 2196/269/1082
f 2154/228/1083 2428/229/1083 2396/308/1083 2113/307/1083
f 2117/309/1075 2404/312/1075 2403/311/1075 2197/310/1075
f 2183/313/1077 2401/316/1077 2434/315/1077 2182/314/1077
f 2168/284/1084 2431/285/1084 2398/318/1084 2114/317/1084
f 2200/319/1061 2509/322/1061 2156/321/1061 2201/320/1061
f 2084/323/1078 2143/324/1078 2506/292/1078 2186/289/1078
f 2696/43/1085 2700/326/1085 2226/325/1085 2069/42/1085
f 2083/155/1078 2157/156/1078 2509/322/1078 2200/319/1078
f 2101/327/1071 2312/328/1071 2311/304/1071 2137/301/1071
f 3246/329/1086 3250/332/1086 2305/331/1086 2078/330/1086
f 2151/274/1081 2313/275/1081 2356/334/1081 2150/333/1081
f 2224/335/1053 2373/336/1053 2310/115/1053 2225/112/1053
f 2116/337/1075 2402/338/1075 2401/316/1075 2183/313/1075
f 2197/310/1077 2403/311/1077 2437/340/1077 2196/339/1077
f 2068/341/1087 2222/344/1087 2223/343/1087 2131/342/1087
f 2182/314/1084 2434/315/1084 2400/346/1084 2115/345/1084
f 2131/159/1088 2199/160/1088 2212/348/1088 2068/347/1088
f 2145/173/1089 2462/174/1089 2463/179/1089 2088/178/1089
f 3102/349/1090 3106/352/1090 2213/351/1090 2070/350/1090
f 2159/248/1089 2460/249/1089 2461/252/1089 2087/251/1089
f 2155/117/1080 2337/118/1080 2338/242/1080 2114/241/1080
f 2136/302/1091 2353/303/1091 2306/354/1091 2076/353/1091
f 2117/141/1082 2344/142/1082 2370/306/1082 2210/305/1082
f 2165/238/1081 2315/239/1081 2359/356/1081 2164/355/1081
f 2115/345/1092 2400/346/1092 2399/286/1092 2169/283/1092
f 2211/278/1077 2405/279/1077 2440/358/1077 2210/357/1077
f 2088/34/1093 2394/35/1093 2393/16/1093 2145/13/1093
f 2196/339/1094 2437/340/1094 2402/338/1094 2116/337/1094
f 2748/38/1095 2752/360/1095 2227/359/1095 2067/37/1095
f 2205/163/1096 2486/164/1096 2487/300/1096 2100/299/1096
f 2134/361/1040 2496/362/1040 2476/171/1040 2135/168/1040
f 2173/256/1089 2458/257/1089 2459/260/1089 2086/259/1089
f 2956/57/1097 2960/364/1097 2303/363/1097 2075/56/1097
f 2150/333/1098 2356/334/1098 2312/328/1098 2101/327/1098
f 2118/121/1082 2346/122/1082 2373/336/1082 2224/335/1082
f 2141/107/1080 2335/108/1080 2336/139/1080 2113/138/1080
f 2225/224/1077 2195/225/1077 2443/366/1077 2224/365/1077
f 2114/317/1092 2398/318/1092 2397/230/1092 2155/227/1092
f 2210/357/1094 2440/358/1094 2404/312/1094 2117/309/1094
f 2087/78/1093 2392/79/1093 2391/77/1093 2159/74/1093
f 2191/149/1096 2484/150/1096 2485/246/1096 2099/245/1096
f 2148/367/1040 2499/368/1040 2478/153/1040 2149/152/1040
f 2072/369/1099 2184/370/1099 2496/362/1099 2134/361/1099
f 2187/290/1060 2142/291/1060 2457/294/1060 2085/293/1060
f 2179/127/1081 2317/128/1081 2362/372/1081 2178/371/1081
f 2164/355/1098 2359/356/1098 2314/276/1098 2102/273/1098
f 2075/373/1100 2303/376/1100 2302/375/1100 2221/374/1100
f 2193/110/1081 2319/111/1081 2365/378/1081 2192/377/1081
f 2224/365/1094 2443/366/1094 2406/280/1094 2118/277/1094
f 2113/307/1101 2396/308/1101 2395/101/1101 2141/98/1101
f 2086/90/1093 2390/91/1093 2389/89/1093 2173/86/1093
f 2085/102/1102 2388/103/1102 2138/97/1102 2187/94/1102
f 4037/379/1103 4045/382/1103 2132/381/1103 2127/380/1103
f 3871/52/1104 3873/384/1104 2147/383/1104 2073/51/1104
f 4017/385/1105 4119/388/1105 4118/387/1105 2125/386/1105
f 3481/389/1106 2354/392/1106 2305/391/1106 3250/390/1106
f 3441/393/1107 2355/396/1107 2309/395/1107 3222/394/1107
f 2955/397/1108 2373/400/1108 2346/399/1108 2915/398/1108
f 3465/401/1108 2370/404/1108 2344/403/1108 2919/402/1108
f 2939/405/1109 2367/408/1109 2342/407/1109 2923/406/1109
f 2363/409/1110 3454/420/1110 3455/419/1110 3456/418/1110 3457/417/1110 2364/416/1110 2340/415/1110 2347/414/1110 2384/413/1110 2383/412/1110 2382/411/1110 2328/410/1110
f 2360/421/1111 3446/431/1111 3447/430/1111 3448/429/1111 3449/428/1111 2361/427/1111 2338/426/1111 2348/425/1111 2379/424/1111 2378/423/1111 2326/422/1111
f 2357/432/1110 3041/441/1110 3042/440/1110 3043/439/1110 2358/438/1110 2336/437/1110 2349/436/1110 2375/435/1110 2374/434/1110 2324/433/1110
f 3007/442/1112 2372/445/1112 2334/444/1112 2967/443/1112
f 3505/446/1112 2369/449/1112 2332/448/1112 2971/447/1112
f 3497/450/1112 2366/453/1112 2330/452/1112 2975/451/1112
f 2362/454/1113 3486/463/1113 3487/462/1113 3488/461/1113 3489/460/1113 2363/409/1113 2328/410/1113 2350/459/1113 2387/458/1113 2386/457/1113 2385/456/1113 2316/455/1113
f 2359/464/1114 3066/472/1114 3067/471/1114 3068/470/1114 3069/469/1114 2360/421/1114 2326/422/1114 2351/468/1114 2381/467/1114 2380/466/1114 2314/465/1114
f 2356/473/1115 3470/481/1115 3471/480/1115 3472/479/1115 3473/478/1115 2357/432/1115 2324/433/1115 2352/477/1115 2377/476/1115 2376/475/1115 2312/474/1115
f 2324/433/1116 2374/434/1116 2375/435/1116 2349/436/1116 2336/437/1116 2335/487/1116 3437/486/1116 3436/485/1116 3435/484/1116 3434/483/1116 2323/482/1116
f 3437/486/1108 2335/487/1108 2355/396/1108 3441/393/1108
f 2312/474/1117 2376/475/1117 2377/476/1117 2352/477/1117 2324/433/1117 2323/482/1117 3477/492/1117 3476/491/1117 3475/490/1117 3474/489/1117 2311/488/1117
f 3477/492/1112 2323/482/1112 2354/392/1112 3481/389/1112
f 2314/465/1117 2380/466/1117 2381/467/1117 2351/468/1117 2326/422/1117 2325/498/1117 3469/497/1117 3468/496/1117 3467/495/1117 3466/494/1117 2313/493/1117
f 3469/497/1112 2325/498/1112 2357/432/1112 3473/478/1112
f 2326/422/1110 2378/423/1110 2379/424/1110 2348/425/1110 2338/426/1110 2337/502/1110 3040/501/1110 3039/500/1110 3038/499/1110 2325/498/1110
f 3040/501/1118 2337/502/1118 2358/438/1118 3043/439/1118
f 2316/455/1119 2385/456/1119 2386/457/1119 2387/458/1119 2350/459/1119 2328/410/1119 2327/508/1119 3065/507/1119 3064/506/1119 3063/505/1119 3062/504/1119 2315/503/1119
f 3065/507/1113 2327/508/1113 2360/421/1113 3069/469/1113
f 2328/410/1110 2382/411/1110 2383/412/1110 2384/413/1110 2347/414/1110 2340/415/1110 2339/513/1110 3445/512/1110 3444/511/1110 3443/510/1110 3442/509/1110 2327/508/1110
f 3445/512/1108 2339/513/1108 2361/427/1108 3449/428/1108
f 2975/451/1120 2330/452/1120 2329/515/1120 3485/514/1120
f 3485/514/1121 2329/515/1121 2363/409/1121 3489/460/1121
f 2923/406/1108 2342/407/1108 2341/517/1108 3453/516/1108
f 3453/516/1108 2341/517/1108 2364/416/1108 3457/417/1108
f 2971/447/1120 2332/448/1120 2331/519/1120 3493/518/1120
f 3493/518/1121 2331/519/1121 2366/453/1121 3497/450/1121
f 2919/402/1122 2344/403/1122 2343/521/1122 2935/520/1122
f 2935/520/1123 2343/521/1123 2367/408/1123 2939/405/1123
f 2967/443/1112 2334/444/1112 2333/523/1112 3501/522/1112
f 3501/522/1112 2333/523/1112 2369/449/1112 3505/446/1112
f 2915/398/1108 2346/399/1108 2345/525/1108 3461/524/1108
f 3461/524/1108 2345/525/1108 2370/404/1108 3465/401/1108
f 2963/526/1124 2304/529/1124 2307/528/1124 3003/527/1124
f 3003/527/1112 2307/528/1112 2372/445/1112 3007/442/1112
f 2911/530/1125 2308/533/1125 2310/532/1125 2951/531/1125
f 2951/531/1108 2310/532/1108 2373/400/1108 2955/397/1108
f 2221/374/1081 2302/375/1081 2371/24/1081 2220/21/1081
f 2192/377/1044 2365/378/1044 2318/129/1044 2104/126/1044
f 2207/104/1081 2321/105/1081 2368/20/1081 2206/17/1081
f 2178/371/1098 2362/372/1098 2316/240/1098 2103/237/1098
f 2843/534/1126 2152/537/1126 2139/536/1126 2815/535/1126
f 2851/538/1126 2209/541/1126 2208/540/1126 2811/539/1126
f 3201/542/1127 2426/545/1127 2180/544/1127 3190/543/1127
f 3377/546/1128 2223/549/1128 2222/548/1128 3162/547/1128
f 3401/550/1126 2138/553/1126 2388/552/1126 2819/551/1126
f 2435/554/1129 3390/565/1129 3391/564/1129 3392/563/1129 3393/562/1129 2389/561/1129 2390/560/1129 2419/559/1129 2453/558/1129 2452/557/1129 2451/556/1129 2412/555/1129
f 2432/566/1130 3382/576/1130 3383/575/1130 3384/574/1130 3385/573/1130 2391/572/1130 2392/571/1130 2420/570/1130 2448/569/1130 2447/568/1130 2410/567/1130
f 2429/577/1131 3027/586/1131 3028/585/1131 3029/584/1131 2393/583/1131 2394/582/1131 2421/581/1131 2446/580/1131 2445/579/1131 2408/578/1131
f 2903/587/1132 2444/590/1132 2418/589/1132 2863/588/1132
f 3433/591/1132 2441/594/1132 2416/593/1132 2867/592/1132
f 3425/595/1132 2438/598/1132 2414/597/1132 2871/596/1132
f 2434/599/1133 3414/608/1133 3415/607/1133 3416/606/1133 3417/605/1133 2435/554/1133 2412/555/1133 2422/604/1133 2456/603/1133 2455/602/1133 2454/601/1133 2400/600/1133
f 2431/609/1134 3406/617/1134 3407/616/1134 3408/615/1134 3409/614/1134 2432/566/1134 2410/567/1134 2423/613/1134 2450/612/1134 2449/611/1134 2398/610/1134
f 2258/210/377 2595/211/377 2594/619/377 2257/618/377
f 2408/578/1135 2445/579/1135 2446/580/1135 2421/581/1135 2394/582/1135 2424/625/1135 3373/624/1135 3372/623/1135 3371/622/1135 3370/621/1135 2407/620/1135
f 3373/624/1126 2424/625/1126 2223/549/1126 3377/546/1126
f 2121/626/1136 2546/629/1136 2545/628/1136 2281/627/1136
f 3197/630/1137 2407/620/1137 2426/545/1137 3201/542/1137
f 2398/610/1133 2449/611/1133 2450/612/1133 2423/613/1133 2410/567/1133 2409/635/1133 3046/634/1133 3045/633/1133 3044/632/1133 2397/631/1133
f 3046/634/1138 2409/635/1138 2429/577/1138 3049/636/1138
f 2410/567/1129 2447/568/1129 2448/569/1129 2420/570/1129 2392/571/1129 2427/640/1129 3026/639/1129 3025/638/1129 3024/637/1129 2409/635/1129
f 3026/639/1139 2427/640/1139 2393/583/1139 3029/584/1139
f 2400/600/1133 2454/601/1133 2455/602/1133 2456/603/1133 2422/604/1133 2412/555/1133 2411/646/1133 3405/645/1133 3404/644/1133 3403/643/1133 3402/642/1133 2399/641/1133
f 3405/645/1132 2411/646/1132 2432/566/1132 3409/614/1132
f 2412/555/1129 2451/556/1129 2452/557/1129 2453/558/1129 2419/559/1129 2390/560/1129 2430/651/1129 3381/650/1129 3380/649/1129 3379/648/1129 3378/647/1129 2411/646/1129
f 3381/650/1126 2430/651/1126 2391/572/1126 3385/573/1126
f 2871/596/1132 2414/597/1132 2413/653/1132 3413/652/1132
f 3413/652/1132 2413/653/1132 2435/554/1132 3417/605/1132
f 2819/551/1126 2388/552/1126 2433/655/1126 3389/654/1126
f 3389/654/1126 2433/655/1126 2389/561/1126 3393/562/1126
f 2867/592/1132 2416/593/1132 2415/657/1132 3421/656/1132
f 3421/656/1132 2415/657/1132 2438/598/1132 3425/595/1132
f 2815/535/1126 2139/536/1126 2436/659/1126 3397/658/1126
f 3397/658/1126 2436/659/1126 2138/553/1126 3401/550/1126
f 2863/588/1132 2418/589/1132 2417/661/1132 3429/660/1132
f 3429/660/1132 2417/661/1132 2441/594/1132 3433/591/1132
f 2811/539/1126 2208/540/1126 2439/663/1126 2839/662/1126
f 2839/662/1126 2439/663/1126 2152/537/1126 2843/534/1126
f 2859/664/1140 2181/667/1140 2166/666/1140 2899/665/1140
f 2899/665/1132 2166/666/1132 2444/590/1132 2903/587/1132
f 2807/668/1141 2153/671/1141 2442/670/1141 2847/669/1141
f 2847/669/1126 2442/670/1126 2209/541/1126 2851/538/1126
f 2131/342/1043 2223/343/1043 2424/36/1043 2130/33/1043
f 2083/287/1102 2208/288/1102 2209/32/1102 2219/29/1102
f 3158/672/1142 3162/675/1142 2222/674/1142 2068/673/1142
f 2084/231/1102 2139/232/1102 2152/222/1102 2201/219/1102
f 3329/676/1143 2495/679/1143 2213/678/1143 3106/677/1143
f 3281/680/1144 2496/683/1144 2184/682/1144 3134/681/1144
f 2747/684/1145 2513/687/1145 2487/686/1145 2707/685/1145
f 3321/688/1145 2511/691/1145 2485/690/1145 2711/689/1145
f 3313/692/1145 2508/695/1145 2483/694/1145 2715/693/1145
f 2504/696/1146 3302/707/1146 3303/706/1146 3304/705/1146 3305/704/1146 2505/703/1146 2481/702/1146 2488/701/1146 2525/700/1146 2524/699/1146 2523/698/1146 2469/697/1146
f 2501/708/1147 3294/718/1147 3295/717/1147 3296/716/1147 3297/715/1147 2502/714/1147 2479/713/1147 2489/712/1147 2520/711/1147 2519/710/1147 2467/709/1147
f 2498/719/1147 3286/729/1147 3287/728/1147 3288/727/1147 3289/726/1147 2499/725/1147 2477/724/1147 2490/723/1147 2516/722/1147 2515/721/1147 2465/720/1147
f 2799/730/1148 2512/733/1148 2475/732/1148 2759/731/1148
f 3369/734/1148 2510/737/1148 2473/736/1148 2763/735/1148
f 3361/738/1148 2507/741/1148 2471/740/1148 2767/739/1148
f 2458/742/1149 3350/751/1149 3351/750/1149 3352/749/1149 3353/748/1149 2504/696/1149 2469/697/1149 2491/747/1149 2528/746/1149 2527/745/1149 2526/744/1149 2459/743/1149
f 2460/752/1150 3342/760/1150 3343/759/1150 3344/758/1150 3345/757/1150 2501/708/1150 2467/709/1150 2492/756/1150 2522/755/1150 2521/754/1150 2461/753/1150
f 2462/761/1150 3334/769/1150 3335/768/1150 3336/767/1150 3337/766/1150 2498/719/1150 2465/720/1150 2493/765/1150 2518/764/1150 2517/763/1150 2463/762/1150
f 2465/720/1151 2515/721/1151 2516/722/1151 2490/723/1151 2477/724/1151 2476/775/1151 3277/774/1151 3276/773/1151 3275/772/1151 3274/771/1151 2464/770/1151
f 3277/774/1145 2476/775/1145 2496/683/1145 3281/680/1145
f 2463/762/1152 2517/763/1152 2518/764/1152 2493/765/1152 2465/720/1152 2464/770/1152 3325/780/1152 3324/779/1152 3323/778/1152 3322/777/1152 2494/776/1152
f 3325/780/1148 2464/770/1148 2495/679/1148 3329/676/1148
f 2461/753/1152 2521/754/1152 2522/755/1152 2492/756/1152 2467/709/1152 2466/786/1152 3333/785/1152 3332/784/1152 3331/783/1152 3330/782/1152 2497/781/1152
f 3333/785/1148 2466/786/1148 2498/719/1148 3337/766/1148
f 2467/709/1151 2519/710/1151 2520/711/1151 2489/712/1151 2479/713/1151 2478/791/1151 3285/790/1151 3284/789/1151 3283/788/1151 3282/787/1151 2466/786/1151
f 3285/790/1145 2478/791/1145 2499/725/1145 3289/726/1145
f 2459/743/1149 2526/744/1149 2527/745/1149 2528/746/1149 2491/747/1149 2469/697/1149 2468/797/1149 3341/796/1149 3340/795/1149 3339/794/1149 3338/793/1149 2500/792/1149
f 3341/796/1148 2468/797/1148 2501/708/1148 3345/757/1148
f 2469/697/1146 2523/698/1146 2524/699/1146 2525/700/1146 2488/701/1146 2481/702/1146 2480/802/1146 3293/801/1146 3292/800/1146 3291/799/1146 3290/798/1146 2468/797/1146
f 3293/801/1145 2480/802/1145 2502/714/1145 3297/715/1145
f 2767/739/1148 2471/740/1148 2470/804/1148 3349/803/1148
f 3349/803/1148 2470/804/1148 2504/696/1148 3353/748/1148
f 2715/693/1145 2483/694/1145 2482/806/1145 3301/805/1145
f 3301/805/1145 2482/806/1145 2505/703/1145 3305/704/1145
f 2763/735/1148 2473/736/1148 2472/808/1148 3357/807/1148
f 3357/807/1148 2472/808/1148 2507/741/1148 3361/738/1148
f 2711/689/1145 2485/690/1145 2484/810/1145 3309/809/1145
f 3309/809/1145 2484/810/1145 2508/695/1145 3313/692/1145
f 2759/731/1153 2475/732/1153 2474/812/1153 3365/811/1153
f 3365/811/1154 2474/812/1154 2510/737/1154 3369/734/1154
f 2707/685/1145 2487/686/1145 2486/814/1145 3317/813/1145
f 3317/813/1145 2486/814/1145 2511/691/1145 3321/688/1145
f 2755/815/1155 2226/818/1155 2198/817/1155 2795/816/1155
f 2795/816/1148 2198/817/1148 2512/733/1148 2799/730/1148
f 2703/819/1156 2185/822/1156 2171/821/1156 2743/820/1156
f 2743/820/1145 2171/821/1145 2513/687/1145 2747/684/1145
f 2201/320/1060 2156/321/1060 2143/324/1060 2084/323/1060
f 2095/169/1059 2477/170/1059 2499/368/1059 2148/367/1059
f 2162/145/1040 2502/146/1040 2480/8/1040 2163/5/1040
f 2177/2/1096 2482/3/1096 2483/167/1096 2098/166/1096
f 3965/823/1157 3867/826/1157 4118/825/1157 3967/824/1157
f 3963/827/1158 4117/830/1158 2189/829/1158 3937/828/1158
f 4033/831/1159 3854/834/1159 2175/833/1159 4029/832/1159
f 3943/835/1160 3937/838/1160 2189/837/1160 2129/836/1160
f 3866/839/1161 3867/842/1161 2203/841/1161 2128/840/1161
f 4021/843/1162 4029/846/1162 2175/845/1162 2233/844/1162
f 3850/48/1163 3853/848/1163 2202/847/1163 2071/47/1163
f 3836/849/1164 3834/852/1164 2214/851/1164 2073/850/1164
f 3971/853/1165 3872/856/1165 2146/855/1165 3945/854/1165
f 4068/857/1166 4081/860/1166 4083/859/1166 3973/858/1166
f 4080/861/1167 4058/864/1167 2529/863/1167 4049/862/1167
f 3870/865/1168 3872/868/1168 4083/867/1168 2126/866/1168
f 4041/869/1169 4049/872/1169 2529/871/1169 2231/870/1169
f 3841/873/1170 3849/876/1170 2160/875/1170 2075/874/1170
f 3858/877/1171 3861/880/1171 2530/879/1171 2232/878/1171
f 3941/881/1172 3945/884/1172 2146/883/1172 2128/882/1172
f 2534/885/1173 2640/885/1173 2639/885/1173 2533/885/1173
f 2633/886/1174 3050/896/1174 3051/895/1174 3052/894/1174 2634/893/1174 2631/892/1174 2632/891/1174 3053/890/1174 2636/889/1174 2635/888/1174 2629/887/1174
f 2629/887/1175 2635/888/1175 2636/889/1175 3053/890/1175 2632/891/1175 2631/892/1175 2630/902/1175 3209/901/1175 3208/900/1175 3207/899/1175 3206/898/1175 2628/897/1175
f 2260/903/1176 2596/906/1176 2560/905/1176 2108/904/1176
f 2261/907/147 2597/908/147 2596/906/147 2260/903/147
f 2262/909/147 2553/910/147 2597/908/147 2261/907/147
f 2263/911/1177 2599/914/1177 2598/913/1177 2102/912/1177
f 2115/915/1178 2552/918/1178 2551/917/1178 2285/916/1178
f 2264/919/150 2600/920/150 2599/914/150 2263/911/150
f 2114/921/1179 2554/922/1179 2553/910/1179 2262/909/1179
f 2265/923/150 2559/924/150 2600/920/150 2264/919/150
f 2113/925/1179 2556/928/1179 2555/927/1179 2242/926/1179
f 2266/929/1180 2601/932/1180 2572/931/1180 2090/930/1180
f 3197/933/1181 3209/936/1181 2630/935/1181 2407/934/1181
f 2267/937/140 2602/938/140 2601/932/140 2266/929/140
f 2268/939/140 2565/940/140 2602/938/140 2267/937/140
f 2269/941/1182 2603/944/1182 2542/943/1182 2087/942/1182
f 2109/945/1183 2558/948/1183 2557/947/1183 2289/946/1183
f 2270/949/143 2604/950/143 2603/944/143 2269/941/143
f 2428/229/1184 2633/952/1184 2629/951/1184 2396/308/1184
f 2271/953/143 2571/954/143 2604/950/143 2270/949/143
f 2108/904/1185 2560/905/1185 2559/924/1185 2265/923/1185
f 2102/955/1186 2598/958/1186 2605/957/1186 2272/956/1186
f 2107/959/1185 2562/962/1185 2561/961/1185 2245/960/1185
f 2408/963/1187 2631/966/1187 2634/965/1187 2429/964/1187
f 2274/967/1188 2606/968/1188 2546/629/1188 2121/626/1188
f 3047/969/1189 3050/896/1189 2633/886/1189 2428/970/1189
f 2097/971/1190 2564/974/1190 2563/973/1190 2293/972/1190
f 2275/975/1191 2607/976/1191 2606/968/1191 2274/967/1191
f 2096/977/1192 2566/978/1192 2565/940/1192 2268/939/1192
f 2276/979/1191 2608/980/1191 2607/976/1191 2275/975/1191
f 2095/981/1192 2568/984/1192 2567/983/1192 2248/982/1192
f 2277/985/1191 2539/986/1191 2608/980/1191 2276/979/1191
f 2278/987/1193 2609/990/1193 2552/989/1193 2115/988/1193
f 2279/991/377 2610/992/377 2609/990/377 2278/987/377
f 2280/993/377 2611/994/377 2610/992/377 2279/991/377
f 2091/995/1194 2570/998/1194 2569/997/1194 2297/996/1194
f 2281/627/377 2545/628/377 2611/994/377 2280/993/377
f 2090/930/1195 2572/931/1195 2571/954/1195 2271/953/1195
f 2282/999/1196 2612/1000/1196 2558/948/1196 2109/945/1196
f 2089/1001/1195 2574/1004/1195 2573/1003/1195 2251/1002/1195
f 2283/1005/147 2613/1006/147 2612/1000/147 2282/999/147
f 2234/1007/1197 2578/1008/1197 2550/28/1197 2119/25/1197
f 2284/1009/147 2614/1010/147 2613/1006/147 2283/1005/147
f 2235/1011/1191 2579/1012/1191 2578/1008/1191 2234/1007/1191
f 2396/308/1198 2629/951/1198 2628/1013/1198 2395/101/1198
f 2285/916/147 2551/917/147 2614/1010/147 2284/1009/147
f 2236/1014/1191 2543/1015/1191 2579/1012/1191 2235/1011/1191
f 2286/1016/1199 2616/1019/1199 2615/1018/1199 2103/1017/1199
f 2237/1020/1200 2580/1023/1200 2556/1022/1200 2113/1021/1200
f 3105/1024/1201 3121/1027/1201 2532/1026/1201 2068/1025/1201
f 2287/1028/150 2617/1029/150 2616/1019/150 2286/1016/150
f 2238/1030/377 2581/1031/377 2580/1023/377 2237/1020/377
f 2288/1032/150 2618/1033/150 2617/1029/150 2287/1028/150
f 2239/26/377 2549/27/377 2581/1031/377 2238/1030/377
f 2289/946/150 2557/947/150 2618/1033/150 2288/1032/150
f 2240/1034/1176 2582/1035/1176 2562/962/1176 2107/959/1176
f 2290/1036/1202 2619/1037/1202 2570/998/1202 2091/995/1202
f 2241/1038/147 2583/1039/147 2582/1035/147 2240/1034/147
f 2407/1040/1203 2630/1041/1203 2631/966/1203 2408/963/1203
f 3133/1042/1204 3149/1045/1204 2531/1044/1204 2070/1043/1204
f 2291/1046/140 2620/1047/140 2619/1037/140 2290/1036/140
f 2242/926/147 2555/927/147 2583/1039/147 2241/1038/147
f 2292/1048/140 2621/1049/140 2620/1047/140 2291/1046/140
f 2243/1050/1177 2585/1053/1177 2584/1052/1177 2101/1051/1177
f 2293/972/140 2563/973/140 2621/1049/140 2292/1048/140
f 2244/1054/150 2586/1055/150 2585/1053/150 2243/1050/150
f 2535/885/1205 2658/885/1205 2655/885/1205 2076/885/1205
f 2294/1056/1206 2622/1059/1206 2540/1058/1206 2086/1057/1206
f 2245/960/150 2561/961/150 2586/1055/150 2244/1054/150
f 2301/1060/1207 2575/1063/1207 2564/1062/1207 2097/1061/1207
f 2295/1064/143 2623/1065/143 2622/1059/143 2294/1056/143
f 2246/1066/1180 2587/1067/1180 2574/1004/1180 2089/1001/1180
f 2296/1068/143 2624/1069/143 2623/1065/143 2295/1064/143
f 2273/1070/1208 2576/1073/1208 2566/1072/1208 2096/1071/1208
f 2247/1074/140 2588/1075/140 2587/1067/140 2246/1066/140
f 2076/885/176 2655/885/176 2653/885/176 2074/885/176
f 2297/996/143 2569/997/143 2624/1069/143 2296/1068/143
f 2253/1076/1208 2577/1079/1208 2568/1078/1208 2095/1077/1208
f 2248/982/140 2567/983/140 2588/1075/140 2247/1074/140
f 2103/1080/1209 2615/1083/1209 2625/1082/1209 2298/1081/1209
f 2249/1084/1182 2589/1087/1182 2544/1086/1182 2088/1085/1182
f 2250/1088/143 2590/1089/143 2589/1087/143 2249/1084/143
f 3249/1090/1210 3265/1093/1210 2535/1092/1210 2076/1091/1210
f 2299/1094/1211 2626/1097/1211 2627/1096/1211 2300/1095/1211
f 2251/1002/143 2573/1003/143 2590/1089/143 2250/1088/143
f 2300/1095/1212 2627/1096/1212 2575/1063/1212 2301/1060/1212
f 2101/1098/1186 2584/1101/1186 2591/1100/1186 2252/1099/1186
f 2086/1102/1213 2540/1103/1213 2539/986/1213 2277/985/1213
f 3221/1104/1214 3237/1107/1214 2536/1106/1214 2078/1105/1214
f 2087/1108/1215 2542/1111/1215 2541/1110/1215 2256/1109/1215
f 2088/1112/1215 2544/1113/1215 2543/1015/1215 2236/1014/1215
f 2254/1114/1197 2592/1115/1197 2548/214/1197 2120/213/1197
f 2255/1116/1191 2593/1117/1191 2592/1115/1191 2254/1114/1191
f 3189/1118/1216 3205/1121/1216 2537/1120/1216 2080/1119/1216
f 2256/1109/1191 2541/1110/1191 2593/1117/1191 2255/1116/1191
f 2257/618/1200 2594/619/1200 2554/1123/1200 2114/1122/1200
f 3153/885/185 3157/885/185 2645/885/185 2637/885/185
f 3121/885/1217 3125/885/1217 2638/885/1217 2532/885/1217
f 3177/885/187 3181/885/187 2644/885/187 2538/885/187
f 3237/885/1218 3241/885/1218 2642/885/1218 2536/885/1218
f 2535/885/189 2641/885/189 2640/885/189 2534/885/189
f 3149/885/1219 3153/885/1219 2637/885/1219 2531/885/1219
f 3205/885/1220 3213/885/1220 2643/885/1220 2537/885/1220
f 3265/885/1221 3269/885/1221 2641/885/1221 2535/885/1221
f 3213/885/185 3217/885/185 2651/885/185 2643/885/185
f 3269/885/185 3273/885/185 2649/885/185 2641/885/185
f 2640/885/185 2648/885/185 2647/885/185 2639/885/185
f 3125/885/185 3129/885/185 2646/885/185 2638/885/185
f 3181/885/185 3185/885/185 2652/885/185 2644/885/185
f 3241/885/185 3245/885/185 2650/885/185 2642/885/185
f 2641/885/185 2649/885/185 2648/885/185 2640/885/185
f 2658/885/1222 2664/885/1222 2661/885/1222 2655/885/1222
f 2655/885/1223 2661/885/1223 2659/885/1223 2653/885/1223
f 2533/885/1224 2657/885/1224 2656/885/1224 2534/885/1224
f 2074/885/1225 2653/885/1225 2654/885/1225 2072/885/1225
f 2072/885/1226 2654/885/1226 2657/885/1226 2533/885/1226
f 2534/885/1227 2656/885/1227 2658/885/1227 2535/885/1227
f 2662/1124/1228 2668/1127/1228 2670/1126/1228 2664/1125/1228
f 2659/1128/1229 2665/1131/1229 2666/1130/1229 2660/1129/1229
f 2654/885/1230 2660/885/1230 2663/885/1230 2657/885/1230
f 2657/885/1231 2663/885/1231 2662/885/1231 2656/885/1231
f 2653/885/1232 2659/885/1232 2660/885/1232 2654/885/1232
f 2656/885/1233 2662/885/1233 2664/885/1233 2658/885/1233
f 2665/1132/1234 2668/1127/1234 2669/1134/1234 2666/1133/1234
f 2667/1135/1235 2670/1126/1235 2668/1127/1235 2665/1132/1235
f 2661/1136/1236 2667/1139/1236 2665/1138/1236 2659/1137/1236
f 2664/1140/1237 2670/1143/1237 2667/1142/1237 2661/1141/1237
f 2660/1144/1238 2666/1147/1238 2669/1146/1238 2663/1145/1238
f 2663/1148/1239 2669/1151/1239 2668/1150/1239 2662/1149/1239
f 2671/1152/276 2682/1163/276 2681/1162/276 2680/1161/276 2679/1160/276 2678/1159/276 2677/1158/276 2676/1157/276 2675/1156/276 2674/1155/276 2673/1154/276 2672/1153/276
f 2683/1164/1240 2695/1175/1240 2694/1174/1240 2693/1173/1240 2692/1172/1240 2691/1171/1240 2690/1170/1240 2689/1169/1240 2687/1168/1240 2686/1167/1240 2685/1166/1240 2684/1165/1240
f 2198/817/1241 2740/1177/1241 2744/1176/1241 2512/733/1241
f 2740/1177/273 2741/1179/273 2745/1178/273 2744/1176/273
f 2741/1179/273 2742/1181/273 2746/1180/273 2745/1178/273
f 2742/1181/273 2743/820/273 2747/684/273 2746/1180/273
f 2226/818/1242 2700/1182/1242 2740/1177/1242 2198/817/1242
f 2700/1182/1243 2701/1183/1243 2741/1179/1243 2740/1177/1243
f 2701/1183/1243 2702/1184/1243 2742/1181/1243 2741/1179/1243
f 2702/1184/1243 2703/819/1243 2743/820/1243 2742/1181/1243
f 2474/812/1241 3314/1186/1241 3318/1185/1241 2510/737/1241
f 2735/1187/1244 3559/1190/1244 3557/1189/1244 2734/1188/1244
f 2737/1191/1245 3554/1194/1245 3556/1193/1245 2738/1192/1245
f 2732/1195/1246 3558/1198/1246 3560/1197/1246 2736/1196/1246
f 2475/732/1241 2704/1199/1241 3314/1186/1241 2474/812/1241
f 2704/1199/273 2705/1201/273 3315/1200/273 3314/1186/273
f 2705/1201/273 2706/1203/273 3316/1202/273 3315/1200/273
f 2706/1203/273 2707/685/273 3317/813/273 3316/1202/273
f 2472/808/1241 3306/1205/1241 3310/1204/1241 2507/741/1241
f 2731/1206/1247 3553/1209/1247 3551/1208/1247 2727/1207/1247
f 2725/1210/1248 3547/1213/1248 3550/1212/1248 2724/1211/1248
f 2727/1214/1249 3551/1217/1249 3549/1216/1249 2726/1215/1249
f 2473/736/1241 2708/1218/1241 3306/1205/1241 2472/808/1241
f 2708/1218/273 2709/1220/273 3307/1219/273 3306/1205/273
f 2709/1220/273 2710/1222/273 3308/1221/273 3307/1219/273
f 2710/1222/273 2711/689/273 3309/809/273 3308/1221/273
f 2470/804/1241 3298/1223/1241 3302/707/1241 2504/696/1241
f 2720/1224/1250 3544/1227/1250 3538/1226/1250 2721/1225/1250
f 2722/1228/1251 3540/1231/1251 3545/1230/1251 2723/1229/1251
f 2723/1232/1252 3545/1235/1252 3543/1234/1252 2719/1233/1252
f 2471/740/1241 2712/1236/1241 3298/1223/1241 2470/804/1241
f 2712/1236/273 2713/1238/273 3299/1237/273 3298/1223/273
f 2713/1238/273 2714/1240/273 3300/1239/273 3299/1237/273
f 2714/1240/273 2715/693/273 3301/805/273 3300/1239/273
f 2507/741/1241 3310/1204/1241 2712/1236/1241 2471/740/1241
f 3310/1204/273 3311/1241/273 2713/1238/273 2712/1236/273
f 3311/1241/273 3312/1242/273 2714/1240/273 2713/1238/273
f 3312/1242/273 3313/692/273 2715/693/273 2714/1240/273
f 2510/737/1241 3318/1185/1241 2708/1218/1241 2473/736/1241
f 3318/1185/273 3319/1243/273 2709/1220/273 2708/1218/273
f 3319/1243/273 3320/1244/273 2710/1222/273 2709/1220/273
f 3320/1244/273 3321/688/273 2711/689/273 2710/1222/273
f 2512/733/1241 2744/1176/1241 2704/1199/1241 2475/732/1241
f 2744/1176/273 2745/1178/273 2705/1201/273 2704/1199/273
f 2745/1178/273 2746/1180/273 2706/1203/273 2705/1201/273
f 2746/1180/273 2747/684/273 2707/685/273 2706/1203/273
f 2071/47/1253 2185/1246/1253 2703/1245/1253 2699/46/1253
f 2699/46/1254 2703/1245/1254 2702/1247/1254 2698/45/1254
f 2698/45/1254 2702/1247/1254 2701/1248/1254 2697/44/1254
f 2697/44/1254 2701/1248/1254 2700/326/1254 2696/43/1254
f 2514/1249/1255 2792/1252/1255 2796/1251/1255 2170/1250/1255
f 2792/1252/296 2793/1254/296 2797/1253/296 2796/1251/296
f 2793/1254/296 2794/1256/296 2798/1255/296 2797/1253/296
f 2794/1256/296 2795/816/296 2799/730/296 2798/1255/296
f 2227/1257/1256 2752/1258/1256 2792/1252/1256 2514/1249/1256
f 2752/1258/1257 2753/1259/1257 2793/1254/1257 2792/1252/1257
f 2753/1259/1257 2754/1260/1257 2794/1256/1257 2793/1254/1257
f 2754/1260/1257 2755/815/1257 2795/816/1257 2794/1256/1257
f 2509/1261/1255 3362/1264/1255 3366/1263/1255 2156/1262/1255
f 2780/1265/1258 3607/1268/1258 3569/1267/1258 2781/1266/1258
f 2785/1269/1259 3566/1272/1259 3609/1271/1259 2784/1270/1259
f 2774/1273/1260 3575/1276/1260 3604/1275/1260 2775/1274/1260
f 2157/1277/1255 2756/1278/1255 3362/1264/1255 2509/1261/1255
f 2756/1278/1261 2757/1280/1261 3363/1279/1261 3362/1264/1261
f 2757/1280/1262 2758/1282/1262 3364/1281/1262 3363/1279/1262
f 2758/1282/1263 2759/731/1263 3365/811/1263 3364/1281/1263
f 2506/1283/1255 3354/1286/1255 3358/1285/1255 2142/1284/1255
f 2779/1287/1264 3606/1290/1264 3572/1289/1264 2778/1288/1264
f 3093/1291/1265 3600/1294/1265 3598/1293/1265 3089/1292/1265
f 2773/1295/1266 3573/1296/1266 3575/1276/1266 2774/1273/1266
f 2143/1297/1255 2760/1298/1255 3354/1286/1255 2506/1283/1255
f 2760/1298/296 2761/1300/296 3355/1299/296 3354/1286/296
f 2761/1300/296 2762/1302/296 3356/1301/296 3355/1299/296
f 2762/1302/296 2763/735/296 3357/807/296 3356/1301/296
f 2503/1303/1255 3346/1304/1255 3350/751/1255 2458/742/1255
f 2778/1288/1267 3572/1289/1267 3570/1306/1267 2777/1305/1267
f 3086/1307/1268 3597/1310/1268 3599/1309/1268 3090/1308/1268
f 2772/1311/1269 3603/1312/1269 3573/1296/1269 2773/1295/1269
f 2457/1313/1255 2764/1314/1255 3346/1304/1255 2503/1303/1255
f 2764/1314/296 2765/1316/296 3347/1315/296 3346/1304/296
f 2765/1316/296 2766/1318/296 3348/1317/296 3347/1315/296
f 2766/1318/296 2767/739/296 3349/803/296 3348/1317/296
f 2142/1284/1255 3358/1285/1255 2764/1314/1255 2457/1313/1255
f 3358/1285/296 3359/1319/296 2765/1316/296 2764/1314/296
f 3359/1319/296 3360/1320/296 2766/1318/296 2765/1316/296
f 3360/1320/296 3361/738/296 2767/739/296 2766/1318/296
f 2156/1262/1255 3366/1263/1255 2760/1298/1255 2143/1297/1255
f 3366/1263/296 3367/1321/296 2761/1300/296 2760/1298/296
f 3367/1321/296 3368/1322/296 2762/1302/296 2761/1300/296
f 3368/1322/296 3369/734/296 2763/735/296 2762/1302/296
f 2170/1250/1255 2796/1251/1255 2756/1278/1255 2157/1277/1255
f 2796/1251/296 2797/1253/296 2757/1280/296 2756/1278/296
f 2797/1253/296 2798/1255/296 2758/1282/296 2757/1280/296
f 2798/1255/296 2799/730/296 2759/731/296 2758/1282/296
f 2069/42/1270 2226/325/1270 2755/1323/1270 2751/41/1270
f 2751/41/1271 2755/1323/1271 2754/1324/1271 2750/40/1271
f 2750/40/1271 2754/1324/1271 2753/1325/1271 2749/39/1271
f 2749/39/1271 2753/1325/1271 2752/360/1271 2748/38/1271
f 2166/666/1272 2844/1327/1272 2848/1326/1272 2444/590/1272
f 2844/1327/640 2845/1329/640 2849/1328/640 2848/1326/640
f 2845/1329/640 2846/1331/640 2850/1330/640 2849/1328/640
f 2846/1331/640 2847/669/640 2851/538/640 2850/1330/640
f 2181/667/1273 2804/1332/1273 2844/1327/1273 2166/666/1273
f 2804/1332/1274 2805/1333/1274 2845/1329/1274 2844/1327/1274
f 2805/1333/1274 2806/1334/1274 2846/1331/1274 2845/1329/1274
f 2806/1334/1274 2807/668/1274 2847/669/1274 2846/1331/1274
f 2417/661/1272 2836/1336/1272 2840/1335/1272 2441/594/1272
f 2836/1336/640 2837/1338/640 2841/1337/640 2840/1335/640
f 2837/1338/640 2838/1340/640 2842/1339/640 2841/1337/640
f 2838/1340/640 2839/662/640 2843/534/640 2842/1339/640
f 2418/589/1272 2808/1341/1272 2836/1336/1272 2417/661/1272
f 2808/1341/640 2809/1342/640 2837/1338/640 2836/1336/640
f 2809/1342/640 2810/1343/640 2838/1340/640 2837/1338/640
f 2810/1343/640 2811/539/640 2839/662/640 2838/1340/640
f 2415/657/1272 3394/1345/1272 3398/1344/1272 2438/598/1272
f 2831/1346/1275 3643/1349/1275 3617/1348/1275 2830/1347/1275
f 3085/1350/1276 3637/1353/1276 3635/1352/1276 3081/1351/1276
f 2825/1354/1277 3618/1357/1277 3620/1356/1277 2826/1355/1277
f 2416/593/1272 2812/1358/1272 3394/1345/1272 2415/657/1272
f 2812/1358/640 2813/1360/640 3395/1359/640 3394/1345/640
f 2813/1360/640 2814/1362/640 3396/1361/640 3395/1359/640
f 2814/1362/640 2815/535/640 3397/658/640 3396/1361/640
f 2413/653/1272 3386/1363/1272 3390/565/1272 2435/554/1272
f 3078/1364/1278 3634/1367/1278 3636/1366/1278 3082/1365/1278
f 2824/1368/1279 3640/1369/1279 3618/1357/1279 2825/1354/1279
f 2414/597/1272 2816/1370/1272 3386/1363/1272 2413/653/1272
f 2816/1370/1280 2817/1372/1280 3387/1371/1280 3386/1363/1280
f 2817/1372/1281 2818/1374/1281 3388/1373/1281 3387/1371/1281
f 2818/1374/1282 2819/551/1282 3389/654/1282 3388/1373/1282
f 2438/598/1272 3398/1344/1272 2816/1370/1272 2414/597/1272
f 3398/1344/640 3399/1375/640 2817/1372/640 2816/1370/640
f 3399/1375/640 3400/1376/640 2818/1374/640 2817/1372/640
f 3400/1376/640 3401/550/640 2819/551/640 2818/1374/640
f 2444/590/1272 2848/1326/1272 2808/1341/1272 2418/589/1272
f 2848/1326/640 2849/1328/640 2809/1342/640 2808/1341/640
f 2849/1328/640 2850/1330/640 2810/1343/640 2809/1342/640
f 2850/1330/640 2851/538/640 2811/539/640 2810/1343/640
f 2441/594/1272 2840/1335/1272 2812/1358/1272 2416/593/1272
f 2840/1335/640 2841/1337/640 2813/1360/640 2812/1358/640
f 2841/1337/640 2842/1339/640 2814/1362/640 2813/1360/640
f 2842/1339/640 2843/534/640 2815/535/640 2814/1362/640
f 2067/37/1283 2153/1378/1283 2807/1377/1283 2803/73/1283
f 2803/73/1284 2807/1377/1284 2806/1379/1284 2802/72/1284
f 2802/72/1284 2806/1379/1284 2805/1380/1284 2801/71/1284
f 2801/71/1284 2805/1380/1284 2804/12/1284 2800/9/1284
f 2195/1381/1285 2896/1384/1285 2900/1383/1285 2443/1382/1285
f 2896/1384/1286 2897/1386/1286 2901/1385/1286 2900/1383/1286
f 2897/1386/1286 2898/1388/1286 2902/1387/1286 2901/1385/1286
f 2898/1388/1286 2899/665/1286 2903/587/1286 2902/1387/1286
f 2194/1389/1287 2856/1390/1287 2896/1384/1287 2195/1381/1287
f 2856/1390/1288 2857/1391/1288 2897/1386/1288 2896/1384/1288
f 2857/1391/1288 2858/1392/1288 2898/1388/1288 2897/1386/1288
f 2858/1392/1288 2859/664/1288 2899/665/1288 2898/1388/1288
f 2405/1393/1285 3426/1396/1285 3430/1395/1285 2440/1394/1285
f 3071/1397/1289 3659/1400/1289 3662/1399/1289 3070/1398/1289
f 2894/1401/1290 3648/1404/1290 3677/1403/1290 2895/1402/1290
f 2887/1405/1291 3673/1408/1291 3671/1407/1291 2883/1406/1291
f 2406/1409/1285 2860/1410/1285 3426/1396/1285 2405/1393/1285
f 2860/1410/1286 2861/1412/1286 3427/1411/1286 3426/1396/1286
f 2861/1412/1286 2862/1414/1286 3428/1413/1286 3427/1411/1286
f 2862/1414/1286 2863/588/1286 3429/660/1286 3428/1413/1286
f 2403/1415/1285 3418/1418/1285 3422/1417/1285 2437/1416/1285
f 2893/1419/1292 3646/1420/1292 3648/1404/1292 2894/1401/1292
f 2880/1421/1293 3670/1424/1293 3672/1423/1293 2884/1422/1293
f 2892/1425/1294 3676/1426/1294 3646/1420/1294 2893/1419/1294
f 2404/1427/1285 2864/1428/1285 3418/1418/1285 2403/1415/1285
f 2864/1428/1286 2865/1430/1286 3419/1429/1286 3418/1418/1286
f 2865/1430/1286 2866/1432/1286 3420/1431/1286 3419/1429/1286
f 2866/1432/1286 2867/592/1286 3421/656/1286 3420/1431/1286
f 2401/1433/1285 3410/1434/1285 3414/608/1285 2434/599/1285
f 2886/1435/1295 3652/1438/1295 3673/1437/1295 2887/1436/1295
f 2891/1439/1296 3675/1442/1296 3649/1441/1296 2890/1440/1296
f 2879/1443/1291 3669/1446/1291 3667/1445/1291 2875/1444/1291
f 2402/1447/1285 2868/1448/1285 3410/1434/1285 2401/1433/1285
f 2868/1448/1286 2869/1450/1286 3411/1449/1286 3410/1434/1286
f 2869/1450/1286 2870/1452/1286 3412/1451/1286 3411/1449/1286
f 2870/1452/1286 2871/596/1286 3413/652/1286 3412/1451/1286
f 2437/1416/1285 3422/1417/1285 2868/1448/1285 2402/1447/1285
f 3422/1417/1286 3423/1453/1286 2869/1450/1286 2868/1448/1286
f 3423/1453/1286 3424/1454/1286 2870/1452/1286 2869/1450/1286
f 3424/1454/1286 3425/595/1286 2871/596/1286 2870/1452/1286
f 2440/1394/1285 3430/1395/1285 2864/1428/1285 2404/1427/1285
f 3430/1395/1286 3431/1455/1286 2865/1430/1286 2864/1428/1286
f 3431/1455/1286 3432/1456/1286 2866/1432/1286 2865/1430/1286
f 3432/1456/1286 3433/591/1286 2867/592/1286 2866/1432/1286
f 2443/1382/1285 2900/1383/1285 2860/1410/1285 2406/1409/1285
f 2900/1383/1286 2901/1385/1286 2861/1412/1286 2860/1410/1286
f 2901/1385/1286 2902/1387/1286 2862/1414/1286 2861/1412/1286
f 2902/1387/1286 2903/587/1286 2863/588/1286 2862/1414/1286
f 2081/10/1297 2181/11/1297 2859/1457/1297 2855/70/1297
f 2855/70/1298 2859/1457/1298 2858/1458/1298 2854/69/1298
f 2854/69/1298 2858/1458/1298 2857/1459/1298 2853/68/1298
f 2853/68/1298 2857/1459/1298 2856/93/1298 2852/67/1298
f 2307/528/1299 2948/1461/1299 2952/1460/1299 2372/445/1299
f 2948/1461/213 2949/1463/213 2953/1462/213 2952/1460/213
f 2949/1463/213 2950/1465/213 2954/1464/213 2953/1462/213
f 2950/1465/213 2951/531/213 2955/397/213 2954/1464/213
f 2304/529/1300 2908/1466/1300 2948/1461/1300 2307/528/1300
f 2908/1466/1301 2909/1467/1301 2949/1463/1301 2948/1461/1301
f 2909/1467/1301 2910/1468/1301 2950/1465/1301 2949/1463/1301
f 2910/1468/1301 2911/530/1301 2951/531/1301 2950/1465/1301
f 2333/523/1299 3458/1470/1299 3462/1469/1299 2369/449/1299
f 2934/1471/8 3680/1474/8 3679/1473/8 2933/1472/8
f 3231/1475/1302 3698/1478/1302 3700/1477/1302 3232/1476/1302
f 3056/1479/1303 3697/1482/1303 3695/1481/1303 3055/1480/1303
f 2334/444/1299 2912/1483/1299 3458/1470/1299 2333/523/1299
f 2912/1483/213 2913/1485/213 3459/1484/213 3458/1470/213
f 2913/1485/213 2914/1487/213 3460/1486/213 3459/1484/213
f 2914/1487/213 2915/398/213 3461/524/213 3460/1486/213
f 2331/519/1110 2932/1489/1110 2936/1488/1110 2366/453/1110
f 2933/1472/1304 3679/1473/1304 3678/1491/1304 2932/1490/1304
f 3230/1492/1305 3704/1493/1305 3698/1478/1305 3231/1475/1305
f 3055/1480/1306 3695/1481/1306 3706/1495/1306 3054/1494/1306
f 2332/448/1307 2916/1496/1307 2932/1489/1307 2331/519/1307
f 2916/1496/1308 2917/1498/1308 2933/1497/1308 2932/1489/1308
f 2917/1498/1309 2918/1500/1309 2934/1499/1309 2933/1497/1309
f 2918/1500/1310 2919/402/1310 2935/520/1310 2934/1499/1310
f 2329/515/1299 3450/1501/1299 3454/420/1299 2363/409/1299
f 2932/1502/1311 3678/1505/1311 3682/1504/1311 2936/1503/1311
f 3229/1506/1312 3703/1509/1312 3701/1508/1312 3228/1507/1312
f 2947/1510/1313 3717/1513/1313 3715/1512/1313 2943/1511/1313
f 2330/452/1299 2920/1514/1299 3450/1501/1299 2329/515/1299
f 2920/1514/213 2921/1516/213 3451/1515/213 3450/1501/213
f 2921/1516/213 2922/1518/213 3452/1517/213 3451/1515/213
f 2922/1518/213 2923/406/213 3453/516/213 3452/1517/213
f 2366/453/1314 2936/1488/1314 2920/1514/1314 2330/452/1314
f 2936/1488/1315 2937/1519/1315 2921/1516/1315 2920/1514/1315
f 2937/1519/1301 2938/1520/1301 2922/1518/1301 2921/1516/1301
f 2938/1520/1316 2939/405/1316 2923/406/1316 2922/1518/1316
f 2369/449/1299 3462/1469/1299 2916/1496/1299 2332/448/1299
f 3462/1469/213 3463/1521/213 2917/1498/213 2916/1496/213
f 3463/1521/213 3464/1522/213 2918/1500/213 2917/1498/213
f 3464/1522/213 3465/401/213 2919/402/213 2918/1500/213
f 2372/445/1299 2952/1460/1299 2912/1483/1299 2334/444/1299
f 2952/1460/213 2953/1462/213 2913/1485/213 2912/1483/213
f 2953/1462/213 2954/1464/213 2914/1487/213 2913/1485/213
f 2954/1464/213 2955/397/213 2915/398/213 2914/1487/213
f 2079/66/1317 2308/1524/1317 2911/1523/1317 2907/65/1317
f 2907/65/1318 2911/1523/1318 2910/1525/1318 2906/64/1318
f 2906/64/1318 2910/1525/1318 2909/1526/1318 2905/63/1318
f 2905/63/1318 2909/1526/1318 2908/244/1318 2904/62/1318
f 2302/1527/1319 3000/1530/1319 3004/1529/1319 2371/1528/1319
f 3000/1530/228 3001/1532/228 3005/1531/228 3004/1529/228
f 3001/1532/228 3002/1534/228 3006/1533/228 3005/1531/228
f 3002/1534/228 3003/527/228 3007/442/228 3006/1533/228
f 2303/1535/1320 2960/1536/1320 3000/1530/1320 2302/1527/1320
f 2960/1536/1321 2961/1537/1321 3001/1532/1321 3000/1530/1321
f 2961/1537/1321 2962/1538/1321 3002/1534/1321 3001/1532/1321
f 2962/1538/1321 2963/526/1321 3003/527/1321 3002/1534/1321
f 2321/1539/1319 3498/1542/1319 3502/1541/1319 2368/1540/1319
f 3030/1543/1322 3752/1546/1322 3754/1545/1322 3034/1544/1322
f 2977/1547/1323 3733/1550/1323 3760/1549/1323 2976/1548/1323
f 3492/1551/1324 3720/1554/1324 3731/1553/1324 2986/1552/1324
f 2322/1555/1319 2964/1556/1319 3498/1542/1319 2321/1539/1319
f 2964/1556/228 2965/1558/228 3499/1557/228 3498/1542/228
f 2965/1558/228 2966/1560/228 3500/1559/228 3499/1557/228
f 2966/1560/228 2967/443/228 3501/522/228 3500/1559/228
f 2319/1561/1319 3490/1564/1319 3494/1563/1319 2365/1562/1319
f 3036/1565/1325 3738/1568/1325 3755/1567/1325 3037/1566/1325
f 3495/1569/1326 3722/1572/1326 3723/1571/1326 3496/1570/1326
f 3035/1573/1327 3736/1574/1327 3738/1568/1327 3036/1565/1327
f 2320/1575/1319 2968/1576/1319 3490/1564/1319 2319/1561/1319
f 2968/1576/228 2969/1578/228 3491/1577/228 3490/1564/228
f 2969/1578/1328 2970/1580/1328 3492/1579/1328 3491/1577/1328
f 2970/1580/1329 2971/447/1329 3493/518/1329 3492/1579/1329
f 2317/1581/1319 3482/1582/1319 3486/463/1319 2362/454/1319
f 3062/1583/1322 3740/1586/1322 3744/1585/1322 3066/1584/1322
f 3034/1587/1330 3754/1588/1330 3736/1574/1330 3035/1573/1330
f 3068/1589/1331 3746/1592/1331 3747/1591/1331 3069/1590/1331
f 2318/1593/1319 2972/1594/1319 3482/1582/1319 2317/1581/1319
f 2972/1594/228 2973/1596/228 3483/1595/228 3482/1582/228
f 2973/1596/1328 2974/1598/1328 3484/1597/1328 3483/1595/1328
f 2974/1598/1329 2975/451/1329 3485/514/1329 3484/1597/1329
f 2365/1562/1319 3494/1563/1319 2972/1594/1319 2318/1593/1319
f 3494/1563/1332 3495/1599/1332 2973/1596/1332 2972/1594/1332
f 3495/1599/1333 3496/1600/1333 2974/1598/1333 2973/1596/1333
f 3496/1600/1334 3497/450/1334 2975/451/1334 2974/1598/1334
f 2368/1540/1319 3502/1541/1319 2968/1576/1319 2320/1575/1319
f 3502/1541/228 3503/1601/228 2969/1578/228 2968/1576/228
f 3503/1601/228 3504/1602/228 2970/1580/228 2969/1578/228
f 3504/1602/228 3505/446/228 2971/447/228 2970/1580/228
f 2371/1528/1319 3004/1529/1319 2964/1556/1319 2322/1555/1319
f 3004/1529/228 3005/1531/228 2965/1558/228 2964/1556/228
f 3005/1531/228 3006/1533/228 2966/1560/228 2965/1558/228
f 3006/1533/228 3007/442/228 2967/443/228 2966/1560/228
f 2077/61/1335 2304/243/1335 2963/1603/1335 2959/60/1335
f 2959/60/1336 2963/1603/1336 2962/1604/1336 2958/59/1336
f 2958/59/1336 2962/1604/1336 2961/1605/1336 2957/58/1336
f 2957/58/1336 2961/1605/1336 2960/364/1336 2956/57/1336
f 2497/781/1255 3330/782/1255 3334/769/1255 2462/761/1255
f 2787/1606/1337 3610/1609/1337 3564/1608/1337 3365/1607/1337
f 2777/1305/1338 3570/1306/1338 3605/1611/1338 2776/1610/1338
f 3092/1612/1339 3583/1615/1339 3600/1614/1339 3093/1613/1339
f 2466/786/1241 3282/787/1241 3286/729/1241 2498/719/1241
f 3019/1616/1340 3519/1619/1340 3517/1618/1340 3018/1617/1340
f 3021/1620/1341 3514/1623/1341 3516/1622/1341 3022/1621/1341
f 3016/1624/1342 3518/1627/1342 3520/1626/1342 3020/1625/1342
f 2409/635/1343 3024/637/1343 3027/586/1343 2429/577/1343
f 3024/637/640 3025/638/640 3028/585/640 3027/586/640
f 3025/638/640 3026/639/640 3029/584/640 3028/585/640
f 2313/493/1319 3466/494/1319 3470/481/1319 2356/473/1319
f 2991/1628/1344 3767/1631/1344 3765/1630/1344 2987/1629/1344
f 3033/1632/1345 3753/1635/1345 3739/1634/1345 3032/1633/1345
f 3493/1636/1346 3721/1639/1346 3720/1638/1346 3492/1637/1346
f 2325/498/1347 3038/499/1347 3041/441/1347 2357/432/1347
f 3038/499/213 3039/500/213 3042/440/213 3041/441/213
f 3039/500/213 3040/501/213 3043/439/213 3042/440/213
f 2429/577/1348 2634/893/1348 3052/894/1348 3049/636/1348
f 3049/636/377 3052/894/377 3051/895/377 3048/1640/377
f 3048/1640/377 3051/895/377 3050/896/377 3047/969/377
f 2397/631/1349 3044/632/1349 3047/969/1349 2428/970/1349
f 3044/632/1350 3045/633/1350 3048/1640/1350 3047/969/1350
f 3045/633/1350 3046/634/1350 3049/636/1350 3048/1640/1350
f 2327/508/1299 3442/509/1299 3446/431/1299 2360/421/1299
f 3228/1507/1303 3701/1508/1303 3699/1642/1303 3227/1641/1303
f 2940/1643/1351 3714/1646/1351 3716/1645/1351 2944/1644/1351
f 3227/1641/1352 3699/1642/1352 3702/1648/1352 3226/1647/1352
f 2315/503/1353 3062/504/1353 3066/472/1353 2359/464/1353
f 3067/1649/1327 3745/1650/1327 3746/1592/1327 3068/1589/1327
f 2984/1651/1322 3764/1654/1322 3766/1653/1322 2988/1652/1322
f 3032/1633/1354 3739/1634/1354 3737/1656/1354 3031/1655/1354
f 2399/641/1285 3402/642/1285 3406/617/1285 2431/609/1285
f 2885/1657/1292 3650/1658/1292 3652/1438/1292 2886/1435/1292
f 2890/1440/1355 3649/1441/1355 3647/1660/1355 2889/1659/1355
f 2872/1661/1293 3666/1664/1293 3668/1663/1293 2876/1662/1293
f 2411/646/1272 3378/647/1272 3382/576/1272 2432/566/1272
f 2829/1665/1356 3615/1668/1356 3642/1667/1356 2828/1666/1356
f 3084/1669/1357 3624/1672/1357 3637/1671/1357 3085/1670/1357
f 2823/1673/1358 3639/1676/1358 3621/1675/1358 2822/1674/1358
f 2500/792/1255 3338/793/1255 3342/760/1255 2460/752/1255
f 2771/1677/1359 3602/1680/1359 3576/1679/1359 2770/1678/1359
f 3015/1681/1265 3596/1684/1265 3594/1683/1265 3011/1682/1265
f 3091/1685/1266 3581/1686/1266 3583/1615/1266 3092/1612/1266
f 2468/797/1241 3290/798/1241 3294/718/1241 2501/708/1241
f 3517/1618/8 3533/1689/8 3531/1688/8 3515/1687/8
f 3515/1687/1360 3531/1688/1360 3534/1691/1360 3518/1690/1360
f 3094/1692/1361 3526/1695/1361 3528/1694/1361 3098/1693/1361
f 2637/885/185 2645/885/185 3126/885/185 3122/885/185
f 3122/885/185 3126/885/185 3127/885/185 3123/885/185
f 3123/885/185 3127/885/185 3128/885/185 3124/885/185
f 3124/885/185 3128/885/185 3129/885/185 3125/885/185
f 2531/885/1362 2637/885/1362 3122/885/1362 3118/885/1362
f 3118/885/341 3122/885/341 3123/885/341 3119/885/341
f 3119/885/341 3123/885/341 3124/885/341 3120/885/341
f 3120/885/341 3124/885/341 3125/885/341 3121/885/341
f 2070/1043/1363 2531/1044/1363 3118/1697/1363 3102/1696/1363
f 3102/1696/1364 3118/1697/1364 3119/1699/1364 3103/1698/1364
f 3103/1698/1364 3119/1699/1364 3120/1701/1364 3104/1700/1364
f 3104/1700/1364 3120/1701/1364 3121/1027/1364 3105/1024/1364
f 2494/776/1255 3322/777/1255 3326/1703/1255 2199/1702/1255
f 2770/1678/1267 3576/1679/1267 3574/1705/1267 2769/1704/1267
f 3008/1706/1268 3593/1709/1268 3595/1708/1268 3012/1707/1268
f 3363/1710/1365 3562/1713/1365 3566/1712/1365 2785/1711/1365
f 2199/1702/1366 3326/1703/1366 3109/1715/1366 2212/1714/1366
f 3326/1703/1367 3327/1717/1367 3108/1716/1367 3109/1715/1367
f 3327/1717/1367 3328/1719/1367 3107/1718/1367 3108/1716/1367
f 3328/1719/1367 3329/676/1367 3106/677/1367 3107/1718/1367
f 2068/1720/1368 2212/1723/1368 3109/1722/1368 3105/1721/1368
f 3105/1721/1369 3109/1722/1369 3108/1725/1369 3104/1724/1369
f 3104/1724/1369 3108/1725/1369 3107/1727/1369 3103/1726/1369
f 3103/1726/1369 3107/1727/1369 3106/352/1369 3102/349/1369
f 2533/885/1370 2639/885/1370 3150/885/1370 3146/885/1370
f 3146/885/351 3150/885/351 3151/885/351 3147/885/351
f 3147/885/351 3151/885/351 3152/885/351 3148/885/351
f 3148/885/351 3152/885/351 3153/885/351 3149/885/351
f 2639/885/185 2647/885/185 3154/885/185 3150/885/185
f 3150/885/185 3154/885/185 3155/885/185 3151/885/185
f 3151/885/185 3155/885/185 3156/885/185 3152/885/185
f 3152/885/185 3156/885/185 3157/885/185 3153/885/185
f 2072/1728/1371 2533/1731/1371 3146/1730/1371 3130/1729/1371
f 3130/1729/1372 3146/1730/1372 3147/1733/1372 3131/1732/1372
f 3131/1732/1372 3147/1733/1372 3148/1735/1372 3132/1734/1372
f 3132/1734/1372 3148/1735/1372 3149/1045/1372 3133/1042/1372
f 2464/770/1241 3274/771/1241 3278/1736/1241 2495/679/1241
f 3144/1737/1373 3508/1740/1373 3513/1739/1373 3145/1738/1373
f 3145/1741/1374 3513/1744/1374 3511/1743/1374 3141/1742/1374
f 3139/1745/1375 3507/1748/1375 3510/1747/1375 3138/1746/1375
f 2495/679/1376 3278/1736/1376 3137/1749/1376 2213/678/1376
f 3278/1736/1377 3279/1751/1377 3136/1750/1377 3137/1749/1377
f 3279/1751/1377 3280/1753/1377 3135/1752/1377 3136/1750/1377
f 3280/1753/1377 3281/680/1377 3134/681/1377 3135/1752/1377
f 2070/350/1378 2213/351/1378 3137/1755/1378 3133/1754/1378
f 3133/1754/1379 3137/1755/1379 3136/1757/1379 3132/1756/1379
f 3132/1756/1379 3136/1757/1379 3135/1759/1379 3131/1758/1379
f 3131/1758/1379 3135/1759/1379 3134/298/1379 3130/295/1379
f 2638/885/185 2646/885/185 3182/885/185 3178/885/185
f 3178/885/185 3182/885/185 3183/885/185 3179/885/185
f 3179/885/185 3183/885/185 3184/885/185 3180/885/185
f 3180/885/185 3184/885/185 3185/885/185 3181/885/185
f 2532/885/1380 2638/885/1380 3178/885/1380 3174/885/1380
f 3174/885/362 3178/885/362 3179/885/362 3175/885/362
f 3175/885/362 3179/885/362 3180/885/362 3176/885/362
f 3176/885/362 3180/885/362 3181/885/362 3177/885/362
f 2082/83/1381 2180/84/1381 3165/1761/1381 3161/1760/1381
f 3161/1760/1382 3165/1761/1382 3164/1763/1382 3160/1762/1382
f 3160/1762/1382 3164/1763/1382 3163/1765/1382 3159/1764/1382
f 3159/1764/1382 3163/1765/1382 3162/675/1382 3158/672/1382
f 2407/620/1383 3370/621/1383 3374/1766/1383 2426/545/1383
f 3173/1767/1276 3633/1770/1276 3631/1769/1276 3169/1768/1276
f 3083/1771/1277 3622/1772/1277 3624/1672/1277 3084/1669/1277
f 3166/1773/1278 3630/1776/1278 3632/1775/1278 3170/1774/1278
f 2426/545/1384 3374/1766/1384 3165/1777/1384 2180/544/1384
f 3374/1766/1385 3375/1779/1385 3164/1778/1385 3165/1777/1385
f 3375/1779/1385 3376/1781/1385 3163/1780/1385 3164/1778/1385
f 3376/1781/1385 3377/546/1385 3162/547/1385 3163/1780/1385
f 2068/1782/1386 2532/1785/1386 3174/1784/1386 3158/1783/1386
f 3158/1783/1387 3174/1784/1387 3175/1787/1387 3159/1786/1387
f 3159/1786/1388 3175/1787/1388 3176/1789/1388 3160/1788/1388
f 3160/1788/1387 3176/1789/1387 3177/218/1387 3161/215/1387
f 2644/885/185 2652/885/185 3214/885/185 3210/885/185
f 3210/885/185 3214/885/185 3215/885/185 3211/885/185
f 3211/885/185 3215/885/185 3216/885/185 3212/885/185
f 3212/885/185 3216/885/185 3217/885/185 3213/885/185
f 2538/885/1389 2644/885/1389 3210/885/1389 3202/885/1389
f 3202/885/373 3210/885/373 3211/885/373 3203/885/373
f 3203/885/373 3211/885/373 3212/885/373 3204/885/373
f 3204/885/373 3212/885/373 3213/885/373 3205/885/373
f 2082/216/1390 2538/217/1390 3202/1791/1390 3186/1790/1390
f 3186/1790/1391 3202/1791/1391 3203/1793/1391 3187/1792/1391
f 3187/1792/1391 3203/1793/1391 3204/1795/1391 3188/1794/1391
f 3188/1794/1391 3204/1795/1391 3205/1121/1391 3189/1118/1391
f 2395/1796/1392 2628/1799/1392 3206/1798/1392 3194/1797/1392
f 3194/1797/30 3206/1798/30 3207/1801/30 3195/1800/30
f 3195/1800/30 3207/1801/30 3208/1803/30 3196/1802/30
f 3196/1802/30 3208/1803/30 3209/936/30 3197/933/30
f 2395/1804/1393 3194/1807/1393 3198/1806/1393 2425/1805/1393
f 3194/1807/1394 3195/1809/1394 3199/1808/1394 3198/1806/1394
f 3195/1809/1394 3196/1811/1394 3200/1810/1394 3199/1808/1394
f 3196/1811/1394 3197/630/1394 3201/542/1394 3200/1810/1394
f 2425/1805/1395 3198/1806/1395 3193/1813/1395 2167/1812/1395
f 3198/1806/1396 3199/1808/1396 3192/1814/1396 3193/1813/1396
f 3199/1808/1396 3200/1810/1396 3191/1815/1396 3192/1814/1396
f 3200/1810/1396 3201/542/1396 3190/543/1396 3191/1815/1396
f 2080/1816/1397 2167/1819/1397 3193/1818/1397 3189/1817/1397
f 3189/1817/1398 3193/1818/1398 3192/1821/1398 3188/1820/1398
f 3188/1820/1398 3192/1821/1398 3191/1823/1398 3187/1822/1398
f 3187/1822/1398 3191/1823/1398 3190/85/1398 3186/82/1398
f 2643/885/185 2651/885/185 3242/885/185 3238/885/185
f 3238/885/185 3242/885/185 3243/885/185 3239/885/185
f 3239/885/185 3243/885/185 3244/885/185 3240/885/185
f 3240/885/185 3244/885/185 3245/885/185 3241/885/185
f 2537/885/1399 2643/885/1399 3238/885/1399 3234/885/1399
f 3234/885/385 3238/885/385 3239/885/385 3235/885/385
f 3235/885/385 3239/885/385 3240/885/385 3236/885/385
f 3236/885/385 3240/885/385 3241/885/385 3237/885/385
f 2080/1824/1400 2537/1827/1400 3234/1826/1400 3218/1825/1400
f 3218/1825/1401 3234/1826/1401 3235/1829/1401 3219/1828/1401
f 3219/1828/1401 3235/1829/1401 3236/1831/1401 3220/1830/1401
f 3220/1830/1401 3236/1831/1401 3237/1107/1401 3221/1104/1401
f 2323/482/1299 3434/483/1299 3438/1832/1299 2354/392/1299
f 2946/1833/1402 3688/1836/1402 3717/1835/1402 2947/1834/1402
f 2931/1837/1313 3713/1840/1313 3711/1839/1313 2927/1838/1313
f 2945/1841/1302 3686/1842/1302 3688/1836/1302 2946/1833/1302
f 2354/392/1403 3438/1832/1403 3225/1843/1403 2305/391/1403
f 3438/1832/1309 3439/1845/1309 3224/1844/1309 3225/1843/1309
f 3439/1845/1309 3440/1847/1309 3223/1846/1309 3224/1844/1309
f 3440/1847/1309 3441/393/1309 3222/394/1309 3223/1846/1309
f 2078/330/1404 2305/331/1404 3225/1849/1404 3221/1848/1404
f 3221/1848/1405 3225/1849/1405 3224/1851/1405 3220/1850/1405
f 3220/1850/1405 3224/1851/1405 3223/1853/1405 3219/1852/1405
f 3219/1852/1405 3223/1853/1405 3222/137/1405 3218/134/1405
f 2642/885/185 2650/885/185 3270/885/185 3266/885/185
f 3266/885/185 3270/885/185 3271/885/185 3267/885/185
f 3267/885/185 3271/885/185 3272/885/185 3268/885/185
f 3268/885/185 3272/885/185 3273/885/185 3269/885/185
f 2536/885/1406 2642/885/1406 3266/885/1406 3262/885/1406
f 3262/885/394 3266/885/394 3267/885/394 3263/885/394
f 3263/885/394 3267/885/394 3268/885/394 3264/885/394
f 3264/885/394 3268/885/394 3269/885/394 3265/885/394
f 2078/1105/1407 2536/1106/1407 3262/1855/1407 3246/1854/1407
f 3246/1854/1408 3262/1855/1408 3263/1857/1408 3247/1856/1408
f 3247/1856/1408 3263/1857/1408 3264/1859/1408 3248/1858/1408
f 3248/1858/1408 3264/1859/1408 3265/1093/1408 3249/1090/1408
f 2311/488/1319 3474/489/1319 3478/1861/1319 2353/1860/1319
f 3066/1862/1409 3744/1863/1409 3745/1650/1409 3067/1649/1409
f 2990/1864/1410 3730/1867/1410 3767/1866/1410 2991/1865/1410
f 3031/1655/1411 3737/1656/1411 3752/1869/1411 3030/1868/1411
f 2353/1860/1412 3478/1861/1412 3253/1871/1412 2306/1870/1412
f 3478/1861/1413 3479/1873/1413 3252/1872/1413 3253/1871/1413
f 3479/1873/1413 3480/1875/1413 3251/1874/1413 3252/1872/1413
f 3480/1875/1413 3481/389/1413 3250/390/1413 3251/1874/1413
f 2076/1876/1414 2306/1879/1414 3253/1878/1414 3249/1877/1414
f 3249/1877/1415 3253/1878/1415 3252/1881/1415 3248/1880/1415
f 3248/1880/1415 3252/1881/1415 3251/1883/1415 3247/1882/1415
f 3247/1882/1415 3251/1883/1415 3250/332/1415 3246/329/1415
f 3138/1884/1416 3274/771/1416 3275/772/1416 3139/1885/1416
f 3139/1885/1417 3275/772/1417 3276/773/1417 3140/1886/1417
f 3140/1886/1418 3276/773/1418 3277/774/1418 3141/1887/1418
f 3143/1888/1419 3279/1751/1419 3278/1736/1419 3142/1889/1419
f 3144/1890/1420 3280/1753/1420 3279/1751/1420 3143/1888/1420
f 3145/1891/1421 3281/680/1421 3280/1753/1421 3144/1890/1421
f 3142/1889/1422 3278/1736/1422 3274/771/1422 3138/1884/1422
f 3141/1887/1423 3277/774/1423 3281/680/1423 3145/1891/1423
f 3016/1892/1424 3282/787/1424 3283/788/1424 3017/1893/1424
f 3017/1893/1425 3283/788/1425 3284/789/1425 3018/1894/1425
f 3018/1894/1426 3284/789/1426 3285/790/1426 3019/1895/1426
f 3021/1896/1427 3287/728/1427 3286/729/1427 3020/1897/1427
f 3022/1898/1428 3288/727/1428 3287/728/1428 3021/1896/1428
f 3023/1899/1429 3289/726/1429 3288/727/1429 3022/1898/1429
f 3020/1897/1430 3286/729/1430 3282/787/1430 3016/1892/1430
f 3019/1895/1431 3285/790/1431 3289/726/1431 3023/1899/1431
f 3094/1900/1432 3290/798/1432 3291/799/1432 3095/1901/1432
f 3095/1901/1433 3291/799/1433 3292/800/1433 3096/1902/1433
f 3096/1902/1434 3292/800/1434 3293/801/1434 3097/1903/1434
f 3099/1904/1435 3295/717/1435 3294/718/1435 3098/1905/1435
f 3100/1906/1436 3296/716/1436 3295/717/1436 3099/1904/1436
f 3101/1907/1437 3297/715/1437 3296/716/1437 3100/1906/1437
f 3098/1905/1438 3294/718/1438 3290/798/1438 3094/1900/1438
f 3097/1903/1439 3293/801/1439 3297/715/1439 3101/1907/1439
f 2716/1908/1440 3298/1223/1440 3299/1237/1440 2717/1909/1440
f 2717/1909/1441 3299/1237/1441 3300/1239/1441 2718/1910/1441
f 2718/1910/1442 3300/1239/1442 3301/805/1442 2719/1911/1442
f 2721/1912/1443 3303/706/1443 3302/707/1443 2720/1913/1443
f 2722/1914/1444 3304/705/1444 3303/706/1444 2721/1912/1444
f 2723/1915/1445 3305/704/1445 3304/705/1445 2722/1914/1445
f 2720/1913/1446 3302/707/1446 3298/1223/1446 2716/1908/1446
f 2719/1911/1447 3301/805/1447 3305/704/1447 2723/1915/1447
f 2724/1916/1448 3306/1205/1448 3307/1219/1448 2725/1917/1448
f 2725/1917/1449 3307/1219/1449 3308/1221/1449 2726/1918/1449
f 2726/1918/1450 3308/1221/1450 3309/809/1450 2727/1919/1450
f 2729/1920/1451 3311/1241/1451 3310/1204/1451 2728/1921/1451
f 2730/1922/1452 3312/1242/1452 3311/1241/1452 2729/1920/1452
f 2731/1923/1453 3313/692/1453 3312/1242/1453 2730/1922/1453
f 2728/1921/1454 3310/1204/1454 3306/1205/1454 2724/1916/1454
f 2727/1919/1455 3309/809/1455 3313/692/1455 2731/1923/1455
f 2732/1924/1456 3314/1186/1456 3315/1200/1456 2733/1925/1456
f 2733/1925/1457 3315/1200/1457 3316/1202/1457 2734/1926/1457
f 2734/1926/1458 3316/1202/1458 3317/813/1458 2735/1927/1458
f 2737/1928/1459 3319/1243/1459 3318/1185/1459 2736/1929/1459
f 2738/1930/1460 3320/1244/1460 3319/1243/1460 2737/1928/1460
f 2739/1931/1461 3321/688/1461 3320/1244/1461 2738/1930/1461
f 2736/1929/1462 3318/1185/1462 3314/1186/1462 2732/1924/1462
f 2735/1927/1463 3317/813/1463 3321/688/1463 2739/1931/1463
f 3110/1932/1464 3322/777/1464 3323/778/1464 3111/1933/1464
f 3111/1933/1465 3323/778/1465 3324/779/1465 3112/1934/1465
f 3112/1934/1466 3324/779/1466 3325/780/1466 3113/1935/1466
f 3115/1936/1467 3327/1717/1467 3326/1703/1467 3114/1937/1467
f 3116/1938/1468 3328/1719/1468 3327/1717/1468 3115/1936/1468
f 3117/1939/1469 3329/676/1469 3328/1719/1469 3116/1938/1469
f 3114/1937/1470 3326/1703/1470 3322/777/1470 3110/1932/1470
f 3113/1935/1471 3325/780/1471 3329/676/1471 3117/1939/1471
f 3008/1940/1472 3330/782/1472 3331/783/1472 3009/1941/1472
f 3009/1941/1473 3331/783/1473 3332/784/1473 3010/1942/1473
f 3010/1942/1474 3332/784/1474 3333/785/1474 3011/1943/1474
f 3013/1944/1475 3335/768/1475 3334/769/1475 3012/1945/1475
f 3014/1946/1476 3336/767/1476 3335/768/1476 3013/1944/1476
f 3015/1947/1477 3337/766/1477 3336/767/1477 3014/1946/1477
f 3012/1945/1478 3334/769/1478 3330/782/1478 3008/1940/1478
f 3011/1943/1479 3333/785/1479 3337/766/1479 3015/1947/1479
f 3086/1948/1480 3338/793/1480 3339/794/1480 3087/1949/1480
f 3087/1949/1481 3339/794/1481 3340/795/1481 3088/1950/1481
f 3088/1950/1482 3340/795/1482 3341/796/1482 3089/1951/1482
f 3091/1952/1483 3343/759/1483 3342/760/1483 3090/1953/1483
f 3092/1954/1484 3344/758/1484 3343/759/1484 3091/1952/1484
f 3093/1955/1485 3345/757/1485 3344/758/1485 3092/1954/1485
f 3090/1953/1486 3342/760/1486 3338/793/1486 3086/1948/1486
f 3089/1951/1487 3341/796/1487 3345/757/1487 3093/1955/1487
f 2768/1956/1488 3346/1304/1488 3347/1315/1488 2769/1957/1488
f 2769/1957/1489 3347/1315/1489 3348/1317/1489 2770/1958/1489
f 2770/1958/1490 3348/1317/1490 3349/803/1490 2771/1959/1490
f 2773/1960/1491 3351/750/1491 3350/751/1491 2772/1961/1491
f 2774/1962/1492 3352/749/1492 3351/750/1492 2773/1960/1492
f 2775/1963/1493 3353/748/1493 3352/749/1493 2774/1962/1493
f 2772/1961/1494 3350/751/1494 3346/1304/1494 2768/1956/1494
f 2771/1959/1495 3349/803/1495 3353/748/1495 2775/1963/1495
f 2776/1964/1496 3354/1286/1496 3355/1299/1496 2777/1965/1496
f 2777/1965/1497 3355/1299/1497 3356/1301/1497 2778/1966/1497
f 2778/1966/1498 3356/1301/1498 3357/807/1498 2779/1967/1498
f 2781/1968/1499 3359/1319/1499 3358/1285/1499 2780/1969/1499
f 2782/1970/1500 3360/1320/1500 3359/1319/1500 2781/1968/1500
f 2783/1971/1501 3361/738/1501 3360/1320/1501 2782/1970/1501
f 2780/1969/1502 3358/1285/1502 3354/1286/1502 2776/1964/1502
f 2779/1967/1503 3357/807/1503 3361/738/1503 2783/1971/1503
f 2784/1972/1504 3362/1264/1504 3363/1279/1504 2785/1973/1504
f 3090/1974/1505 3599/1975/1505 3581/1686/1505 3091/1685/1505
f 2769/1704/1506 3574/1705/1506 3601/1977/1506 2768/1976/1506
f 2789/1978/1507 3367/1321/1507 3366/1263/1507 2788/1979/1507
f 2790/1980/1508 3368/1322/1508 3367/1321/1508 2789/1978/1508
f 2791/1981/1509 3369/734/1509 3368/1322/1509 2790/1980/1509
f 2788/1979/1510 3366/1263/1510 3362/1264/1510 2784/1972/1510
f 2787/1982/1511 3365/811/1511 3369/734/1511 2791/1981/1511
f 3166/1983/1512 3370/621/1512 3371/622/1512 3167/1984/1512
f 3167/1984/1513 3371/622/1513 3372/623/1513 3168/1985/1513
f 3168/1985/1514 3372/623/1514 3373/624/1514 3169/1986/1514
f 3171/1987/1515 3375/1779/1515 3374/1766/1515 3170/1988/1515
f 3172/1989/1516 3376/1781/1516 3375/1779/1516 3171/1987/1516
f 3173/1990/1517 3377/546/1517 3376/1781/1517 3172/1989/1517
f 3170/1988/1518 3374/1766/1518 3370/621/1518 3166/1983/1518
f 3169/1986/1519 3373/624/1519 3377/546/1519 3173/1990/1519
f 3078/1991/1520 3378/647/1520 3379/648/1520 3079/1992/1520
f 3079/1992/1521 3379/648/1521 3380/649/1521 3080/1993/1521
f 3080/1993/1522 3380/649/1522 3381/650/1522 3081/1994/1522
f 3083/1995/1523 3383/575/1523 3382/576/1523 3082/1996/1523
f 3084/1997/1524 3384/574/1524 3383/575/1524 3083/1995/1524
f 3085/1998/1525 3385/573/1525 3384/574/1525 3084/1997/1525
f 3082/1996/1526 3382/576/1526 3378/647/1526 3078/1991/1526
f 3081/1994/1527 3381/650/1527 3385/573/1527 3085/1998/1527
f 2820/1999/1528 3386/1363/1528 3387/1371/1528 2821/2000/1528
f 3082/2001/1529 3636/2002/1529 3622/1772/1529 3083/1771/1529
f 2822/2003/1530 3388/1373/1530 3389/654/1530 2823/2004/1530
f 2825/2005/1531 3391/564/1531 3390/565/1531 2824/2006/1531
f 2826/2007/1532 3392/563/1532 3391/564/1532 2825/2005/1532
f 2827/2008/1533 3393/562/1533 3392/563/1533 2826/2007/1533
f 2824/2006/1534 3390/565/1534 3386/1363/1534 2820/1999/1534
f 2823/2004/1535 3389/654/1535 3393/562/1535 2827/2008/1535
f 2828/2009/1536 3394/1345/1536 3395/1359/1536 2829/2010/1536
f 2829/2010/1537 3395/1359/1537 3396/1361/1537 2830/2011/1537
f 2830/2011/1538 3396/1361/1538 3397/658/1538 2831/2012/1538
f 2833/2013/1539 3399/1375/1539 3398/1344/1539 2832/2014/1539
f 2834/2015/1540 3400/1376/1540 3399/1375/1540 2833/2013/1540
f 2835/2016/1541 3401/550/1541 3400/1376/1541 2834/2015/1541
f 2832/2014/1542 3398/1344/1542 3394/1345/1542 2828/2009/1542
f 2831/2012/1543 3397/658/1543 3401/550/1543 2835/2016/1543
f 3070/2017/1544 3402/642/1544 3403/643/1544 3071/2018/1544
f 3071/2018/1545 3403/643/1545 3404/644/1545 3072/2019/1545
f 3072/2019/1546 3404/644/1546 3405/645/1546 3073/2020/1546
f 3075/2021/1547 3407/616/1547 3406/617/1547 3074/2022/1547
f 3076/2023/1548 3408/615/1548 3407/616/1548 3075/2021/1548
f 3077/2024/1549 3409/614/1549 3408/615/1549 3076/2023/1549
f 3074/2022/1550 3406/617/1550 3402/642/1550 3070/2017/1550
f 3073/2020/1551 3405/645/1551 3409/614/1551 3077/2024/1551
f 2872/2025/1552 3410/1434/1552 3411/1449/1552 2873/2026/1552
f 2873/2026/1553 3411/1449/1553 3412/1451/1553 2874/2027/1553
f 2874/2027/1554 3412/1451/1554 3413/652/1554 2875/2028/1554
f 2877/2029/1555 3415/607/1555 3414/608/1555 2876/2030/1555
f 2878/2031/1556 3416/606/1556 3415/607/1556 2877/2029/1556
f 2879/2032/1557 3417/605/1557 3416/606/1557 2878/2031/1557
f 2876/2030/1558 3414/608/1558 3410/1434/1558 2872/2025/1558
f 2875/2028/1559 3413/652/1559 3417/605/1559 2879/2032/1559
f 2880/2033/1560 3418/1418/1560 3419/1429/1560 2881/2034/1560
f 2881/2034/1561 3419/1429/1561 3420/1431/1561 2882/2035/1561
f 2882/2035/1562 3420/1431/1562 3421/656/1562 2883/2036/1562
f 2885/2037/1563 3423/1453/1563 3422/1417/1563 2884/2038/1563
f 2886/2039/1564 3424/1454/1564 3423/1453/1564 2885/2037/1564
f 2887/2040/1565 3425/595/1565 3424/1454/1565 2886/2039/1565
f 2884/2038/1566 3422/1417/1566 3418/1418/1566 2880/2033/1566
f 2883/2036/1567 3421/656/1567 3425/595/1567 2887/2040/1567
f 2888/2041/1568 3426/1396/1568 3427/1411/1568 2889/2042/1568
f 2889/2042/1569 3427/1411/1569 3428/1413/1569 2890/2043/1569
f 2890/2043/1570 3428/1413/1570 3429/660/1570 2891/2044/1570
f 2893/2045/1571 3431/1455/1571 3430/1395/1571 2892/2046/1571
f 2894/2047/1572 3432/1456/1572 3431/1455/1572 2893/2045/1572
f 2895/2048/1573 3433/591/1573 3432/1456/1573 2894/2047/1573
f 2892/2046/1574 3430/1395/1574 3426/1396/1574 2888/2041/1574
f 2891/2044/1575 3429/660/1575 3433/591/1575 2895/2048/1575
f 3226/2049/1576 3434/483/1576 3435/484/1576 3227/2050/1576
f 3227/2050/1577 3435/484/1577 3436/485/1577 3228/2051/1577
f 3228/2051/1578 3436/485/1578 3437/486/1578 3229/2052/1578
f 3231/2053/1579 3439/1845/1579 3438/1832/1579 3230/2054/1579
f 3232/2055/1580 3440/1847/1580 3439/1845/1580 3231/2053/1580
f 3233/2056/1581 3441/393/1581 3440/1847/1581 3232/2055/1581
f 3230/2054/1582 3438/1832/1582 3434/483/1582 3226/2049/1582
f 3229/2052/1583 3437/486/1583 3441/393/1583 3233/2056/1583
f 3054/2057/1584 3442/509/1584 3443/510/1584 3055/2058/1584
f 3055/2058/1585 3443/510/1585 3444/511/1585 3056/2059/1585
f 3056/2059/1586 3444/511/1586 3445/512/1586 3057/2060/1586
f 3059/2061/1587 3447/430/1587 3446/431/1587 3058/2062/1587
f 3060/2063/1588 3448/429/1588 3447/430/1588 3059/2061/1588
f 3061/2064/1589 3449/428/1589 3448/429/1589 3060/2063/1589
f 3058/2062/1590 3446/431/1590 3442/509/1590 3054/2057/1590
f 3057/2060/1591 3445/512/1591 3449/428/1591 3061/2064/1591
f 2924/2065/1592 3450/1501/1592 3451/1515/1592 2925/2066/1592
f 2925/2066/1593 3451/1515/1593 3452/1517/1593 2926/2067/1593
f 2926/2067/1594 3452/1517/1594 3453/516/1594 2927/2068/1594
f 2929/2069/1595 3455/419/1595 3454/420/1595 2928/2070/1595
f 2930/2071/1596 3456/418/1596 3455/419/1596 2929/2069/1596
f 2931/2072/1597 3457/417/1597 3456/418/1597 2930/2071/1597
f 2928/2070/1598 3454/420/1598 3450/1501/1598 2924/2065/1598
f 2927/2068/1599 3453/516/1599 3457/417/1599 2931/2072/1599
f 2940/2073/1600 3458/1470/1600 3459/1484/1600 2941/2074/1600
f 2941/2074/1601 3459/1484/1601 3460/1486/1601 2942/2075/1601
f 2942/2075/1602 3460/1486/1602 3461/524/1602 2943/2076/1602
f 2945/2077/1603 3463/1521/1603 3462/1469/1603 2944/2078/1603
f 2946/2079/1604 3464/1522/1604 3463/1521/1604 2945/2077/1604
f 2947/2080/1605 3465/401/1605 3464/1522/1605 2946/2079/1605
f 2944/2078/1606 3462/1469/1606 3458/1470/1606 2940/2073/1606
f 2943/2076/1607 3461/524/1607 3465/401/1607 2947/2080/1607
f 3030/2081/1608 3466/494/1608 3467/495/1608 3031/2082/1608
f 3031/2082/1609 3467/495/1609 3468/496/1609 3032/2083/1609
f 3032/2083/1610 3468/496/1610 3469/497/1610 3033/2084/1610
f 3035/2085/1611 3471/480/1611 3470/481/1611 3034/2086/1611
f 3036/2087/1612 3472/479/1612 3471/480/1612 3035/2085/1612
f 3037/2088/1613 3473/478/1613 3472/479/1613 3036/2087/1613
f 3034/2086/1614 3470/481/1614 3466/494/1614 3030/2081/1614
f 3033/2084/1615 3469/497/1615 3473/478/1615 3037/2088/1615
f 3254/2089/1616 3474/489/1616 3475/490/1616 3255/2090/1616
f 3255/2090/1617 3475/490/1617 3476/491/1617 3256/2091/1617
f 3256/2091/1618 3476/491/1618 3477/492/1618 3257/2092/1618
f 3259/2093/1619 3479/1873/1619 3478/1861/1619 3258/2094/1619
f 3260/2095/1620 3480/1875/1620 3479/1873/1620 3259/2093/1620
f 3261/2096/1621 3481/389/1621 3480/1875/1621 3260/2095/1621
f 3258/2094/1622 3478/1861/1622 3474/489/1622 3254/2089/1622
f 3257/2092/1623 3477/492/1623 3481/389/1623 3261/2096/1623
f 2976/2097/1624 3482/1582/1624 3483/1595/1624 2977/2098/1624
f 2977/2098/1625 3483/1595/1625 3484/1597/1625 2978/2099/1625
f 3065/2100/1626 3743/2103/1626 3742/2102/1626 3064/2101/1626
f 2981/2104/1627 3487/462/1627 3486/463/1627 2980/2105/1627
f 2982/2106/1628 3488/461/1628 3487/462/1628 2981/2104/1628
f 2983/2107/1629 3489/460/1629 3488/461/1629 2982/2106/1629
f 2980/2105/1630 3486/463/1630 3482/1582/1630 2976/2097/1630
f 2979/2108/1631 3485/514/1631 3489/460/1631 2983/2107/1631
f 2984/2109/1632 3490/1564/1632 3491/1577/1632 2985/2110/1632
f 2985/2110/1633 3491/1577/1633 3492/1579/1633 2986/2111/1633
f 2988/2112/1634 3766/2115/1634 3728/2114/1634 2989/2113/1634
f 2989/2116/1635 3495/1599/1635 3494/1563/1635 2988/2117/1635
f 3064/2101/1354 3742/2102/1354 3741/2119/1354 3063/2118/1354
f 2991/2120/1636 3497/450/1636 3496/1600/1636 2990/2121/1636
f 2988/2117/1637 3494/1563/1637 3490/1564/1637 2984/2109/1637
f 2987/2122/1638 3493/518/1638 3497/450/1638 2991/2120/1638
f 2992/2123/1639 3498/1542/1639 3499/1557/1639 2993/2124/1639
f 2993/2124/1640 3499/1557/1640 3500/1559/1640 2994/2125/1640
f 2994/2125/1641 3500/1559/1641 3501/522/1641 2995/2126/1641
f 2997/2127/1642 3503/1601/1642 3502/1541/1642 2996/2128/1642
f 2998/2129/1643 3504/1602/1643 3503/1601/1643 2997/2127/1643
f 2999/2130/1644 3505/446/1644 3504/1602/1644 2998/2129/1644
f 2996/2128/1645 3502/1541/1645 3498/1542/1645 2992/2123/1645
f 2995/2126/1646 3501/522/1646 3505/446/1646 2999/2130/1646
f 3142/2131/1647 3512/2134/1647 3506/2133/1647 3143/2132/1647
f 3140/2135/1648 3509/2136/1648 3507/1748/1648 3139/1745/1648
f 3138/2137/1649 3510/2140/1649 3512/2139/1649 3142/2138/1649
f 3143/2132/1650 3506/2133/1650 3508/1740/1650 3144/1737/1650
f 3141/2141/1651 3511/2142/1651 3509/2136/1651 3140/2135/1651
f 3521/2143/640 3537/2146/640 3535/2145/640 3519/2144/640
f 3100/2147/1652 3524/2150/1652 3529/2149/1652 3101/2148/1652
f 3518/1627/246 3534/2152/246 3536/2151/246 3520/1626/246
f 3017/2153/1653 3515/1687/1653 3518/1690/1653 3016/2154/1653
f 3023/2155/1654 3521/2143/1654 3519/2144/1654 3019/2156/1654
f 3022/1621/1655 3516/1622/1655 3521/2158/1655 3023/2157/1655
f 3020/2159/1656 3520/2160/1656 3514/1623/1656 3021/1620/1656
f 3018/1617/1657 3517/1618/1657 3515/1687/1657 3017/2153/1657
f 3101/2161/1658 3529/2164/1658 3527/2163/1658 3097/2162/1658
f 3095/2165/1659 3523/2168/1659 3526/2167/1659 3094/2166/1659
f 3519/1619/1660 3535/2169/1660 3533/1689/1660 3517/1618/1660
f 3096/2170/1661 3525/2171/1661 3523/2168/1661 3095/2165/1661
f 3520/2160/1662 3536/2173/1662 3530/2172/1662 3514/1623/1662
f 3097/2174/1663 3527/2175/1663 3525/2171/1663 3096/2170/1663
f 3514/1623/276 3530/2172/276 3532/2176/276 3516/1622/276
f 3098/2177/1664 3528/2180/1664 3522/2179/1664 3099/2178/1664
f 3516/1622/1665 3532/2176/1665 3537/2181/1665 3521/2158/1665
f 3099/2178/1666 3522/2179/1666 3524/2150/1666 3100/2147/1666
f 2718/1228/1667 3541/2184/1667 3539/2183/1667 2717/2182/1667
f 2716/2185/1668 3542/2188/1668 3544/2187/1668 2720/2186/1668
f 2721/1225/1669 3538/1226/1669 3540/1231/1669 2722/1228/1669
f 2719/1229/1670 3543/2189/1670 3541/2184/1670 2718/1228/1670
f 2730/2190/1671 3548/2193/1671 3553/2192/1671 2731/2191/1671
f 2728/2194/1672 3552/2197/1672 3546/2196/1672 2729/2195/1672
f 2726/1215/1673 3549/1216/1673 3547/1213/1673 2725/1210/1673
f 2724/2198/1674 3550/2201/1674 3552/2200/1674 2728/2199/1674
f 2729/2195/1675 3546/2196/1675 3548/2193/1675 2730/2190/1675
f 2733/2202/1676 3555/2205/1676 3558/2204/1676 2732/2203/1676
f 2739/2206/1677 3561/2209/1677 3559/2208/1677 2735/2207/1677
f 2738/1192/1678 3556/1193/1678 3561/2211/1678 2739/2210/1678
f 2736/2212/1679 3560/2204/1679 3554/1194/1679 2737/1191/1679
f 2734/1188/1680 3557/1189/1680 3555/2205/1680 2733/2202/1680
f 3566/2213/1681 3562/2216/1681 3563/2215/1681 3568/2214/1681
f 3568/2214/1682 3563/2215/1682 3564/2218/1682 3610/2217/1682
f 3111/2219/1683 3586/2222/1683 3589/2221/1683 3110/2220/1683
f 2768/2223/1268 3601/2226/1268 3603/2225/1268 2772/2224/1268
f 2781/1266/1266 3569/1267/1266 3571/2228/1266 2782/2227/1266
f 3364/2229/1684 3563/2232/1684 3562/2231/1684 3363/2230/1684
f 3112/2233/1267 3588/2234/1267 3586/2222/1267 3111/2219/1267
f 2775/2235/1265 3604/2238/1265 3602/2237/1265 2771/2236/1265
f 2782/2227/1685 3571/2228/1685 3608/2240/1685 2783/2239/1685
f 3365/2241/1686 3564/2242/1686 3563/2232/1686 3364/2229/1686
f 3113/2243/1687 3590/2244/1687 3588/2234/1687 3112/2233/1687
f 2788/2245/1688 3611/2248/1688 3565/2247/1688 2789/2246/1688
f 3009/2249/1338 3578/2252/1338 3593/2251/1338 3008/2250/1338
f 2776/2253/1268 3605/2256/1268 3607/2255/1268 2780/2254/1268
f 3114/2257/1689 3591/2260/1689 3585/2259/1689 3115/2258/1689
f 2789/2246/1266 3565/2247/1266 3567/2262/1266 2790/2261/1266
f 3010/2263/1267 3580/2264/1267 3578/2252/1267 3009/2249/1267
f 2783/2265/1265 3608/2268/1265 3606/2267/1265 2779/2266/1265
f 3115/2258/1266 3585/2259/1266 3587/2270/1266 3116/2269/1266
f 2790/2261/1690 3567/2262/1690 3612/2272/1690 2791/2271/1690
f 3011/2273/1264 3594/2274/1264 3580/2264/1264 3010/2263/1264
f 3116/2269/1691 3587/2270/1691 3592/2276/1691 3117/2275/1691
f 3087/2277/1692 3582/2280/1692 3597/2279/1692 3086/2278/1692
f 2784/2281/1268 3609/2284/1268 3611/2283/1268 2788/2282/1268
f 3012/2285/1258 3595/2288/1258 3577/2287/1258 3013/2286/1258
f 3110/2289/1268 3589/2292/1268 3591/2291/1268 3114/2290/1268
f 3088/2293/1267 3584/2294/1267 3582/2280/1267 3087/2277/1267
f 2791/2295/1693 3612/2298/1693 3610/2297/1693 2787/2296/1693
f 3013/2286/1266 3577/2287/1266 3579/2300/1266 3014/2299/1266
f 3117/2301/1265 3592/2304/1265 3590/2303/1265 3113/2302/1265
f 3089/2305/1694 3598/2306/1694 3584/2294/1694 3088/2293/1694
f 3014/2299/1685 3579/2300/1685 3596/2308/1685 3015/2307/1685
f 3619/2309/640 2786/2312/640 3613/2311/640 3621/2310/640
f 2826/1355/1695 3620/1356/1695 3641/2314/1695 2827/2313/1695
f 2832/2315/1279 3644/2318/1279 3614/2317/1279 2833/2316/1279
f 2820/2319/1278 3638/2322/1278 3640/2321/1278 2824/2320/1278
f 2833/2316/1277 3614/2317/1277 3616/2324/1277 2834/2323/1277
f 2827/2325/1276 3641/2328/1276 3639/2327/1276 2823/2326/1276
f 2834/2323/1695 3616/2324/1695 3645/2330/1695 2835/2329/1695
f 3167/2331/1696 3627/2334/1696 3630/2333/1696 3166/2332/1696
f 2828/2335/1278 3642/2338/1278 3644/2337/1278 2832/2336/1278
f 3387/2339/1697 2786/2342/1697 3619/2341/1697 2821/2340/1697
f 3168/2343/1698 3629/2344/1698 3627/2334/1698 3167/2331/1698
f 2835/2345/1276 3645/2348/1276 3643/2347/1276 2831/2346/1276
f 2822/2349/1699 3621/2352/1699 3613/2351/1699 3388/2350/1699
f 3169/2353/1700 3631/2354/1700 3629/2344/1700 3168/2343/1700
f 3388/2355/1701 3613/2358/1701 2786/2357/1701 3387/2356/1701
f 3079/2359/1702 3623/2362/1702 3634/2361/1702 3078/2360/1702
f 3170/2363/1703 3632/2366/1703 3626/2365/1703 3171/2364/1703
f 3080/2367/1698 3625/2368/1698 3623/2362/1698 3079/2359/1698
f 3171/2364/1277 3626/2365/1277 3628/2370/1277 3172/2369/1277
f 3081/2371/1704 3635/2372/1704 3625/2368/1704 3080/2367/1704
f 3172/2369/1705 3628/2370/1705 3633/2374/1705 3173/2373/1705
f 2821/2375/1706 3619/2378/1706 3638/2377/1706 2820/2376/1706
f 2888/2379/1293 3674/2382/1293 3676/2381/1293 2892/2380/1293
f 3072/2383/1355 3661/2384/1355 3659/1400/1355 3071/1397/1355
f 2895/2385/1291 3677/2388/1291 3675/2387/1291 2891/2386/1291
f 3073/2389/1707 3663/2390/1707 3661/2384/1707 3072/2383/1707
f 2873/2391/1708 3655/2394/1708 3666/2393/1708 2872/2392/1708
f 3074/2395/1709 3664/2398/1709 3658/2397/1709 3075/2396/1709
f 2874/2399/1355 3657/2400/1355 3655/2394/1355 2873/2391/1355
f 3075/2396/1292 3658/2397/1292 3660/2402/1292 3076/2401/1292
f 2875/2403/1710 3667/2404/1710 3657/2400/1710 2874/2399/1710
f 3076/2401/1711 3660/2402/1711 3665/2406/1711 3077/2405/1711
f 2881/2407/1712 3651/2410/1712 3670/2409/1712 2880/2408/1712
f 2876/2411/1713 3668/2414/1713 3654/2413/1713 2877/2412/1713
f 3070/2415/1293 3662/2418/1293 3664/2417/1293 3074/2416/1293
f 2882/2419/1355 3653/2420/1355 3651/2410/1355 2881/2407/1355
f 2877/2412/1292 3654/2413/1292 3656/2422/1292 2878/2421/1292
f 3077/2423/1291 3665/2426/1291 3663/2425/1291 3073/2424/1291
f 2883/2427/1714 3671/2428/1714 3653/2420/1714 2882/2419/1714
f 2878/2421/1715 3656/2422/1715 3669/2430/1715 2879/2429/1715
f 2889/1659/1716 3647/1660/1716 3674/2432/1716 2888/2431/1716
f 2884/2433/1717 3672/2434/1717 3650/1658/1717 2885/1657/1717
f 3678/2435/1718 3679/2438/1718 3683/2437/1718 3682/2436/1718
f 3679/2438/213 3680/2440/213 3684/2439/213 3683/2437/213
f 3680/2440/1719 3681/2442/1719 3685/2441/1719 3684/2439/1719
f 3057/2443/1720 3707/2159/1720 3697/1482/1720 3056/1479/1720
f 3232/1476/1402 3700/1477/1402 3705/2445/1402 3233/2444/1402
f 2925/2446/1721 3691/2449/1721 3710/2448/1721 2924/2447/1721
f 2939/2450/1722 3685/2453/1722 3681/2452/1722 2935/2451/1722
f 2935/2454/1723 3681/2455/1723 3680/1474/1723 2934/1471/1723
f 3058/2456/1724 3708/2459/1724 3694/2458/1724 3059/2457/1724
f 3226/2460/1351 3702/2463/1351 3704/2462/1351 3230/2461/1351
f 2926/2464/1303 3693/2465/1303 3691/2449/1303 2925/2446/1303
f 3059/2457/1302 3694/2458/1302 3696/2467/1302 3060/2466/1302
f 3233/2468/1313 3705/2471/1313 3703/2470/1313 3229/2469/1313
f 2927/2472/1725 3711/2473/1725 3693/2465/1725 2926/2464/1725
f 3060/2466/1726 3696/2467/1726 3709/2475/1726 3061/2474/1726
f 2936/2476/1727 3682/2479/1727 3683/2478/1727 2937/2477/1727
f 2941/2480/1352 3687/2483/1352 3714/2482/1352 2940/2481/1352
f 2928/2484/1728 3712/2486/1728 3690/2485/1728 2929/2446/1728
f 2937/2477/276 3683/2478/276 3684/2488/276 2938/2487/276
f 3054/2489/1351 3706/2492/1351 3708/2491/1351 3058/2490/1351
f 2942/2493/1303 3689/2494/1303 3687/2483/1303 2941/2480/1303
f 2929/2446/1302 3690/2485/1302 3692/2496/1302 2930/2495/1302
f 2938/2487/1729 3684/2488/1729 3685/2498/1729 2939/2497/1729
f 3061/2499/1313 3709/2502/1313 3707/2501/1313 3057/2500/1313
f 2943/2503/1312 3715/2504/1312 3689/2494/1312 2942/2493/1312
f 2930/2495/1730 3692/2496/1730 3713/2506/1730 2931/2505/1730
f 2944/2507/1305 3716/2508/1305 3686/1842/1305 2945/1841/1305
f 2924/2509/1351 3710/2512/1351 3712/2511/1351 2928/2510/1351
f 3735/2513/1731 3718/2516/1731 3719/2515/1731 3761/2514/1731
f 3731/2517/1732 3720/2520/1732 3721/2519/1732 3765/2518/1732
f 3730/2521/228 3723/2524/228 3722/2523/228 3728/2522/228
f 2987/2525/1733 3765/2528/1733 3721/2527/1733 3493/2526/1733
f 3069/2529/1734 3747/2532/1734 3743/2531/1734 3065/2530/1734
f 2978/2533/1735 3735/2534/1735 3733/1550/1735 2977/1547/1735
f 3037/2535/1734 3755/2538/1734 3753/2537/1734 3033/2536/1734
f 2989/2539/1736 3728/2542/1736 3722/2541/1736 3495/2540/1736
f 2980/2543/1737 3762/2546/1737 3732/2545/1737 2981/2544/1737
f 3496/2547/1738 3723/2550/1738 3730/2549/1738 2990/2548/1738
f 2981/2544/1327 3732/2545/1327 3734/2552/1327 2982/2551/1327
f 2982/2551/1739 3734/2552/1739 3763/2554/1739 2983/2553/1739
f 2993/2555/1740 3725/2558/1740 3768/2557/1740 2992/2556/1740
f 2976/2559/1322 3760/2561/1322 3762/281/1322 2980/2560/1322
f 2994/2562/1354 3727/2563/1354 3725/2558/1354 2993/2555/1354
f 2983/2564/1741 3763/2567/1741 3761/2566/1741 2979/2565/1741
f 2995/2568/1742 3769/2569/1742 3727/2563/1742 2994/2562/1742
f 2996/2570/1743 3770/2573/1743 3724/2572/1743 2997/2571/1743
f 2997/2571/1327 3724/2572/1327 3726/2575/1327 2998/2574/1327
f 3484/2576/1744 3718/2579/1744 3735/2578/1744 2978/2577/1744
f 3255/2580/1745 3749/2583/1745 3756/2582/1745 3254/2581/1745
f 2998/2574/1746 3726/2575/1746 3771/2585/1746 2999/2584/1746
f 2979/2586/1747 3761/2589/1747 3719/2588/1747 3485/2587/1747
f 3256/2590/1354 3751/2591/1354 3749/2583/1354 3255/2580/1354
f 2992/2592/1322 3768/2595/1322 3770/2594/1322 2996/2593/1322
f 3257/2596/1748 3757/2597/1748 3751/2591/1748 3256/2590/1748
f 2999/2598/1734 3771/2601/1734 3769/2600/1734 2995/2599/1734
f 3258/2602/1749 3758/2605/1749 3748/2604/1749 3259/2603/1749
f 3259/2603/1327 3748/2604/1327 3750/2607/1327 3260/2606/1327
f 3485/2608/1346 3719/2611/1346 3718/2610/1346 3484/2609/1346
f 3260/2606/1750 3750/2607/1750 3759/2613/1750 3261/2612/1750
f 2985/2614/1751 3729/2617/1751 3764/2616/1751 2984/2615/1751
f 3254/2618/1322 3756/2621/1322 3758/2620/1322 3258/2619/1322
f 2986/2622/1735 3731/2623/1735 3729/2617/1735 2985/2614/1735
f 3063/2118/1752 3741/2119/1752 3740/2625/1752 3062/2624/1752
f 3261/2626/1734 3759/2629/1734 3757/2628/1734 3257/2627/1734
f 3772/2630/1753 3788/2633/1753 3791/2632/1753 3773/2631/1753
f 3775/2634/1754 3790/2637/1754 3793/2636/1754 3777/2635/1754
f 3794/2638/1755 3807/2641/1755 3808/2640/1755 3795/2639/1755
f 3788/2642/1756 3804/2645/1756 3805/2644/1756 3789/2643/1756
f 3795/2646/1757 3818/2649/1757 3813/2648/1757 3780/2647/1757
f 3796/2650/1758 3819/2653/1758 3818/2652/1758 3795/2651/1758
f 3788/2642/1759 3789/2643/1759 3790/2655/1759 3791/2654/1759
f 3787/2656/1760 3826/2659/1760 3821/2658/1760 3773/2657/1760
f 3773/2660/1761 3821/2663/1761 3782/2662/1761 3772/2661/1761
f 3786/2664/1762 3798/2665/1762 3788/2633/1762 3772/2630/1762
f 3789/2643/1763 3792/2667/1763 3793/2666/1763 3790/2655/1763
f 3792/2668/1764 3806/2669/1764 3807/2641/1764 3794/2638/1764
f 3798/2670/1765 3822/2673/1765 3828/2672/1765 3788/2671/1765
f 3783/2674/1766 3815/2677/1766 3817/2676/1766 3785/2675/1766
f 3777/2678/1767 3793/2681/1767 3792/2680/1767 3776/2679/1767
f 3784/2682/1768 3816/2685/1768 3820/2684/1768 3797/2683/1768
f 3778/2686/1769 3794/2687/1769 3795/2646/1769 3780/2647/1769
f 3776/2679/1770 3792/2680/1770 3794/2687/1770 3778/2686/1770
f 3773/2688/1771 3791/2689/1771 3790/2637/1771 3775/2634/1771
f 3799/2690/1772 3800/2693/1772 3801/2692/1772 3774/2691/1772
f 3800/2693/1773 3802/2695/1773 3803/2694/1773 3801/2692/1773
f 3804/2696/1774 3811/2703/1774 3810/2702/1774 3809/2701/1774 3808/2700/1774 3807/2699/1774 3806/2698/1774 3805/2697/1774
f 3780/2704/1775 3802/2707/1775 3800/2706/1775 3778/2705/1775
f 3795/2708/1776 3808/2711/1776 3809/2710/1776 3796/2709/1776
f 3779/2712/1777 3801/2715/1777 3803/2714/1777 3781/2713/1777
f 3796/2709/1778 3809/2710/1778 3810/2717/1778 3797/2716/1778
f 3781/2718/1779 3803/2721/1779 3802/2720/1779 3780/2719/1779
f 3797/2722/1780 3827/2725/1780 3825/2724/1780 3784/2723/1780
f 3789/2643/1781 3805/2644/1781 3806/2726/1781 3792/2667/1781
f 3776/2727/1782 3799/2730/1782 3774/2729/1782 3777/2728/1782
f 3772/2731/1783 3782/2734/1783 3823/2733/1783 3786/2732/1783
f 3778/2705/1784 3800/2706/1784 3799/2736/1784 3776/2735/1784
f 3777/2737/1785 3774/2738/1785 3801/2715/1785 3779/2712/1785
f 3813/2739/1786 3814/2742/1786 3815/2741/1786 3812/2740/1786
f 3814/2742/1787 3816/2744/1787 3817/2743/1787 3815/2741/1787
f 3814/2745/1788 3819/2653/1788 3820/2747/1788 3816/2746/1788
f 3813/2748/1789 3818/2652/1789 3819/2653/1789 3814/2745/1789
f 3785/2749/1790 3817/2750/1790 3816/2685/1790 3784/2682/1790
f 3781/2751/1791 3812/2752/1791 3815/2677/1791 3783/2674/1791
f 3797/2753/1792 3820/2747/1792 3819/2653/1792 3796/2650/1792
f 3780/2647/1793 3813/2648/1793 3812/2755/1793 3781/2754/1793
f 3825/2756/1794 3823/2759/1794 3826/2758/1794 3824/2757/1794
f 3823/2759/1795 3782/2761/1795 3821/2760/1795 3826/2758/1795
f 3825/2756/1796 3827/2763/1796 3822/2762/1796 3823/2759/1796
f 3827/2764/1797 3829/2767/1797 3830/2766/1797 3822/2765/1797
f 3822/2765/1798 3830/2766/1798 3831/2769/1798 3828/2768/1798
f 3811/2703/1799 3830/2766/1799 3829/2767/1799 3810/2702/1799
f 3786/2770/1800 3823/2771/1800 3822/2673/1800 3798/2670/1800
f 3785/2772/1801 3824/2773/1801 3826/2659/1801 3787/2656/1801
f 3788/2642/1802 3828/2775/1802 3831/2774/1802 3804/2645/1802
f 3810/2717/1803 3829/2777/1803 3827/2776/1803 3797/2716/1803
f 3804/2696/1804 3831/2769/1804 3830/2766/1804 3811/2703/1804
f 3784/2778/1805 3825/2781/1805 3824/2780/1805 3785/2779/1805
f 2073/2782/1806 2147/2785/1806 3844/2784/1806 3836/2783/1806
f 3891/2786/1807 3899/2789/1807 3845/2788/1807 3837/2787/1807
f 3949/2790/1808 3953/2793/1808 3848/2792/1808 3840/2791/1808
f 3895/2794/1809 3903/2795/1809 3849/876/1809 3841/873/1809
f 4056/2796/1810 4059/2799/1810 3919/2798/1810 2161/2797/1810
f 3910/2800/1811 3999/2803/1811 3995/2802/1811 3923/2801/1811
f 3873/2804/1812 3918/2807/1812 3844/2806/1812 2147/2805/1812
f 3934/2808/1813 3930/2811/1813 3845/2810/1813 3899/2809/1813
f 3940/2812/1814 3938/2815/1814 3835/2814/1814 3837/2813/1814
f 3890/2816/1815 3888/2817/1815 3834/852/1815 3836/849/1815
f 2071/2818/1816 2202/2821/1816 3832/2820/1816 3838/2819/1816
f 3893/2822/1817 3887/2825/1817 3833/2824/1817 3839/2823/1817
f 3853/2826/1818 3912/2829/1818 3832/2828/1818 2202/2827/1818
f 3926/2830/1819 3924/2833/1819 3833/2832/1819 3887/2831/1819
f 3865/2834/1820 3914/2837/1820 3913/2836/1820 2215/2835/1820
f 3959/2838/1821 3991/2841/1821 3990/2840/1821 3958/2839/1821
f 3855/2842/1822 3978/2845/1822 3980/2844/1822 3904/2843/1822
f 2215/2835/1823 3913/2836/1823 3912/2829/1823 3853/2826/1823
f 2229/49/1824 2215/186/1824 3853/848/1824 3850/48/1824
f 4022/2846/1825 2174/2847/1825 3854/834/1825 4033/831/1825
f 3967/824/1826 4118/825/1826 4117/830/1826 3963/827/1826
f 2233/2848/1827 2175/2849/1827 3854/183/1827 3851/180/1827
f 3902/2850/1828 3848/2853/1828 3932/2852/1828 3933/2851/1828
f 2160/2854/1829 3849/2857/1829 3920/2856/1829 3859/2855/1829
f 4055/2858/1830 4058/2859/1830 3861/880/1830 3858/877/1830
f 4042/2860/1831 2530/2863/1831 3861/2862/1831 4053/2861/1831
f 3952/2864/1832 2132/2867/1832 4082/2866/1832 3969/2865/1832
f 2075/56/1833 2160/2869/1833 3859/2868/1833 3857/55/1833
f 3889/2870/1834 3835/2873/1834 3927/2872/1834 3928/2871/1834
f 2214/2874/1835 3834/2875/1835 3914/2837/1835 3865/2834/1835
f 2125/2876/1836 4118/2877/1836 3867/842/1836 3866/839/1836
f 3939/2878/1837 2203/2879/1837 3867/826/1837 3965/823/1837
f 2073/51/1838 2214/2880/1838 3865/187/1838 3864/50/1838
f 3863/2881/1839 4001/2884/1839 4002/2883/1839 3907/2882/1839
f 2161/2797/1840 3919/2798/1840 3918/2807/1840 3873/2804/1840
f 2128/882/1841 2146/883/1841 3872/868/1841 3870/865/1841
f 3973/858/1842 4083/859/1842 3872/856/1842 3971/853/1842
f 2228/53/1843 2161/184/1843 3873/384/1843 3871/52/1843
f 3876/2885/276 3883/2892/276 3882/2891/276 3881/2890/276 3880/2889/276 3879/2888/276 3878/2887/276 3877/2886/276
f 2688/885/827 3885/885/827 3884/885/827 2687/885/827
f 3946/2893/1844 4004/2896/1844 4008/2895/1844 3960/2894/1844
f 3900/2897/1845 3901/2899/1845 3934/2808/1845 3922/2898/1845
f 3834/2875/1846 3888/2901/1846 3916/2900/1846 3914/2837/1846
f 3888/2901/1847 3889/2870/1847 3928/2871/1847 3916/2900/1847
f 3849/2857/1848 3903/2903/1848 3921/2902/1848 3920/2856/1848
f 3903/2903/1849 3902/2850/1849 3933/2851/1849 3921/2902/1849
f 3954/2904/1850 3988/2907/1850 3989/2906/1850 3955/2905/1850
f 3897/2908/1851 3896/2910/1851 3926/2830/1851 3915/2909/1851
f 3856/2911/1852 3982/2914/1852 3976/2913/1852 3842/2912/1852
f 3916/2900/1853 3928/2871/1853 3896/2910/1853 3897/2908/1853
f 3912/2829/1854 3915/2909/1854 3886/2915/1854 3832/2828/1854
f 3915/2909/1855 3926/2830/1855 3887/2831/1855 3886/2915/1855
f 3838/2819/1856 3832/2820/1856 3886/2917/1856 3892/2916/1856
f 3892/2916/1857 3886/2917/1857 3887/2825/1857 3893/2822/1857
f 3837/2813/1858 3835/2814/1858 3889/2919/1858 3891/2918/1858
f 3891/2918/1859 3889/2919/1859 3888/2817/1859 3890/2816/1859
f 3918/2807/1860 3922/2898/1860 3898/2920/1860 3844/2806/1860
f 3922/2898/1861 3934/2808/1861 3899/2809/1861 3898/2920/1861
f 3977/2921/1862 4011/2924/1862 4013/2923/1862 3983/2922/1862
f 4061/2925/1863 4062/2926/1863 3901/2899/1863 3900/2897/1863
f 3840/2791/1864 3848/2792/1864 3902/2928/1864 3894/2927/1864
f 3894/2927/1865 3902/2928/1865 3903/2795/1865 3895/2794/1865
f 3836/2783/1866 3844/2784/1866 3898/2930/1866 3890/2929/1866
f 3890/2929/1867 3898/2930/1867 3899/2789/1867 3891/2786/1867
f 3855/2931/1868 3912/2829/1868 3913/2836/1868 3843/2932/1868
f 3843/2932/1869 3913/2836/1869 3914/2837/1869 3868/2933/1869
f 3904/2934/1870 3915/2909/1870 3912/2829/1870 3855/2931/1870
f 3868/2933/1871 3914/2837/1871 3916/2900/1871 3908/2935/1871
f 3917/2936/1872 3897/2908/1872 3915/2909/1872 3904/2934/1872
f 3908/2935/1873 3916/2900/1873 3897/2908/1873 3917/2936/1873
f 3874/2937/1874 3918/2807/1874 3919/2798/1874 3846/2938/1874
f 4063/2939/1875 4059/2799/1875 3920/2856/1875 3862/2940/1875
f 3862/2940/1876 3920/2856/1876 3921/2902/1876 3906/2941/1876
f 3910/2942/1877 3922/2898/1877 3918/2807/1877 3874/2937/1877
f 3923/2943/1878 3900/2897/1878 3922/2898/1878 3910/2942/1878
f 4064/2944/1879 4061/2925/1879 3900/2897/1879 3923/2943/1879
f 3842/2945/1880 3925/2947/1880 3924/2833/1880 3856/2946/1880
f 3856/2946/1881 3924/2833/1881 3926/2830/1881 3905/2948/1881
f 3869/2949/1882 3927/2872/1882 3925/2947/1882 3842/2945/1882
f 3909/2950/1883 3928/2871/1883 3927/2872/1883 3869/2949/1883
f 3905/2948/1884 3926/2830/1884 3896/2910/1884 3929/2951/1884
f 3929/2951/1885 3896/2910/1885 3928/2871/1885 3909/2950/1885
f 3847/2952/1886 3931/2954/1886 3930/2811/1886 3875/2953/1886
f 4065/2955/1887 4060/2956/1887 3931/2954/1887 3847/2952/1887
f 3907/2957/1888 3933/2851/1888 3932/2852/1888 3863/2958/1888
f 3875/2953/1889 3930/2811/1889 3934/2808/1889 3911/2959/1889
f 3911/2959/1890 3934/2808/1890 3901/2899/1890 3935/2960/1890
f 4066/2961/1891 4062/2926/1891 3933/2851/1891 3907/2957/1891
f 3931/2954/1892 3972/2963/1892 3970/2962/1892 3930/2811/1892
f 3874/2964/1893 3996/2967/1893 3999/2966/1893 3910/2965/1893
f 3835/2873/1894 3938/2969/1894 3964/2968/1894 3927/2872/1894
f 3938/2969/1895 3939/2878/1895 3965/823/1895 3964/2968/1895
f 3848/2853/1896 3953/2971/1896 3968/2970/1896 3932/2852/1896
f 3953/2971/1897 3952/2864/1897 3969/2865/1897 3968/2970/1897
f 3925/2947/1898 3966/2973/1898 3962/2972/1898 3924/2833/1898
f 3868/2974/1899 3979/2977/1899 3975/2976/1899 3843/2975/1899
f 2128/2978/1900 2203/2981/1900 3939/2980/1900 3941/2979/1900
f 3941/2979/1901 3939/2980/1901 3938/2815/1901 3940/2812/1901
f 2127/380/1902 2132/381/1902 3952/2983/1902 3948/2982/1902
f 3948/2982/1903 3952/2983/1903 3953/2793/1903 3949/2790/1903
f 3837/2787/1904 3845/2788/1904 3944/2985/1904 3940/2984/1904
f 3940/2984/1905 3944/2985/1905 3945/884/1905 3941/881/1905
f 4060/2956/1906 4067/2986/1906 3972/2963/1906 3931/2954/1906
f 4065/2987/1907 4073/2990/1907 4001/2989/1907 3863/2988/1907
f 3930/2811/1908 3970/2962/1908 3944/2991/1908 3845/2810/1908
f 3970/2962/1909 3971/853/1909 3945/854/1909 3944/2991/1909
f 3839/2823/1910 3833/2824/1910 3936/2993/1910 3942/2992/1910
f 3942/2992/1911 3936/2993/1911 3937/838/1911 3943/835/1911
f 3924/2833/1912 3962/2972/1912 3936/2994/1912 3833/2832/1912
f 3962/2972/1913 3963/827/1913 3937/828/1913 3936/2994/1913
f 3927/2872/1914 3964/2968/1914 3966/2973/1914 3925/2947/1914
f 3843/2975/1915 3975/2976/1915 3978/2996/1915 3855/2995/1915
f 3955/2997/1916 3963/827/1916 3962/2972/1916 3954/2998/1916
f 3958/2999/1917 3964/2968/1917 3965/823/1917 3959/3000/1917
f 3954/2998/1918 3962/2972/1918 3966/2973/1918 3951/3001/1918
f 3950/3002/1919 3967/824/1919 3963/827/1919 3955/2997/1919
f 3951/3001/1920 3966/2973/1920 3964/2968/1920 3958/2999/1920
f 3959/3000/1921 3965/823/1921 3967/824/1921 3950/3002/1921
f 3956/3003/1922 3968/2970/1922 3969/2865/1922 3957/3004/1922
f 3961/3005/1923 3971/853/1923 3970/2962/1923 3960/3006/1923
f 3960/3006/1924 3970/2962/1924 3972/2963/1924 3946/3007/1924
f 3947/3008/1925 3973/858/1925 3971/853/1925 3961/3005/1925
f 4069/3009/1926 4067/2986/1926 3968/2970/1926 3956/3003/1926
f 4070/3010/1927 4068/857/1927 3973/858/1927 3947/3008/1927
f 3960/3011/1928 4008/3014/1928 4009/3013/1928 3961/3012/1928
f 3905/3015/1929 3983/3018/1929 3982/3017/1929 3856/3016/1929
f 3908/3019/1930 3981/3022/1930 3979/3021/1930 3868/3020/1930
f 3951/3023/1931 3987/3026/1931 3988/3025/1931 3954/3024/1931
f 3842/2912/1932 3976/2913/1932 3984/3028/1932 3869/3027/1932
f 3904/3029/1933 3980/3032/1933 3974/3031/1933 3917/3030/1933
f 3955/3033/1934 3989/3036/1934 3986/3035/1934 3950/3034/1934
f 3869/3037/1935 3984/3040/1935 3985/3039/1935 3909/3038/1935
f 3917/3030/1936 3974/3031/1936 3981/3042/1936 3908/3041/1936
f 3958/3043/1937 3990/3044/1937 3987/3026/1937 3951/3023/1937
f 3929/3045/1938 3977/2921/1938 3983/2922/1938 3905/3046/1938
f 3950/3034/1939 3986/3035/1939 3991/3048/1939 3959/3047/1939
f 3909/3049/1940 3985/3050/1940 3977/2921/1940 3929/3045/1940
f 3961/3012/1941 4009/3013/1941 4005/3052/1941 3947/3051/1941
f 3911/3053/1942 4003/3056/1942 4000/3055/1942 3875/3054/1942
f 4064/3057/1943 4072/3060/1943 3998/3059/1943 3906/3058/1943
f 4069/3061/1944 4075/3062/1944 4004/2896/1944 3946/2893/1944
f 3935/3063/1945 3992/3066/1945 4003/3065/1945 3911/3064/1945
f 4070/3067/1946 4076/3070/1946 4007/3069/1946 3957/3068/1946
f 4066/3071/1947 4074/3072/1947 3992/3066/1947 3935/3063/1947
f 3982/2914/1948 4012/3074/1948 4010/3073/1948 3976/2913/1948
f 3976/3075/1949 4010/3078/1949 4011/3077/1949 3977/3076/1949
f 3846/3079/1950 3994/3082/1950 3996/3081/1950 3874/3080/1950
f 3983/3018/1951 4013/3084/1951 4012/3083/1951 3982/3017/1951
f 4063/3085/1952 4071/3086/1952 3994/3082/1952 3846/3079/1952
f 3875/3087/1953 4000/3090/1953 3993/3089/1953 3847/3088/1953
f 3957/3091/1954 4007/3094/1954 4006/3093/1954 3956/3092/1954
f 3906/3095/1955 3998/3098/1955 3997/3097/1955 3862/3096/1955
f 4025/3099/1956 4127/3102/1956 4126/3101/1956 2188/3100/1956
f 4119/3103/1957 4121/3106/1957 4123/3105/1957 4122/3104/1957
f 3852/3107/1958 4125/3110/1958 4130/3109/1958 4030/3108/1958
f 4120/3111/1959 4022/2846/1959 4033/831/1959 4124/3112/1959
f 2129/836/1960 2189/837/1960 4026/3114/1960 4018/3113/1960
f 4018/3113/1961 4026/3114/1961 4027/3116/1961 4019/3115/1961
f 4019/3115/1962 4027/3116/1962 4028/3118/1962 4020/3117/1962
f 4020/3117/1963 4028/3118/1963 4029/846/1963 4021/843/1963
f 4117/830/1964 4122/3104/1964 4026/3119/1964 2189/829/1964
f 4122/3104/1965 4123/3105/1965 4027/3120/1965 4026/3119/1965
f 4123/3105/1966 4124/3112/1966 4028/3121/1966 4027/3120/1966
f 4124/3112/1967 4033/831/1967 4029/832/1967 4028/3121/1967
f 2230/3122/1968 2174/3125/1968 4022/3124/1968 4014/3123/1968
f 4014/3123/1969 4022/3124/1969 4120/3127/1969 4015/3126/1969
f 4015/3126/1970 4120/3127/1970 4121/3129/1970 4016/3128/1970
f 4016/3128/1971 4121/3129/1971 4119/388/1971 4017/385/1971
f 2132/2867/1972 4045/3131/1972 4085/3130/1972 4082/2866/1972
f 4045/3131/1973 4044/3133/1973 4089/3132/1973 4085/3130/1973
f 4044/3133/1974 4043/3135/1974 4090/3134/1974 4089/3132/1974
f 4043/3135/1975 4042/2860/1975 4053/2861/1975 4090/3134/1975
f 2126/866/1976 4083/867/1976 4084/3137/1976 4038/3136/1976
f 4038/3136/1977 4084/3137/1977 4087/3139/1977 4039/3138/1977
f 4039/3138/1978 4087/3139/1978 4088/3141/1978 4040/3140/1978
f 4040/3140/1979 4088/3141/1979 4049/872/1979 4041/869/1979
f 4050/885/1980 4098/885/1980 4095/885/1980 3860/885/1980
f 4086/3142/1981 4091/3145/1981 4087/3144/1981 4084/3143/1981
f 4051/3146/1982 4109/3149/1982 4105/3148/1982 4078/3147/1982
f 4092/3150/1983 4080/861/1983 4049/862/1983 4088/3151/1983
f 2232/3152/1984 2530/3155/1984 4042/3154/1984 4034/3153/1984
f 4034/3153/1985 4042/3154/1985 4043/3157/1985 4035/3156/1985
f 4035/3156/1986 4043/3157/1986 4044/3159/1986 4036/3158/1986
f 4036/3158/1987 4044/3159/1987 4045/382/1987 4037/379/1987
f 4090/3134/1988 4053/2861/1988 4080/861/1988 4092/3150/1988
f 4099/3160/1989 4111/3163/1989 4114/3162/1989 4102/3161/1989
f 4085/3130/1990 4089/3132/1990 4091/3145/1990 4086/3142/1990
f 4057/885/1991 4093/885/1991 4096/885/1991 2133/885/1991
f 3862/3164/1992 3997/3165/1992 4071/3086/1992 4063/3085/1992
f 3907/3166/1993 4002/3167/1993 4074/3072/1993 4066/3071/1993
f 3947/3168/1994 4005/3169/1994 4076/3070/1994 4070/3067/1994
f 3956/3170/1995 4006/3171/1995 4075/3062/1995 4069/3061/1995
f 3923/2801/1996 3995/2802/1996 4072/3060/1996 4064/3057/1996
f 3957/3004/1997 3969/2865/1997 4068/857/1997 4070/3010/1997
f 3946/3007/1998 3972/2963/1998 4067/2986/1998 4069/3009/1998
f 3847/3088/1999 3993/3089/1999 4073/2990/1999 4065/2987/1999
f 3932/2852/2000 3968/2970/2000 4067/2986/2000 4060/2956/2000
f 3935/2960/2001 3901/2899/2001 4062/2926/2001 4066/2961/2001
f 3863/2958/2002 3932/2852/2002 4060/2956/2002 4065/2955/2002
f 3906/2941/2003 3921/2902/2003 4061/2925/2003 4064/2944/2003
f 3846/2938/2004 3919/2798/2004 4059/2799/2004 4063/2939/2004
f 3921/2902/2005 3933/2851/2005 4062/2926/2005 4061/2925/2005
f 2231/3172/2006 2529/3173/2006 4058/2859/2006 4055/2858/2006
f 3859/2855/2007 3920/2856/2007 4059/2799/2007 4056/2796/2007
f 4053/2861/2008 3861/2862/2008 4058/864/2008 4080/861/2008
f 3969/2865/2009 4082/2866/2009 4081/860/2009 4068/857/2009
f 3857/55/2010 3859/2868/2010 4056/185/2010 4054/54/2010
f 4057/3174/2011 4081/860/2011 4082/2866/2011 3860/3175/2011
f 4046/3176/2012 4084/3143/2012 4083/859/2012 2133/3177/2012
f 3860/3175/2013 4082/2866/2013 4085/3130/2013 4050/3178/2013
f 4050/3178/2014 4085/3130/2014 4086/3142/2014 4077/3179/2014
f 2133/3177/2015 4083/859/2015 4081/860/2015 4057/3174/2015
f 4077/3179/2016 4086/3142/2016 4084/3143/2016 4046/3176/2016
f 4048/3180/2017 4088/3151/2017 4087/3144/2017 4047/3181/2017
f 4051/3182/2018 4089/3132/2018 4090/3134/2018 4052/3183/2018
f 4078/3184/2019 4091/3145/2019 4089/3132/2019 4051/3182/2019
f 4052/3183/2020 4090/3134/2020 4092/3150/2020 4079/3185/2020
f 4047/3181/2021 4087/3144/2021 4091/3145/2021 4078/3184/2021
f 4079/3185/2022 4092/3150/2022 4088/3151/2022 4048/3180/2022
f 4094/885/2023 4100/885/2023 4104/885/2023 4098/885/2023
f 4097/885/2024 4103/885/2024 4100/885/2024 4094/885/2024
f 3860/885/2025 4095/885/2025 4093/885/2025 4057/885/2025
f 4046/885/2026 4097/885/2026 4094/885/2026 4077/885/2026
f 4077/885/2027 4094/885/2027 4098/885/2027 4050/885/2027
f 2133/885/2028 4096/885/2028 4097/885/2028 4046/885/2028
f 4048/3186/2029 4108/3189/2029 4106/3188/2029 4079/3187/2029
f 4101/3190/2030 4113/3191/2030 4111/3163/2030 4099/3160/2030
f 4096/885/2031 4102/885/2031 4103/885/2031 4097/885/2031
f 4093/885/2032 4099/885/2032 4102/885/2032 4096/885/2032
f 4098/885/2033 4104/885/2033 4101/885/2033 4095/885/2033
f 4095/885/2034 4101/885/2034 4099/885/2034 4093/885/2034
f 4102/3192/2035 4114/3195/2035 4115/3194/2035 4103/3193/2035
f 4103/3196/2036 4115/3199/2036 4112/3198/2036 4100/3197/2036
f 4079/3187/2037 4106/3188/2037 4110/3201/2037 4052/3200/2037
f 4104/3202/2038 4116/3205/2038 4113/3204/2038 4101/3203/2038
f 4047/3206/2039 4107/3209/2039 4108/3208/2039 4048/3207/2039
f 4078/3147/2040 4105/3148/2040 4107/3211/2040 4047/3210/2040
f 4100/3197/2041 4112/3198/2041 4116/3213/2041 4104/3212/2041
f 4052/3214/2042 4110/3217/2042 4109/3216/2042 4051/3215/2042
f 3852/3218/2043 4117/830/2043 4118/825/2043 2188/3219/2043
f 2188/3219/2044 4118/825/2044 4119/3103/2044 4025/3220/2044
f 4024/3221/2045 4121/3106/2045 4120/3111/2045 4023/3222/2045
f 4030/3223/2046 4122/3104/2046 4117/830/2046 3852/3218/2046
f 4032/3224/2047 4124/3112/2047 4123/3105/2047 4031/3225/2047
f 4025/3220/2048 4119/3103/2048 4122/3104/2048 4030/3223/2048
f 4031/3225/2049 4123/3105/2049 4121/3106/2049 4024/3221/2049
f 4023/3222/2050 4120/3111/2050 4124/3112/2050 4032/3224/2050
f 4024/3226/2051 4129/3229/2051 4131/3228/2051 4031/3227/2051
f 4031/3230/2052 4131/3233/2052 4132/3232/2052 4032/3231/2052
f 4023/3234/2053 4128/3237/2053 4129/3236/2053 4024/3235/2053
f 2188/3238/2054 4126/3241/2054 4125/3240/2054 3852/3239/2054
f 4032/3242/2055 4132/3245/2055 4128/3244/2055 4023/3243/2055
f 4030/3246/2056 4130/3249/2056 4127/3248/2056 4025/3247/2056
f 5/262/2057 151/261/2057 2217/261/2057 2071/262/2057
f 6/885/2058 8/885/2058 2074/885/2058 2072/885/2058
f 8/885/2059 10/885/2059 2076/885/2059 2074/885/2059
f 155/374/2060 9/373/2060 2075/373/2060 2221/374/2060
f 29/169/2061 69/168/2061 2135/168/2061 2095/169/2061
f 30/144/2061 83/152/2061 2149/152/2061 2096/144/2061
f 31/6/2061 97/5/2061 2163/5/2061 2097/6/2061
f 32/166/2062 111/2/2062 2177/2/2062 2098/166/2062
f 33/245/2062 125/149/2062 2191/149/2062 2099/245/2062
f 34/299/2062 139/163/2062 2205/163/2062 2100/299/2062
f 71/301/2063 35/327/2063 2101/327/2063 2137/301/2063
f 85/274/2063 36/273/2063 2102/273/2063 2151/274/2063
f 99/238/2063 37/237/2063 2103/237/2063 2165/238/2063
f 113/127/2064 38/126/2064 2104/126/2064 2179/127/2064
f 127/110/2064 39/18/2064 2105/18/2064 2193/110/2064
f 141/104/2064 40/22/2064 2106/22/2064 2207/104/2064
f 58/188/2065 17/194/2065 2083/194/2065 2124/188/2065
f 57/195/2065 18/201/2065 2084/201/2065 2123/195/2065
f 56/202/2065 19/208/2065 2085/208/2065 2122/202/2065
f 211/985/2066 20/1102/2066 2086/1102/2066 2277/985/2066
f 190/1109/2067 21/1108/2067 2087/1108/2067 2256/1109/2067
f 170/1014/2067 22/1112/2067 2088/1112/2067 2236/1014/2067
f 52/189/2068 58/188/2068 2124/188/2068 2118/189/2068
f 51/196/2068 57/195/2068 2123/195/2068 2117/196/2068
f 50/203/2068 56/202/2068 2122/202/2068 2116/203/2068
f 215/627/2069 55/626/2069 2121/626/2069 2281/627/2069
f 193/209/2069 54/213/2069 2120/213/2069 2259/209/2069
f 173/26/2069 53/25/2069 2119/25/2069 2239/26/2069
f 46/190/2070 52/189/2070 2118/189/2070 2112/190/2070
f 45/197/2070 51/196/2070 2117/196/2070 2111/197/2070
f 44/204/2070 50/203/2070 2116/203/2070 2110/204/2070
f 219/916/2071 49/915/2071 2115/915/2071 2285/916/2071
f 196/909/2071 48/921/2071 2114/921/2071 2262/909/2071
f 176/926/2071 47/925/2071 2113/925/2071 2242/926/2071
f 40/191/2072 46/190/2072 2112/190/2072 2106/191/2072
f 39/198/2072 45/197/2072 2111/197/2072 2105/198/2072
f 38/205/2072 44/204/2072 2110/204/2072 2104/205/2072
f 223/946/2073 43/945/2073 2109/945/2073 2289/946/2073
f 199/923/2073 42/904/2073 2108/904/2073 2265/923/2073
f 179/960/2073 41/959/2073 2107/959/2073 2245/960/2073
f 28/193/2074 34/192/2074 2100/192/2074 2094/193/2074
f 27/200/2074 33/199/2074 2099/199/2074 2093/200/2074
f 26/207/2074 32/206/2074 2098/206/2074 2092/207/2074
f 227/972/2075 31/971/2075 2097/971/2075 2293/972/2075
f 202/939/2075 30/977/2075 2096/977/2075 2268/939/2075
f 182/982/2075 29/981/2075 2095/981/2075 2248/982/2075
f 17/194/2076 28/193/2076 2094/193/2076 2083/194/2076
f 18/201/2076 27/200/2076 2093/200/2076 2084/201/2076
f 19/208/2076 26/207/2076 2092/207/2076 2085/208/2076
f 231/996/2077 25/995/2077 2091/995/2077 2297/996/2077
f 205/953/2077 24/930/2077 2090/930/2077 2271/953/2077
f 185/1002/2077 23/1001/2077 2089/1001/2077 2251/1002/2077
f 63/836/2078 1877/835/2078 3943/835/2078 2129/836/2078
f 9/874/2079 1775/873/2079 3841/873/2079 2075/874/2079
f 60/866/2080 1804/865/2080 3870/865/2080 2126/866/2080
f 34/192/2081 40/191/2081 2106/191/2081 2100/192/2081
f 33/199/2081 39/198/2081 2105/198/2081 2099/199/2081
f 32/206/2081 38/205/2081 2104/205/2081 2098/206/2081
f 31/1061/2082 235/1060/2082 2301/1060/2082 2097/1061/2082
f 30/1071/2083 207/1070/2083 2273/1070/2083 2096/1071/2083
f 29/1077/2084 187/1076/2084 2253/1076/2084 2095/1077/2084
f 68/361/2085 6/369/2085 2072/369/2085 2134/361/2085
f 69/168/2062 68/361/2062 2134/361/2062 2135/168/2062
f 10/353/2086 70/302/2086 2136/302/2086 2076/353/2086
f 70/302/2064 71/301/2064 2137/301/2064 2136/302/2064
f 82/367/2061 29/169/2061 2095/169/2061 2148/367/2061
f 83/152/2062 82/367/2062 2148/367/2062 2149/152/2062
f 35/327/2063 84/333/2063 2150/333/2063 2101/327/2063
f 84/333/2064 85/274/2064 2151/274/2064 2150/333/2064
f 96/145/2061 30/144/2061 2096/144/2061 2162/145/2061
f 97/5/2062 96/145/2062 2162/145/2062 2163/5/2062
f 36/273/2063 98/355/2063 2164/355/2063 2102/273/2063
f 98/355/2064 99/238/2064 2165/238/2064 2164/355/2064
f 110/1/2061 31/6/2061 2097/6/2061 2176/1/2061
f 111/2/2062 110/1/2062 2176/1/2062 2177/2/2062
f 37/237/2063 112/371/2063 2178/371/2063 2103/237/2063
f 112/371/2064 113/127/2064 2179/127/2064 2178/371/2064
f 124/148/2062 32/166/2062 2098/166/2062 2190/148/2062
f 125/149/2062 124/148/2062 2190/148/2062 2191/149/2062
f 38/126/2064 126/377/2064 2192/377/2064 2104/126/2064
f 126/377/2064 127/110/2064 2193/110/2064 2192/377/2064
f 138/162/2062 33/245/2062 2099/245/2062 2204/162/2062
f 139/163/2062 138/162/2062 2204/162/2062 2205/163/2062
f 39/18/2064 140/17/2064 2206/17/2064 2105/18/2064
f 140/17/2064 141/104/2064 2207/104/2064 2206/17/2064
f 150/265/2062 34/299/2062 2100/299/2062 2216/265/2062
f 151/261/2062 150/265/2062 2216/265/2062 2217/261/2062
f 40/22/2064 154/21/2064 2220/21/2064 2106/22/2064
f 154/21/2064 155/374/2064 2221/374/2064 2220/21/2064
f 62/840/2087 1800/839/2087 3866/839/2087 2128/840/2087
f 164/181/2088 1785/180/2088 3851/180/2088 2230/181/2088
f 166/878/2089 1792/877/2089 3858/877/2089 2232/878/2089
f 61/380/2090 1971/379/2090 4037/379/2090 2127/380/2090
f 165/870/2091 1975/869/2091 4041/869/2091 2231/870/2091
f 59/386/2092 1951/385/2092 4017/385/2092 2125/386/2092
f 167/844/2093 1955/843/2093 4021/843/2093 2233/844/2093
f 53/25/2094 168/1007/2094 2234/1007/2094 2119/25/2094
f 168/1007/2095 169/1011/2095 2235/1011/2095 2234/1007/2095
f 169/1011/2095 170/1014/2095 2236/1014/2095 2235/1011/2095
f 47/1021/2096 171/1020/2096 2237/1020/2096 2113/1021/2096
f 171/1020/2097 172/1030/2097 2238/1030/2097 2237/1020/2097
f 172/1030/2097 173/26/2097 2239/26/2097 2238/1030/2097
f 41/959/2098 174/1034/2098 2240/1034/2098 2107/959/2098
f 174/1034/2099 175/1038/2099 2241/1038/2099 2240/1034/2099
f 175/1038/2099 176/926/2099 2242/926/2099 2241/1038/2099
f 35/1051/2100 177/1050/2100 2243/1050/2100 2101/1051/2100
f 177/1050/2101 178/1054/2101 2244/1054/2101 2243/1050/2101
f 178/1054/2101 179/960/2101 2245/960/2101 2244/1054/2101
f 23/1001/2102 180/1066/2102 2246/1066/2102 2089/1001/2102
f 180/1066/2099 181/1074/2099 2247/1074/2099 2246/1066/2099
f 181/1074/2099 182/982/2099 2248/982/2099 2247/1074/2099
f 22/1085/2103 183/1084/2103 2249/1084/2103 2088/1085/2103
f 183/1084/2101 184/1088/2101 2250/1088/2101 2249/1084/2101
f 184/1088/2101 185/1002/2101 2251/1002/2101 2250/1088/2101
f 186/1099/2104 35/1098/2104 2101/1098/2104 2252/1099/2104
f 54/213/2094 188/1114/2094 2254/1114/2094 2120/213/2094
f 188/1114/2095 189/1116/2095 2255/1116/2095 2254/1114/2095
f 189/1116/2095 190/1109/2095 2256/1109/2095 2255/1116/2095
f 48/1122/2096 191/618/2096 2257/618/2096 2114/1122/2096
f 191/618/2097 192/210/2097 2258/210/2097 2257/618/2097
f 192/210/2097 193/209/2097 2259/209/2097 2258/210/2097
f 42/904/2098 194/903/2098 2260/903/2098 2108/904/2098
f 194/903/2099 195/907/2099 2261/907/2099 2260/903/2099
f 195/907/2099 196/909/2099 2262/909/2099 2261/907/2099
f 36/912/2100 197/911/2100 2263/911/2100 2102/912/2100
f 197/911/2101 198/919/2101 2264/919/2101 2263/911/2101
f 198/919/2101 199/923/2101 2265/923/2101 2264/919/2101
f 24/930/2102 200/929/2102 2266/929/2102 2090/930/2102
f 200/929/2099 201/937/2099 2267/937/2099 2266/929/2099
f 201/937/2099 202/939/2099 2268/939/2099 2267/937/2099
f 21/942/2103 203/941/2103 2269/941/2103 2087/942/2103
f 203/941/2101 204/949/2101 2270/949/2101 2269/941/2101
f 204/949/2101 205/953/2101 2271/953/2101 2270/949/2101
f 206/956/2104 36/955/2104 2102/955/2104 2272/956/2104
f 55/626/2094 208/967/2094 2274/967/2094 2121/626/2094
f 208/967/2095 209/975/2095 2275/975/2095 2274/967/2095
f 209/975/2095 210/979/2095 2276/979/2095 2275/975/2095
f 210/979/2095 211/985/2095 2277/985/2095 2276/979/2095
f 49/988/2096 212/987/2096 2278/987/2096 2115/988/2096
f 212/987/2097 213/991/2097 2279/991/2097 2278/987/2097
f 213/991/2097 214/993/2097 2280/993/2097 2279/991/2097
f 214/993/2097 215/627/2097 2281/627/2097 2280/993/2097
f 43/945/2098 216/999/2098 2282/999/2098 2109/945/2098
f 216/999/2099 217/1005/2099 2283/1005/2099 2282/999/2099
f 217/1005/2099 218/1009/2099 2284/1009/2099 2283/1005/2099
f 218/1009/2099 219/916/2099 2285/916/2099 2284/1009/2099
f 37/1017/2105 220/1016/2105 2286/1016/2105 2103/1017/2105
f 220/1016/2101 221/1028/2101 2287/1028/2101 2286/1016/2101
f 221/1028/2101 222/1032/2101 2288/1032/2101 2287/1028/2101
f 222/1032/2101 223/946/2101 2289/946/2101 2288/1032/2101
f 25/995/2102 224/1036/2102 2290/1036/2102 2091/995/2102
f 224/1036/2099 225/1046/2099 2291/1046/2099 2290/1036/2099
f 225/1046/2099 226/1048/2099 2292/1048/2099 2291/1046/2099
f 226/1048/2099 227/972/2099 2293/972/2099 2292/1048/2099
f 20/1057/2103 228/1056/2103 2294/1056/2103 2086/1057/2103
f 228/1056/2101 229/1064/2101 2295/1064/2101 2294/1056/2101
f 229/1064/2101 230/1068/2101 2296/1068/2101 2295/1064/2101
f 230/1068/2101 231/996/2101 2297/996/2101 2296/1068/2101
f 232/1081/2104 37/1080/2104 2103/1080/2104 2298/1081/2104
f 234/1095/2106 233/1094/2106 2299/1094/2106 2300/1095/2106
f 235/1060/2107 234/1095/2107 2300/1095/2107 2301/1060/2107
f 474/1103/2108 473/986/2108 2539/986/2108 2540/1103/2108
f 476/1111/2108 475/1110/2108 2541/1110/2108 2542/1111/2108
f 478/1113/2108 477/1015/2108 2543/1015/2108 2544/1113/2108
f 480/629/2109 479/628/2109 2545/628/2109 2546/629/2109
f 482/214/2109 481/212/2109 2547/212/2109 2548/214/2109
f 484/28/2109 483/27/2109 2549/27/2109 2550/28/2109
f 486/918/2110 485/917/2110 2551/917/2110 2552/918/2110
f 488/922/2111 487/910/2111 2553/910/2111 2554/922/2111
f 490/928/2111 489/927/2111 2555/927/2111 2556/928/2111
f 492/948/2112 491/947/2112 2557/947/2112 2558/948/2112
f 494/905/2112 493/924/2112 2559/924/2112 2560/905/2112
f 496/962/2112 495/961/2112 2561/961/2112 2562/962/2112
f 498/974/2113 497/973/2113 2563/973/2113 2564/974/2113
f 500/978/2113 499/940/2113 2565/940/2113 2566/978/2113
f 502/984/2113 501/983/2113 2567/983/2113 2568/984/2113
f 504/998/2114 503/997/2114 2569/997/2114 2570/998/2114
f 506/931/2114 505/954/2114 2571/954/2114 2572/931/2114
f 508/1004/2114 507/1003/2114 2573/1003/2114 2574/1004/2114
f 509/1063/2115 498/1062/2115 2564/1062/2115 2575/1063/2115
f 510/1073/2116 500/1072/2116 2566/1072/2116 2576/1073/2116
f 511/1079/2116 502/1078/2116 2568/1078/2116 2577/1079/2116
f 512/1008/2117 484/28/2117 2550/28/2117 2578/1008/2117
f 513/1012/2118 512/1008/2118 2578/1008/2118 2579/1012/2118
f 477/1015/2118 513/1012/2118 2579/1012/2118 2543/1015/2118
f 514/1023/2119 490/1022/2119 2556/1022/2119 2580/1023/2119
f 515/1031/2120 514/1023/2120 2580/1023/2120 2581/1031/2120
f 483/27/2120 515/1031/2120 2581/1031/2120 2549/27/2120
f 516/1035/2121 496/962/2121 2562/962/2121 2582/1035/2121
f 517/1039/2122 516/1035/2122 2582/1035/2122 2583/1039/2122
f 489/927/2122 517/1039/2122 2583/1039/2122 2555/927/2122
f 519/1053/2123 518/1052/2123 2584/1052/2123 2585/1053/2123
f 520/1055/2124 519/1053/2124 2585/1053/2124 2586/1055/2124
f 495/961/2124 520/1055/2124 2586/1055/2124 2561/961/2124
f 521/1067/2125 508/1004/2125 2574/1004/2125 2587/1067/2125
f 522/1075/2122 521/1067/2122 2587/1067/2122 2588/1075/2122
f 501/983/2122 522/1075/2122 2588/1075/2122 2567/983/2122
f 523/1087/2126 478/1086/2126 2544/1086/2126 2589/1087/2126
f 524/1089/2124 523/1087/2124 2589/1087/2124 2590/1089/2124
f 507/1003/2124 524/1089/2124 2590/1089/2124 2573/1003/2124
f 518/1101/2127 525/1100/2127 2591/1100/2127 2584/1101/2127
f 526/1115/2117 482/214/2117 2548/214/2117 2592/1115/2117
f 527/1117/2118 526/1115/2118 2592/1115/2118 2593/1117/2118
f 475/1110/2118 527/1117/2118 2593/1117/2118 2541/1110/2118
f 528/619/2119 488/1123/2119 2554/1123/2119 2594/619/2119
f 529/211/2120 528/619/2120 2594/619/2120 2595/211/2120
f 481/212/2120 529/211/2120 2595/211/2120 2547/212/2120
f 530/906/2121 494/905/2121 2560/905/2121 2596/906/2121
f 531/908/2122 530/906/2122 2596/906/2122 2597/908/2122
f 487/910/2122 531/908/2122 2597/908/2122 2553/910/2122
f 533/914/2123 532/913/2123 2598/913/2123 2599/914/2123
f 534/920/2124 533/914/2124 2599/914/2124 2600/920/2124
f 493/924/2124 534/920/2124 2600/920/2124 2559/924/2124
f 535/932/2125 506/931/2125 2572/931/2125 2601/932/2125
f 536/938/2122 535/932/2122 2601/932/2122 2602/938/2122
f 499/940/2122 536/938/2122 2602/938/2122 2565/940/2122
f 537/944/2126 476/943/2126 2542/943/2126 2603/944/2126
f 538/950/2124 537/944/2124 2603/944/2124 2604/950/2124
f 505/954/2124 538/950/2124 2604/950/2124 2571/954/2124
f 532/958/2127 539/957/2127 2605/957/2127 2598/958/2127
f 540/968/2117 480/629/2117 2546/629/2117 2606/968/2117
f 541/976/2118 540/968/2118 2606/968/2118 2607/976/2118
f 542/980/2118 541/976/2118 2607/976/2118 2608/980/2118
f 473/986/2118 542/980/2118 2608/980/2118 2539/986/2118
f 543/990/2119 486/989/2119 2552/989/2119 2609/990/2119
f 544/992/2120 543/990/2120 2609/990/2120 2610/992/2120
f 545/994/2120 544/992/2120 2610/992/2120 2611/994/2120
f 479/628/2120 545/994/2120 2611/994/2120 2545/628/2120
f 546/1000/2121 492/948/2121 2558/948/2121 2612/1000/2121
f 547/1006/2122 546/1000/2122 2612/1000/2122 2613/1006/2122
f 548/1010/2122 547/1006/2122 2613/1006/2122 2614/1010/2122
f 485/917/2122 548/1010/2122 2614/1010/2122 2551/917/2122
f 550/1019/2123 549/1018/2123 2615/1018/2123 2616/1019/2123
f 551/1029/2124 550/1019/2124 2616/1019/2124 2617/1029/2124
f 552/1033/2124 551/1029/2124 2617/1029/2124 2618/1033/2124
f 491/947/2124 552/1033/2124 2618/1033/2124 2557/947/2124
f 553/1037/2125 504/998/2125 2570/998/2125 2619/1037/2125
f 554/1047/2122 553/1037/2122 2619/1037/2122 2620/1047/2122
f 555/1049/2122 554/1047/2122 2620/1047/2122 2621/1049/2122
f 497/973/2122 555/1049/2122 2621/1049/2122 2563/973/2122
f 556/1059/2126 474/1058/2126 2540/1058/2126 2622/1059/2126
f 557/1065/2124 556/1059/2124 2622/1059/2124 2623/1065/2124
f 558/1069/2124 557/1065/2124 2623/1065/2124 2624/1069/2124
f 503/997/2124 558/1069/2124 2624/1069/2124 2569/997/2124
f 549/1083/2127 559/1082/2127 2625/1082/2127 2615/1083/2127
f 560/1097/2128 561/1096/2128 2627/1096/2128 2626/1097/2128
f 561/1096/2129 509/1063/2129 2575/1063/2129 2627/1096/2129
f 539/957/2130 206/956/2130 2272/956/2130 2605/957/2130
f 207/1070/2131 510/1073/2131 2576/1073/2131 2273/1070/2131
f 187/1076/2131 511/1079/2131 2577/1079/2131 2253/1076/2131
f 559/1082/2130 232/1081/2130 2298/1081/2130 2625/1082/2130
f 233/1094/2131 560/1097/2131 2626/1097/2131 2299/1094/2131
f 525/1100/2130 186/1099/2130 2252/1099/2130 2591/1100/2130
f 1063/885/8 580/885/8 2646/885/8 3129/885/8
f 1091/885/8 579/885/8 2645/885/8 3157/885/8
f 582/885/276 581/885/276 2647/885/276 2648/885/276
f 583/885/276 582/885/276 2648/885/276 2649/885/276
f 1207/885/276 583/885/276 2649/885/276 3273/885/276
f 1179/885/276 584/885/276 2650/885/276 3245/885/276
f 1151/885/8 585/885/8 2651/885/8 3217/885/8
f 1119/885/8 586/885/8 2652/885/8 3185/885/8
f 606/1153/2132 605/1152/2132 2671/1152/2132 2672/1153/2132
f 607/1154/2064 606/1153/2064 2672/1153/2064 2673/1154/2064
f 608/1155/2133 607/1154/2133 2673/1154/2133 2674/1155/2133
f 609/1156/2134 608/1155/2134 2674/1155/2134 2675/1156/2134
f 610/1157/2135 609/1156/2135 2675/1156/2135 2676/1157/2135
f 611/1158/2136 610/1157/2136 2676/1157/2136 2677/1158/2136
f 612/1159/2137 611/1158/2137 2677/1158/2137 2678/1159/2137
f 613/1160/2062 612/1159/2062 2678/1159/2062 2679/1160/2062
f 614/1161/2138 613/1160/2138 2679/1160/2138 2680/1161/2138
f 615/1162/2139 614/1161/2139 2680/1161/2139 2681/1162/2139
f 616/1163/2140 615/1162/2140 2681/1162/2140 2682/1163/2140
f 605/1152/2141 616/1163/2141 2682/1163/2141 2671/1152/2141
f 618/1165/2132 617/1164/2132 2683/1164/2132 2684/1165/2132
f 619/1166/2064 618/1165/2064 2684/1165/2064 2685/1166/2064
f 620/1167/2133 619/1166/2133 2685/1166/2133 2686/1167/2133
f 621/1168/2142 620/1167/2142 2686/1167/2142 2687/1168/2142
f 621/885/827 622/885/827 2688/885/827 2687/885/827
f 623/1169/2143 621/1168/2143 2687/1168/2143 2689/1169/2143
f 624/1170/2136 623/1169/2136 2689/1169/2136 2690/1170/2136
f 625/1171/2137 624/1170/2137 2690/1170/2137 2691/1171/2137
f 626/1172/2062 625/1171/2062 2691/1171/2062 2692/1172/2062
f 627/1173/2138 626/1172/2138 2692/1172/2138 2693/1173/2138
f 628/1174/2139 627/1173/2139 2693/1173/2139 2694/1174/2139
f 629/1175/2140 628/1174/2140 2694/1174/2140 2695/1175/2140
f 617/1164/2141 629/1175/2141 2695/1175/2141 2683/1164/2141
f 579/885/8 1060/885/8 3126/885/8 2645/885/8
f 1060/885/8 1061/885/8 3127/885/8 3126/885/8
f 1061/885/8 1062/885/8 3128/885/8 3127/885/8
f 1062/885/8 1063/885/8 3129/885/8 3128/885/8
f 581/885/8 1088/885/8 3154/885/8 2647/885/8
f 1088/885/8 1089/885/8 3155/885/8 3154/885/8
f 1089/885/8 1090/885/8 3156/885/8 3155/885/8
f 1090/885/8 1091/885/8 3157/885/8 3156/885/8
f 580/885/8 1116/885/8 3182/885/8 2646/885/8
f 1116/885/8 1117/885/8 3183/885/8 3182/885/8
f 1117/885/8 1118/885/8 3184/885/8 3183/885/8
f 1118/885/8 1119/885/8 3185/885/8 3184/885/8
f 586/885/8 1148/885/8 3214/885/8 2652/885/8
f 1148/885/8 1149/885/8 3215/885/8 3214/885/8
f 1149/885/8 1150/885/8 3216/885/8 3215/885/8
f 1150/885/8 1151/885/8 3217/885/8 3216/885/8
f 585/885/276 1176/885/276 3242/885/276 2651/885/276
f 1176/885/276 1177/885/276 3243/885/276 3242/885/276
f 1177/885/276 1178/885/276 3244/885/276 3243/885/276
f 1178/885/276 1179/885/276 3245/885/276 3244/885/276
f 584/885/276 1204/885/276 3270/885/276 2650/885/276
f 1204/885/276 1205/885/276 3271/885/276 3270/885/276
f 1205/885/276 1206/885/276 3272/885/276 3271/885/276
f 1206/885/276 1207/885/276 3273/885/276 3272/885/276
f 651/1909/2144 650/1908/2144 2716/1908/2144 2717/1909/2144
f 764/2011/2145 763/2010/2145 2829/2010/2145 2830/2011/2145
f 1441/1748/213 1444/1747/213 3510/1747/213 3507/1748/213
f 1443/2136/213 1441/1748/213 3507/1748/213 3509/2136/213
f 1445/2142/213 1443/2136/213 3509/2136/213 3511/2142/213
f 1446/2134/213 1440/2133/213 3506/2133/213 3512/2134/213
f 1440/2133/213 1442/1740/213 3508/1740/213 3506/2133/213
f 1442/1740/213 1447/1739/213 3513/1739/213 3508/1740/213
f 1444/2140/213 1446/2139/213 3512/2139/213 3510/2140/213
f 1447/1744/213 1445/1743/213 3511/1743/213 3513/1744/213
f 1457/2168/213 1460/2167/213 3526/2167/213 3523/2168/213
f 1459/2171/213 1457/2168/213 3523/2168/213 3525/2171/213
f 1461/2175/213 1459/2171/213 3525/2171/213 3527/2175/213
f 1462/2180/213 1456/2179/213 3522/2179/213 3528/2180/213
f 1456/2179/213 1458/2150/213 3524/2150/213 3522/2179/213
f 1458/2150/213 1463/2149/213 3529/2149/213 3524/2150/213
f 1460/1695/213 1462/1694/213 3528/1694/213 3526/1695/213
f 1463/2164/213 1461/2163/213 3527/2163/213 3529/2164/213
f 1465/1688/213 1468/1691/213 3534/1691/213 3531/1688/213
f 1467/1689/213 1465/1688/213 3531/1688/213 3533/1689/213
f 1469/2169/213 1467/1689/213 3533/1689/213 3535/2169/213
f 1470/2173/213 1464/2172/213 3530/2172/213 3536/2173/213
f 1464/2172/213 1466/2176/213 3532/2176/213 3530/2172/213
f 1466/2176/213 1471/2181/213 3537/2181/213 3532/2176/213
f 1468/2152/213 1470/2151/213 3536/2151/213 3534/2152/213
f 1471/2146/213 1469/2145/213 3535/2145/213 3537/2146/213
f 1475/2184/213 1473/2183/213 3539/2183/213 3541/2184/213
f 1477/2189/213 1475/2184/213 3541/2184/213 3543/2189/213
f 1478/1227/213 1472/1226/213 3538/1226/213 3544/1227/213
f 1472/1226/213 1474/1231/213 3540/1231/213 3538/1226/213
f 1474/1231/213 1479/1230/213 3545/1230/213 3540/1231/213
f 1476/2188/213 1478/2187/213 3544/2187/213 3542/2188/213
f 1479/1235/213 1477/1234/213 3543/1234/213 3545/1235/213
f 1473/2183/640 651/2182/640 2717/2182/640 3539/2183/640
f 650/2185/276 1476/2188/276 3542/2188/276 2716/2185/276
f 1481/1213/213 1484/1212/213 3550/1212/213 3547/1213/213
f 1483/1216/213 1481/1213/213 3547/1213/213 3549/1216/213
f 1485/1217/213 1483/1216/213 3549/1216/213 3551/1217/213
f 1486/2197/213 1480/2196/213 3546/2196/213 3552/2197/213
f 1480/2196/213 1482/2193/213 3548/2193/213 3546/2196/213
f 1482/2193/213 1487/2192/213 3553/2192/213 3548/2193/213
f 1484/2201/213 1486/2200/213 3552/2200/213 3550/2201/213
f 1487/1209/213 1485/1208/213 3551/1208/213 3553/1209/213
f 1489/2205/213 1492/2204/213 3558/2204/213 3555/2205/213
f 1491/1189/213 1489/2205/213 3555/2205/213 3557/1189/213
f 1493/1190/213 1491/1189/213 3557/1189/213 3559/1190/213
f 1494/2204/213 1488/1194/213 3554/1194/213 3560/2204/213
f 1488/1194/213 1490/1193/213 3556/1193/213 3554/1194/213
f 1490/1193/213 1495/2211/213 3561/2211/213 3556/1193/213
f 1492/1198/213 1494/1197/213 3560/1197/213 3558/1198/213
f 1495/2209/213 1493/2208/213 3559/2208/213 3561/2209/213
f 1520/2222/228 1523/2221/228 3589/2221/228 3586/2222/228
f 1522/2234/228 1520/2222/228 3586/2222/228 3588/2234/228
f 1524/2244/228 1522/2234/228 3588/2234/228 3590/2244/228
f 1525/2260/228 1519/2259/228 3585/2259/228 3591/2260/228
f 1519/2259/228 1521/2270/228 3587/2270/228 3585/2259/228
f 1521/2270/228 1526/2276/228 3592/2276/228 3587/2270/228
f 1523/2292/228 1525/2291/228 3591/2291/228 3589/2292/228
f 1526/2304/228 1524/2303/228 3590/2303/228 3592/2304/228
f 1512/2252/228 1527/2251/228 3593/2251/228 3578/2252/228
f 1514/2264/228 1512/2252/228 3578/2252/228 3580/2264/228
f 1528/2274/228 1514/2264/228 3580/2264/228 3594/2274/228
f 1529/2288/228 1511/2287/228 3577/2287/228 3595/2288/228
f 1511/2287/228 1513/2300/228 3579/2300/228 3577/2287/228
f 1513/2300/228 1530/2308/228 3596/2308/228 3579/2300/228
f 1527/1709/228 1529/1708/228 3595/1708/228 3593/1709/228
f 1530/1684/228 1528/1683/228 3594/1683/228 3596/1684/228
f 1516/2280/228 1531/2279/228 3597/2279/228 3582/2280/228
f 1518/2294/228 1516/2280/228 3582/2280/228 3584/2294/228
f 1532/2306/228 1518/2294/228 3584/2294/228 3598/2306/228
f 1533/1975/228 1515/1686/228 3581/1686/228 3599/1975/228
f 1515/1686/228 1517/1615/228 3583/1615/228 3581/1686/228
f 1517/1615/228 1534/1614/228 3600/1614/228 3583/1615/228
f 1531/1310/228 1533/1309/228 3599/1309/228 3597/1310/228
f 1534/1294/228 1532/1293/228 3598/1293/228 3600/1294/228
f 1508/1705/228 1535/1977/228 3601/1977/228 3574/1705/228
f 1510/1679/228 1508/1705/228 3574/1705/228 3576/1679/228
f 1536/1680/228 1510/1679/228 3576/1679/228 3602/1680/228
f 1537/1312/228 1507/1296/228 3573/1296/228 3603/1312/228
f 1507/1296/228 1509/1276/228 3575/1276/228 3573/1296/228
f 1509/1276/228 1538/1275/228 3604/1275/228 3575/1276/228
f 1535/2226/228 1537/2225/228 3603/2225/228 3601/2226/228
f 1538/2238/228 1536/2237/228 3602/2237/228 3604/2238/228
f 1504/1306/228 1539/1611/228 3605/1611/228 3570/1306/228
f 1506/1289/228 1504/1306/228 3570/1306/228 3572/1289/228
f 1540/1290/228 1506/1289/228 3572/1289/228 3606/1290/228
f 1541/1268/228 1503/1267/228 3569/1267/228 3607/1268/228
f 1503/1267/228 1505/2228/228 3571/2228/228 3569/1267/228
f 1505/2228/228 1542/2240/228 3608/2240/228 3571/2228/228
f 1539/2256/228 1541/2255/228 3607/2255/228 3605/2256/228
f 1542/2268/228 1540/2267/228 3606/2267/228 3608/2268/228
f 1500/1272/2146 1543/1271/2146 3609/1271/2146 3566/1272/2146
f 1502/2214/2147 1500/2213/2147 3566/2213/2147 3568/2214/2147
f 1544/2217/2148 1502/2214/2148 3568/2214/2148 3610/2217/2148
f 1545/2248/228 1499/2247/228 3565/2247/228 3611/2248/228
f 1499/2247/228 1501/2262/228 3567/2262/228 3565/2247/228
f 1501/2262/228 1546/2272/228 3612/2272/228 3567/2262/228
f 1543/2284/228 1545/2283/228 3611/2283/228 3609/2284/228
f 1546/2298/2149 1544/2297/2149 3610/2297/2149 3612/2298/2149
f 1561/2334/246 1564/2333/246 3630/2333/246 3627/2334/246
f 1563/2344/246 1561/2334/246 3627/2334/246 3629/2344/246
f 1565/2354/246 1563/2344/246 3629/2344/246 3631/2354/246
f 1566/2366/246 1560/2365/246 3626/2365/246 3632/2366/246
f 1560/2365/246 1562/2370/246 3628/2370/246 3626/2365/246
f 1562/2370/246 1567/2374/246 3633/2374/246 3628/2370/246
f 1564/1776/246 1566/1775/246 3632/1775/246 3630/1776/246
f 1567/1770/246 1565/1769/246 3631/1769/246 3633/1770/246
f 1557/2362/246 1568/2361/246 3634/2361/246 3623/2362/246
f 1559/2368/246 1557/2362/246 3623/2362/246 3625/2368/246
f 1569/2372/246 1559/2368/246 3625/2368/246 3635/2372/246
f 1570/2002/246 1556/1772/246 3622/1772/246 3636/2002/246
f 1556/1772/246 1558/1672/246 3624/1672/246 3622/1772/246
f 1558/1672/246 1571/1671/246 3637/1671/246 3624/1672/246
f 1568/1367/246 1570/1366/246 3636/1366/246 3634/1367/246
f 1571/1353/246 1569/1352/246 3635/1352/246 3637/1353/246
f 1553/2378/2150 1572/2377/2150 3638/2377/2150 3619/2378/2150
f 1555/2310/2151 1553/2309/2151 3619/2309/2151 3621/2310/2151
f 1573/1676/2150 1555/1675/2150 3621/1675/2150 3639/1676/2150
f 1574/1369/246 1552/1357/246 3618/1357/246 3640/1369/246
f 1552/1357/246 1554/1356/246 3620/1356/246 3618/1357/246
f 1554/1356/246 1575/2314/246 3641/2314/246 3620/1356/246
f 1572/2322/246 1574/2321/246 3640/2321/246 3638/2322/246
f 1575/2328/246 1573/2327/246 3639/2327/246 3641/2328/246
f 1549/1668/246 1576/1667/246 3642/1667/246 3615/1668/246
f 1577/1349/246 1551/1348/246 3617/1348/246 3643/1349/246
f 1578/2318/246 1548/2317/246 3614/2317/246 3644/2318/246
f 1548/2317/246 1550/2324/246 3616/2324/246 3614/2317/246
f 1550/2324/246 1579/2330/246 3645/2330/246 3616/2324/246
f 1576/2338/246 1578/2337/246 3644/2337/246 3642/2338/246
f 1579/2348/246 1577/2347/246 3643/2347/246 3645/2348/246
f 763/1665/273 1549/1668/273 3615/1668/273 2829/1665/273
f 1551/1348/213 764/1347/213 2830/1347/213 3617/1348/213
f 1593/1400/260 1596/1399/260 3662/1399/260 3659/1400/260
f 1595/2384/260 1593/1400/260 3659/1400/260 3661/2384/260
f 1597/2390/260 1595/2384/260 3661/2384/260 3663/2390/260
f 1598/2398/260 1592/2397/260 3658/2397/260 3664/2398/260
f 1592/2397/260 1594/2402/260 3660/2402/260 3658/2397/260
f 1594/2402/260 1599/2406/260 3665/2406/260 3660/2402/260
f 1596/2418/260 1598/2417/260 3664/2417/260 3662/2418/260
f 1599/2426/260 1597/2425/260 3663/2425/260 3665/2426/260
f 1589/2394/260 1600/2393/260 3666/2393/260 3655/2394/260
f 1591/2400/260 1589/2394/260 3655/2394/260 3657/2400/260
f 1601/2404/260 1591/2400/260 3657/2400/260 3667/2404/260
f 1602/2414/260 1588/2413/260 3654/2413/260 3668/2414/260
f 1588/2413/260 1590/2422/260 3656/2422/260 3654/2413/260
f 1590/2422/260 1603/2430/260 3669/2430/260 3656/2422/260
f 1600/1664/260 1602/1663/260 3668/1663/260 3666/1664/260
f 1603/1446/260 1601/1445/260 3667/1445/260 3669/1446/260
f 1585/2410/260 1604/2409/260 3670/2409/260 3651/2410/260
f 1587/2420/260 1585/2410/260 3651/2410/260 3653/2420/260
f 1605/2428/260 1587/2420/260 3653/2420/260 3671/2428/260
f 1606/2434/260 1584/1658/260 3650/1658/260 3672/2434/260
f 1584/1658/260 1586/1438/260 3652/1438/260 3650/1658/260
f 1586/1438/260 1607/1437/260 3673/1437/260 3652/1438/260
f 1604/1424/260 1606/1423/260 3672/1423/260 3670/1424/260
f 1607/1408/260 1605/1407/260 3671/1407/260 3673/1408/260
f 1581/1660/260 1608/2432/260 3674/2432/260 3647/1660/260
f 1583/1441/260 1581/1660/260 3647/1660/260 3649/1441/260
f 1609/1442/260 1583/1441/260 3649/1441/260 3675/1442/260
f 1610/1426/260 1580/1420/260 3646/1420/260 3676/1426/260
f 1580/1420/260 1582/1404/260 3648/1404/260 3646/1420/260
f 1582/1404/260 1611/1403/260 3677/1403/260 3648/1404/260
f 1608/2382/260 1610/2381/260 3676/2381/260 3674/2382/260
f 1611/2388/260 1609/2387/260 3675/2387/260 3677/2388/260
f 1633/1642/273 1636/1648/273 3702/1648/273 3699/1642/273
f 1635/1508/273 1633/1642/273 3699/1642/273 3701/1508/273
f 1637/1509/273 1635/1508/273 3701/1508/273 3703/1509/273
f 1638/1493/273 1632/1478/273 3698/1478/273 3704/1493/273
f 1632/1478/273 1634/1477/273 3700/1477/273 3698/1478/273
f 1634/1477/273 1639/2445/273 3705/2445/273 3700/1477/273
f 1636/2463/273 1638/2462/273 3704/2462/273 3702/2463/273
f 1639/2471/273 1637/2470/273 3703/2470/273 3705/2471/273
f 1629/1481/273 1640/1495/273 3706/1495/273 3695/1481/273
f 1631/1482/273 1629/1481/273 3695/1481/273 3697/1482/273
f 1641/2159/273 1631/1482/273 3697/1482/273 3707/2159/273
f 1642/2459/273 1628/2458/273 3694/2458/273 3708/2459/273
f 1628/2458/273 1630/2467/273 3696/2467/273 3694/2458/273
f 1630/2467/273 1643/2475/273 3709/2475/273 3696/2467/273
f 1640/2492/273 1642/2491/273 3708/2491/273 3706/2492/273
f 1643/2502/273 1641/2501/273 3707/2501/273 3709/2502/273
f 1625/2449/273 1644/2448/273 3710/2448/273 3691/2449/273
f 1627/2465/273 1625/2449/273 3691/2449/273 3693/2465/273
f 1645/2473/273 1627/2465/273 3693/2465/273 3711/2473/273
f 1646/2486/273 1624/2485/273 3690/2485/273 3712/2486/273
f 1624/2485/273 1626/2496/273 3692/2496/273 3690/2485/273
f 1626/2496/273 1647/2506/273 3713/2506/273 3692/2496/273
f 1644/2512/273 1646/2511/273 3712/2511/273 3710/2512/273
f 1647/1840/273 1645/1839/273 3711/1839/273 3713/1840/273
f 1621/2483/273 1648/2482/273 3714/2482/273 3687/2483/273
f 1623/2494/273 1621/2483/273 3687/2483/273 3689/2494/273
f 1649/2504/273 1623/2494/273 3689/2494/273 3715/2504/273
f 1650/2508/273 1620/1842/273 3686/1842/273 3716/2508/273
f 1620/1842/273 1622/1836/273 3688/1836/273 3686/1842/273
f 1622/1836/273 1651/1835/273 3717/1835/273 3688/1836/273
f 1648/1646/273 1650/1645/273 3716/1645/273 3714/1646/273
f 1651/1513/273 1649/1512/273 3715/1512/273 3717/1513/273
f 1675/2119/296 1674/2625/296 3740/2625/296 3741/2119/296
f 1676/2102/296 1675/2119/296 3741/2119/296 3742/2102/296
f 1677/2103/296 1676/2102/296 3742/2102/296 3743/2103/296
f 1678/1863/296 1679/1650/296 3745/1650/296 3744/1863/296
f 1679/1650/296 1680/1592/296 3746/1592/296 3745/1650/296
f 1680/1592/296 1681/1591/296 3747/1591/296 3746/1592/296
f 1674/1586/296 1678/1585/296 3744/1585/296 3740/1586/296
f 1681/2532/296 1677/2531/296 3743/2531/296 3747/2532/296
f 1671/1656/296 1686/1869/296 3752/1869/296 3737/1656/296
f 1673/1634/296 1671/1656/296 3737/1656/296 3739/1634/296
f 1687/1635/296 1673/1634/296 3739/1634/296 3753/1635/296
f 1688/1588/296 1670/1574/296 3736/1574/296 3754/1588/296
f 1670/1574/296 1672/1568/296 3738/1568/296 3736/1574/296
f 1672/1568/296 1689/1567/296 3755/1567/296 3738/1568/296
f 1686/1546/296 1688/1545/296 3754/1545/296 3752/1546/296
f 1689/2538/296 1687/2537/296 3753/2537/296 3755/2538/296
f 1683/2583/296 1690/2582/296 3756/2582/296 3749/2583/296
f 1685/2591/296 1683/2583/296 3749/2583/296 3751/2591/296
f 1691/2597/296 1685/2591/296 3751/2591/296 3757/2597/296
f 1692/2605/296 1682/2604/296 3748/2604/296 3758/2605/296
f 1682/2604/296 1684/2607/296 3750/2607/296 3748/2604/296
f 1684/2607/296 1693/2613/296 3759/2613/296 3750/2607/296
f 1690/2621/296 1692/2620/296 3758/2620/296 3756/2621/296
f 1693/2629/296 1691/2628/296 3757/2628/296 3759/2629/296
f 1667/1550/296 1694/1549/296 3760/1549/296 3733/1550/296
f 1669/2534/2152 1667/1550/2152 3733/1550/2152 3735/2534/2152
f 1695/2514/2153 1669/2513/2153 3735/2513/2153 3761/2514/2153
f 1696/2546/296 1666/2545/296 3732/2545/296 3762/2546/296
f 1666/2545/296 1668/2552/296 3734/2552/296 3732/2545/296
f 1668/2552/296 1697/2554/296 3763/2554/296 3734/2552/296
f 1694/2561/296 1696/281/296 3762/281/296 3760/2561/296
f 1697/2567/2154 1695/2566/2154 3761/2566/2154 3763/2567/2154
f 1663/2617/296 1698/2616/296 3764/2616/296 3729/2617/296
f 1665/2623/2152 1663/2617/2152 3729/2617/2152 3731/2623/2152
f 1699/2518/2153 1665/2517/2153 3731/2517/2153 3765/2518/2153
f 1700/2115/2155 1662/2114/2155 3728/2114/2155 3766/2115/2155
f 1662/2522/2156 1664/2521/2156 3730/2521/2156 3728/2522/2156
f 1664/1867/2155 1701/1866/2155 3767/1866/2155 3730/1867/2155
f 1698/1654/296 1700/1653/296 3766/1653/296 3764/1654/296
f 1701/1631/2154 1699/1630/2154 3765/1630/2154 3767/1631/2154
f 1659/2558/296 1702/2557/296 3768/2557/296 3725/2558/296
f 1661/2563/296 1659/2558/296 3725/2558/296 3727/2563/296
f 1703/2569/296 1661/2563/296 3727/2563/296 3769/2569/296
f 1704/2573/296 1658/2572/296 3724/2572/296 3770/2573/296
f 1658/2572/296 1660/2575/296 3726/2575/296 3724/2572/296
f 1660/2575/296 1705/2585/296 3771/2585/296 3726/2575/296
f 1702/2595/296 1704/2594/296 3770/2594/296 3768/2595/296
f 1705/2601/296 1703/2600/296 3769/2600/296 3771/2601/296
f 1709/2634/2157 1707/2688/2157 3773/2688/2157 3775/2634/2157
f 1711/2635/2158 1709/2634/2158 3775/2634/2158 3777/2635/2158
f 1713/2712/2159 1711/2737/2159 3777/2737/2159 3779/2712/2159
f 1715/2713/2160 1713/2712/2160 3779/2712/2160 3781/2713/2160
f 1717/2674/2161 1715/2751/2161 3781/2751/2161 3783/2674/2161
f 1719/2675/2162 1717/2674/2162 3783/2674/2162 3785/2675/2162
f 1721/2656/2163 1719/2772/2163 3785/2772/2163 3787/2656/2163
f 1707/2657/2164 1721/2656/2164 3787/2656/2164 3773/2657/2164
f 1772/2819/2165 5/2818/2165 2071/2818/2165 3838/2819/2165
f 1773/2823/2078 1827/2822/2078 3893/2822/2078 3839/2823/2078
f 1774/2791/2090 1883/2790/2090 3949/2790/2090 3840/2791/2090
f 1775/873/2090 1829/2794/2090 3895/2794/2090 3841/873/2090
f 1785/180/2166 167/2848/2166 2233/2848/2166 3851/180/2166
f 1792/877/2167 1989/2858/2167 4055/2858/2167 3858/877/2167
f 1800/839/2168 59/2876/2168 2125/2876/2168 3866/839/2168
f 1804/865/2169 62/882/2169 2128/882/2169 3870/865/2169
f 1811/2886/296 1810/2885/296 3876/2885/296 3877/2886/296
f 1812/2887/273 1811/2886/273 3877/2886/273 3878/2887/273
f 1813/2888/260 1812/2887/260 3878/2887/260 3879/2888/260
f 1814/2889/246 1813/2888/246 3879/2888/246 3880/2889/246
f 1815/2890/228 1814/2889/228 3880/2889/228 3881/2890/228
f 1816/2891/213 1815/2890/213 3881/2890/213 3882/2891/213
f 1817/2892/1286 1816/2891/1286 3882/2891/1286 3883/2892/1286
f 1810/2885/640 1817/2892/640 3883/2892/640 3876/2885/640
f 1819/885/2170 1818/885/2170 3884/885/2170 3885/885/2170
f 622/885/185 1819/885/185 3885/885/185 2688/885/185
f 1818/885/8 621/885/8 2687/885/8 3884/885/8
f 1826/2916/2078 1772/2819/2078 3838/2819/2078 3892/2916/2078
f 1827/2822/2078 1826/2916/2078 3892/2916/2078 3893/2822/2078
f 1828/2927/2090 1774/2791/2090 3840/2791/2090 3894/2927/2090
f 1829/2794/2090 1828/2927/2090 3894/2927/2090 3895/2794/2090
f 1876/2992/2078 1773/2823/2078 3839/2823/2078 3942/2992/2078
f 1877/835/2078 1876/2992/2078 3942/2992/2078 3943/835/2078
f 1882/2982/2090 61/380/2090 2127/380/2090 3948/2982/2090
f 1883/2790/2090 1882/2982/2090 3948/2982/2090 3949/2790/2090
f 1911/3076/2171 1910/3075/2171 3976/3075/2171 3977/3076/2171
f 1909/2976/2172 1912/2996/2172 3978/2996/2172 3975/2976/2172
f 1913/2977/2173 1909/2976/2173 3975/2976/2173 3979/2977/2173
f 1912/2845/2174 1914/2844/2174 3980/2844/2174 3978/2845/2174
f 1915/3022/2175 1913/3021/2175 3979/3021/2175 3981/3022/2175
f 1914/3032/2176 1908/3031/2176 3974/3031/2176 3980/3032/2176
f 1908/3031/2177 1915/3042/2177 3981/3042/2177 3974/3031/2177
f 1910/2913/2178 1918/3028/2178 3984/3028/2178 3976/2913/2178
f 1918/3040/2179 1919/3039/2179 3985/3039/2179 3984/3040/2179
f 1919/3050/2180 1911/2921/2180 3977/2921/2180 3985/3050/2180
f 1922/2907/2181 1923/2906/2181 3989/2906/2181 3988/2907/2181
f 1925/2841/2182 1924/2840/2182 3990/2840/2182 3991/2841/2182
f 1921/3026/2183 1922/3025/2183 3988/3025/2183 3987/3026/2183
f 1923/3036/2184 1920/3035/2184 3986/3035/2184 3989/3036/2184
f 1924/3044/2185 1921/3026/2185 3987/3026/2185 3990/3044/2185
f 1920/3035/2186 1925/3048/2186 3991/3048/2186 3986/3035/2186
f 1928/3082/2187 1930/3081/2187 3996/3081/2187 3994/3082/2187
f 1931/3165/2188 2005/3086/2188 4071/3086/2188 3997/3165/2188
f 1932/3098/2189 1931/3097/2189 3997/3097/2189 3998/3098/2189
f 1930/2967/2190 1933/2966/2190 3999/2966/2190 3996/2967/2190
f 1933/2803/2191 1929/2802/2191 3995/2802/2191 3999/2803/2191
f 2006/3060/2192 1932/3059/2192 3998/3059/2192 4072/3060/2192
f 1934/3090/2193 1927/3089/2193 3993/3089/2193 4000/3090/2193
f 2007/2990/2194 1935/2989/2194 4001/2989/2194 4073/2990/2194
f 1935/2884/2195 1936/2883/2195 4002/2883/2195 4001/2884/2195
f 1937/3056/2196 1934/3055/2196 4000/3055/2196 4003/3056/2196
f 1926/3066/2197 1937/3065/2197 4003/3065/2197 3992/3066/2197
f 1936/3167/2198 2008/3072/2198 4074/3072/2198 4002/3167/2198
f 1941/3094/2199 1940/3093/2199 4006/3093/2199 4007/3094/2199
f 1942/3014/2200 1943/3013/2200 4009/3013/2200 4008/3014/2200
f 1938/2896/2201 1942/2895/2201 4008/2895/2201 4004/2896/2201
f 1943/3013/2202 1939/3052/2202 4005/3052/2202 4009/3013/2202
f 1940/3171/2203 2009/3062/2203 4075/3062/2203 4006/3171/2203
f 2010/3070/2204 1941/3069/2204 4007/3069/2204 4076/3070/2204
f 1944/3078/2205 1945/3077/2205 4011/3077/2205 4010/3078/2205
f 1946/3074/2206 1944/3073/2206 4010/3073/2206 4012/3074/2206
f 1947/3084/2207 1946/3083/2207 4012/3083/2207 4013/3084/2207
f 1945/2924/2208 1947/2923/2208 4013/2923/2208 4011/2924/2208
f 1948/3123/2209 164/3122/2209 2230/3122/2209 4014/3123/2209
f 1949/3126/2210 1948/3123/2210 4014/3123/2210 4015/3126/2210
f 1950/3128/2211 1949/3126/2211 4015/3126/2211 4016/3128/2211
f 1951/385/2092 1950/3128/2092 4016/3128/2092 4017/385/2092
f 1952/3113/2078 63/836/2078 2129/836/2078 4018/3113/2078
f 1953/3115/2078 1952/3113/2078 4018/3113/2078 4019/3115/2078
f 1954/3117/2078 1953/3115/2078 4019/3115/2078 4020/3117/2078
f 1955/843/2078 1954/3117/2078 4020/3117/2078 4021/843/2078
f 1968/3153/2212 166/3152/2212 2232/3152/2212 4034/3153/2212
f 1969/3156/2090 1968/3153/2090 4034/3153/2090 4035/3156/2090
f 1970/3158/2090 1969/3156/2090 4035/3156/2090 4036/3158/2090
f 1971/379/2090 1970/3158/2090 4036/3158/2090 4037/379/2090
f 1972/3136/2213 60/866/2213 2126/866/2213 4038/3136/2213
f 1973/3138/2214 1972/3136/2214 4038/3136/2214 4039/3138/2214
f 1974/3140/2214 1973/3138/2214 4039/3138/2214 4040/3140/2214
f 1975/869/2214 1974/3140/2214 4040/3140/2214 4041/869/2214
f 1989/2858/2215 165/3172/2215 2231/3172/2215 4055/2858/2215
f 2005/3086/2216 1928/3082/2216 3994/3082/2216 4071/3086/2216
f 1929/2802/2217 2006/3060/2217 4072/3060/2217 3995/2802/2217
f 1927/3089/2218 2007/2990/2218 4073/2990/2218 3993/3089/2218
f 2008/3072/2219 1926/3066/2219 3992/3066/2219 4074/3072/2219
f 2009/3062/2220 1938/2896/2220 4004/2896/2220 4075/3062/2220
f 1939/3169/2221 2010/3070/2221 4076/3070/2221 4005/3169/2221
f 2041/3209/2222 2042/3208/2222 4108/3208/2222 4107/3209/2222
f 2044/3217/2223 2043/3216/2223 4109/3216/2223 4110/3217/2223
f 2043/3149/2224 2039/3148/2224 4105/3148/2224 4109/3149/2224
f 2040/3188/2225 2044/3201/2225 4110/3201/2225 4106/3188/2225
f 2039/3148/2226 2041/3211/2226 4107/3211/2226 4105/3148/2226
f 2042/3189/2227 2040/3188/2227 4106/3188/2227 4108/3189/2227
f 2047/3191/2228 2045/3163/2228 4111/3163/2228 4113/3191/2228
f 2048/3195/2229 2049/3194/2229 4115/3194/2229 4114/3195/2229
f 2050/3205/2230 2047/3204/2230 4113/3204/2230 4116/3205/2230
f 2046/3198/2231 2050/3213/2231 4116/3213/2231 4112/3198/2231
f 2045/3163/2232 2048/3162/2232 4114/3162/2232 4111/3163/2232
f 2049/3199/2233 2046/3198/2233 4112/3198/2233 4115/3199/2233
f 2060/3241/2234 2059/3240/2234 4125/3240/2234 4126/3241/2234
f 2061/3102/2235 2060/3101/2235 4126/3101/2235 4127/3102/2235
f 2062/3237/2236 2063/3236/2236 4129/3236/2236 4128/3237/2236
f 2059/3110/2237 2064/3109/2237 4130/3109/2237 4125/3110/2237
f 2065/3233/2238 2066/3232/2238 4132/3232/2238 4131/3233/2238
f 2064/3249/2239 2061/3248/2239 4127/3248/2239 4130/3249/2239
f 2063/3229/2240 2065/3228/2240 4131/3228/2240 4129/3229/2240
f 2066/3245/2241 2062/3244/2241 4128/3244/2241 4132/3245/2241
